Brand=["KovaScape"],Reporting Range=["Weekly"],Select week=["Week 15 | 2026-04-05 - 2026-04-11 2026"]
"Search Query","Search Query Score","Search Query Volume","Impressions: Total Count","Impressions: Brand Count","Impressions: Brand Share %","Clicks: Total Count","Clicks: Click Rate %","Clicks: Brand Count","Clicks: Brand Share %","Clicks: Price (Median)","Clicks: Brand Price (Median)","Clicks: Same Day Shipping Speed","Clicks: 1D Shipping Speed","Clicks: 2D Shipping Speed","Cart Adds: Total Count","Cart Adds: Cart Add Rate %","Cart Adds: Brand Count","Cart Adds: Brand Share %","Cart Adds: Price (Median)","Cart Adds: Brand Price (Median)","Cart Adds: Same Day Shipping Speed","Cart Adds: 1D Shipping Speed","Cart Adds: 2D Shipping Speed","Purchases: Total Count","Purchases: Purchase Rate %","Purchases: Brand Count","Purchases: Brand Share %","Purchases: Price (Median)","Purchases: Brand Price (Median)","Purchases: Same Day Shipping Speed","Purchases: 1D Shipping Speed","Purchases: 2D Shipping Speed","Reporting Date"
"white shelves for wall","491","3121","74328","88","0.12","1315","42.13","0","0.0","24.98",,"226","577","227","361","11.57","0","0.0","23.99",,"59","167","59","66","2.11","0","0.0","22.19",,"17","38","8","2026-04-11"
"8 1/2 x 11 frame with mat 12 x 16","275","7","156","2","1.28","5","71.43","1","20.0","28.79","25.99","1","2","2","3","42.86","1","33.33","28.79","25.99","0","1","2","1","14.29","0","0.0","28.79",,"0","0","1","2026-04-11"
"12x12 wall shelf white","44","6","134","6","4.48","3","50.0","1","33.33","24.99","24.99","0","3","0","1","16.67","1","100.0","24.99","24.99","0","1","0","1","16.67","1","100.0","24.99","24.99","0","1","0","2026-04-11"
"19 l 8w floating book shelf","562","3","65","3","4.62","5","166.67","2","40.0","24.99","24.99","0","1","1","0","0.0","0",,,,"0","0","0","0","0.0","0",,,,"0","0","0","2026-04-11"
"8x10 wooden picture frames","664","631","16332","21","0.13","305","48.34","1","0.33","18.99","18.99","21","179","74","95","15.06","0","0.0","16.99",,"7","56","21","38","6.02","0","0.0","13.99",,"4","27","6","2026-04-11"
"live edge floating shelves grey","647","23","507","23","4.54","15","65.22","1","6.67","85.95","94.99","0","1","7","1","4.35","0","0.0","62.99",,"0","0","1","0","0.0","0",,,,"0","0","0","2026-04-11"
"35inchx27inch picture frame","333","1","60","1","1.67","1","100.0","1","100.0","87.99","87.99","0","0","0","1","100.0","1","100.0","87.99","87.99","0","0","0","0","0.0","0",,,,"0","0","0","2026-04-11"
"frames 11x14","505","2823","78643","85","0.11","1088","38.54","0","0.0","15.99",,"192","610","166","379","13.43","0","0.0","9.99",,"94","194","43","157","5.56","0","0.0","8.99",,"53","82","8","2026-04-11"
"36 inch floating shelves set of 2","394","97","2531","27","1.07","54","55.67","3","5.56","49.99","112.99","0","14","3","5","5.15","0","0.0","53.99",,"0","3","0","0","0.0","0",,,,"0","0","0","2026-04-11"
"16x24 matted to 12 x 18 frame faux teak","193","9","199","12","6.03","5","55.56","1","20.0","39.99","45.99","0","0","4","2","22.22","1","50.0","45.99","45.99","0","0","2","1","11.11","0","0.0","55.59",,"0","0","1","2026-04-11"
"wooden picture frames 5x7","141","353","9614","54","0.56","149","42.21","1","0.67","17.99","16.99","12","72","36","55","15.58","1","1.82","17.99","16.99","7","26","14","21","5.95","0","0.0","14.99",,"2","11","5","2026-04-11"
"20x24 frame with mat","103","691","17868","33","0.18","326","47.18","2","0.61","37.99","45.99","5","84","129","118","17.08","2","1.69","37.59","45.99","1","35","51","43","6.22","0","0.0","28.99",,"1","15","17","2026-04-11"
"duvar raf","344","31","358","15","4.19","107","345.16","6","5.61","28.99","44.99","0","1","2","0","0.0","0",,,,"0","0","0","0","0.0","0",,,,"0","0","0","2026-04-11"
"vintage frames","248","3941","100228","4","0.0","1167","29.61","1","0.09","21.99","45.99","81","572","293","383","9.72","1","0.26","19.99","45.99","33","202","88","29","0.74","0","0.0","16.99",,"2","21","6","2026-04-11"
"dark brown frame 5x7","280","2","66","2","3.03","1","50.0","1","100.0","16.99","16.99","0","0","0","1","50.0","1","100.0","16.99","16.99","0","0","0","0","0.0","0",,,,"0","0","0","2026-04-11"
"picture frames big","219","149","4045","6","0.15","47","31.54","1","2.13","32.99","45.99","3","11","11","15","10.07","1","6.67","37.99","45.99","2","3","4","0","0.0","0",,,,"0","0","0","2026-04-11"
"8.5 x 11 oak frame thin with border","251","4","86","4","4.65","2","50.0","1","50.0","21.99","21.99","0","1","1","2","50.0","1","50.0","21.99","21.99","0","1","1","0","0.0","0",,,,"0","0","0","2026-04-11"
"8x10 frame","420","9842","285626","50","0.02","3657","37.16","2","0.05","9.99","20.99","697","1988","544","1706","17.33","0","0.0","7.99",,"378","915","250","811","8.24","0","0.0","6.99",,"203","456","96","2026-04-11"
"white shelves office","889","5","252","10","3.97","3","60.0","1","33.33","48.99","48.99","0","0","0","0","0.0","0",,,,"0","0","0","0","0.0","0",,,,"0","0","0","2026-04-11"
"5x7 picture frame glass only no mat","265","3","66","3","4.55","5","166.67","1","20.0","7.19","17.99","4","1","0","1","33.33","1","100.0","17.99","17.99","1","0","0","0","0.0","0",,,,"0","0","0","2026-04-11"
"picture matting 22x28","547","6","242","5","2.07","11","183.33","2","18.18","62.99","64.99","0","0","0","0","0.0","0",,,,"0","0","0","0","0.0","0",,,,"0","0","0","2026-04-11"
"floating shelves 8 inches deep","372","130","3423","127","3.71","69","53.08","1","1.45","26.99","24.99","9","28","8","7","5.38","0","0.0","33.99",,"2","1","2","2","1.54","0","0.0","20.99",,"1","1","0","2026-04-11"
"18x24 frame","107","18829","486635","221","0.05","6749","35.84","3","0.04","28.49","49.99","450","2147","2219","2752","14.62","1","0.04","28.49","49.99","226","929","905","1252","6.65","0","0.0","27.99",,"135","485","385","2026-04-11"
"light rustic shelves","534","6","133","7","5.26","4","66.67","2","50.0","51.99","51.99","0","0","1","0","0.0","0",,,,"0","0","0","0","0.0","0",,,,"0","0","0","2026-04-11"
"kitchen wall shelves","554","2101","54788","78","0.14","748","35.6","0","0.0","29.99",,"111","334","153","118","5.62","0","0.0","26.98",,"15","61","24","15","0.71","0","0.0","25.99",,"1","9","2","2026-04-11"
"hanging bookshelves for wall","548","1189","27862","42","0.15","450","37.85","1","0.22","28.99","24.99","38","222","91","90","7.57","0","0.0","29.75",,"8","47","18","12","1.01","0","0.0","28.49",,"1","6","5","2026-04-11"
"live edge bracket shelf 12"" deep 36"" wide","418","42","1279","88","6.88","3","7.14","1","33.33","112.99","114.99","0","0","3","1","2.38","0","0.0","87.99",,"0","0","1","0","0.0","0",,,,"0","0","0","2026-04-11"
"wood shelf 50x12","936","8","136","8","5.88","5","62.5","1","20.0","69.99","72.99","0","5","0","0","0.0","0",,,,"0","0","0","0","0.0","0",,,,"0","0","0","2026-04-11"
"16x20 wood frame with glass","486","90","2388","15","0.63","56","62.22","2","3.57","40.99","38.99","0","20","22","22","24.44","0","0.0","41.99",,"0","7","9","4","4.44","0","0.0","35.27",,"0","1","2","2026-04-11"
"small book shelf","134","4057","110893","363","0.33","1336","32.93","0","0.0","32.99",,"59","510","339","266","6.56","0","0.0","29.99",,"14","95","74","48","1.18","0","0.0","29.99",,"5","23","9","2026-04-11"
"walnut frames 16x20","85","7","340","1","0.29","7","100.0","1","14.29","52.99","45.99","0","3","2","3","42.86","1","33.33","45.99","45.99","0","0","1","1","14.29","1","100.0","45.99","45.99","0","0","0","2026-04-11"
"picture frames 8.5 x 11 with mat","651","56","1658","23","1.39","20","35.71","1","5.0","8.99","19.99","3","14","0","6","10.71","0","0.0","7.99",,"1","5","0","1","1.79","0","0.0","8.99",,"1","0","0","2026-04-11"
"6x8 picture frame","20","4182","110428","157","0.14","1914","45.77","1","0.05","8.99","18.99","148","1063","417","836","19.99","1","0.12","8.4","18.99","85","501","160","412","9.85","1","0.24","7.99","18.99","52","269","67","2026-04-11"
"picture frames 40x28 grey","725","17","477","17","3.56","13","76.47","1","7.69","95.69","87.99","0","3","7","2","11.76","0","0.0","69.99",,"0","0","0","0","0.0","0",,,,"0","0","0","2026-04-11"
"wall shelves strong","551","28","722","4","0.55","14","50.0","2","14.29","19.99","24.99","0","4","6","0","0.0","0",,,,"0","0","0","0","0.0","0",,,,"0","0","0","2026-04-11"
"floating shelf bedside walnut","321","4","87","1","1.15","2","50.0","1","50.0","29.99","51.99","0","0","2","2","50.0","1","50.0","29.99","51.99","0","0","2","0","0.0","0",,,,"0","0","0","2026-04-11"
"wood frame matted to 6x8","276","3","63","2","3.17","3","100.0","1","33.33","19.79","16.99","0","3","0","3","100.0","1","33.33","19.79","16.99","0","3","0","0","0.0","0",,,,"0","0","0","2026-04-11"
"wall shelves set of 2","881","41","989","10","1.01","19","46.34","1","5.26","25.98","24.99","1","7","7","3","7.32","0","0.0","19.97",,"0","2","1","0","0.0","0",,,,"0","0","0","2026-04-11"
"16x24 brown frame","770","25","631","14","2.22","14","56.0","1","7.14","26.99","26.99","0","4","4","7","28.0","0","0.0","28.49",,"0","2","2","3","12.0","0","0.0","31.99",,"0","2","0","2026-04-11"
"12 inch deep shelf","876","153","4289","47","1.1","84","54.9","0","0.0","45.72",,"2","29","15","3","1.96","0","0.0","89.99",,"0","1","1","1","0.65","0","0.0","89.99",,"0","0","0","2026-04-11"
"wall mounted shelves","116","7173","188417","310","0.16","1972","27.49","3","0.15","29.99","24.99","297","704","397","283","3.95","0","0.0","25.99",,"44","105","61","54","0.75","0","0.0","24.98",,"8","26","11","2026-04-11"
"36” wide live edge wood shelf","128","34","642","59","9.19","9","26.47","2","22.22","59.99","109.6","0","4","1","2","5.88","1","50.0","89.99","109.6","0","1","0","0","0.0","0",,,,"0","0","0","2026-04-11"
"wood frame","102","2433","67272","266","0.4","675","27.74","3","0.44","18.99","45.99","63","329","145","149","6.12","1","0.67","15.19","18.99","15","78","30","27","1.11","0","0.0","13.16",,"3","14","5","2026-04-11"
"28 x 40 poster frame with mat","987","22","600","7","1.17","28","127.27","1","3.57","79.99","81.99","0","0","7","1","4.55","0","0.0","49.99",,"0","0","0","0","0.0","0",,,,"0","0","0","2026-04-11"
"30 x 40 frame","600","780","21242","31","0.15","327","41.92","1","0.31","59.99","87.99","11","65","82","91","11.67","0","0.0","55.99",,"6","22","28","23","2.95","0","0.0","55.99",,"1","7","6","2026-04-11"
"vintage oak picture frames 8x10","687","24","533","19","3.56","19","79.17","1","5.26","25.99","18.99","0","0","16","2","8.33","0","0.0","25.99",,"0","0","1","1","4.17","0","0.0","27.99",,"0","0","1","2026-04-11"
"5 inch deep shelves wall live edge","669","11","232","21","9.05","7","63.64","1","14.29","93.99","114.99","0","6","0","0","0.0","0",,,,"0","0","0","0","0.0","0",,,,"0","0","0","2026-04-11"
"12x16 frame with mat","366","1233","35196","138","0.39","535","43.39","1","0.19","18.99","25.99","42","261","127","181","14.68","0","0.0","18.99",,"13","87","47","72","5.84","0","0.0","14.84",,"5","38","18","2026-04-11"
"modern wood floating shelf","811","6","120","12","10.0","4","66.67","1","25.0","65.99","114.99","0","1","3","0","0.0","0",,,,"0","0","0","0","0.0","0",,,,"0","0","0","2026-04-11"
"20x8 shelves","519","7","133","8","6.02","6","85.71","2","33.33","25.99","24.99","0","6","0","0","0.0","0",,,,"0","0","0","0","0.0","0",,,,"0","0","0","2026-04-11"
"wall shelf for bedroom","628","4330","104284","63","0.06","1422","32.84","0","0.0","23.99",,"255","557","289","308","7.11","0","0.0","21.99",,"53","124","68","39","0.9","0","0.0","19.98",,"14","18","4","2026-04-11"
"floating shelves for wall 8 inch deep","397","73","1763","61","3.46","40","54.79","2","5.0","46.97","24.99","2","7","19","2","2.74","0","0.0","17.08",,"0","0","2","0","0.0","0",,,,"0","0","0","2026-04-11"
"24x32 frame","645","973","26556","24","0.09","457","46.97","1","0.22","39.99","73.99","2","130","136","129","13.26","0","0.0","35.99",,"1","42","37","51","5.24","0","0.0","34.99",,"1","21","16","2026-04-11"
"12x18 natural wood frame","506","23","491","11","2.24","13","56.52","2","15.38","35.99","45.99","0","8","1","3","13.04","0","0.0","35.99",,"0","2","0","1","4.35","0","0.0","39.99",,"0","0","0","2026-04-11"
"a5 picture frame","201","163","4750","9","0.19","73","44.79","1","1.37","15.99","16.99","1","31","19","19","11.66","1","5.26","11.99","16.99","1","9","3","10","6.13","0","0.0","9.59",,"1","6","0","2026-04-11"
"bronze color 24x36 frame","264","5","105","3","2.86","3","60.0","1","33.33","83.99","83.99","0","0","0","1","20.0","1","100.0","83.99","83.99","0","0","0","0","0.0","0",,,,"0","0","0","2026-04-11"
"frame matted to 24x36","472","74","2395","22","0.92","46","62.16","2","4.35","57.59","87.99","0","12","12","9","12.16","0","0.0","49.99",,"0","3","2","3","4.05","0","0.0","53.58",,"0","3","0","2026-04-11"
"26x16 frame","720","87","2410","17","0.71","43","49.43","1","2.33","37.99","26.99","0","0","9","11","12.64","0","0.0","37.99",,"0","0","3","4","4.6","0","0.0","42.17",,"0","0","1","2026-04-11"
"black wall shelf bedroom","726","25","637","17","2.67","9","36.0","1","11.11","21.24","26.99","4","5","0","2","8.0","0","0.0","13.99",,"1","1","0","1","4.0","0","0.0","29.99",,"1","0","0","2026-04-11"
"brass picture frame 24x36","313","1","22","1","4.55","2","200.0","1","50.0","59.99","76.99","0","1","0","1","100.0","1","100.0","76.99","76.99","0","0","0","0","0.0","0",,,,"0","0","0","2026-04-11"
"11x14 picture frame white vintage","334","24","520","1","0.19","8","33.33","1","12.5","19.99","20.99","0","2","3","3","12.5","1","33.33","18.99","20.99","0","2","1","1","4.17","0","0.0","18.99",,"0","1","0","2026-04-11"
"wall shelves for bedroom","415","10251","243011","89","0.04","3848","37.54","1","0.03","24.98","26.99","588","1737","724","869","8.48","0","0.0","23.99",,"143","388","152","155","1.51","0","0.0","23.82",,"47","71","13","2026-04-11"
"shelves on wall no drilling","601","132","2945","31","1.05","58","43.94","1","1.72","17.99","27.99","4","25","11","5","3.79","0","0.0","15.99",,"0","4","1","1","0.76","0","0.0","15.99",,"0","1","0","2026-04-11"
"8x10 thin natural wood no glare frame","877","4","240","10","4.17","3","75.0","1","33.33","17.99","17.99","0","1","2","0","0.0","0",,,,"0","0","0","0","0.0","0",,,,"0","0","0","2026-04-11"
"8.5 x 11 frame dark wood vintage","979","8","178","7","3.93","3","37.5","1","33.33","24.99","22.99","0","1","1","0","0.0","0",,,,"0","0","0","0","0.0","0",,,,"0","0","0","2026-04-11"
"frame with mat for 5x7 print","635","134","3864","25","0.65","46","34.33","1","2.17","9.99","14.99","15","23","6","17","12.69","0","0.0","7.99",,"5","9","2","8","5.97","0","0.0","5.99",,"3","5","0","2026-04-11"
"8.5 by 11 picture frame round","303","1","60","2","3.33","2","200.0","1","50.0","21.99","21.99","0","2","0","1","100.0","1","100.0","21.99","21.99","0","1","0","0","0.0","0",,,,"0","0","0","2026-04-11"
"solid wood 24"" shelves","489","6","133","15","11.28","5","83.33","2","40.0","25.99","24.99","4","0","0","0","0.0","0",,,,"0","0","0","0","0.0","0",,,,"0","0","0","2026-04-11"
"8 inch deep shelf","122","186","5226","68","1.3","86","46.24","2","2.33","49.99","24.99","1","18","26","7","3.76","1","14.29","39.99","24.99","0","3","1","1","0.54","0","0.0","15.99",,"0","1","0","2026-04-11"
"wall mounted shelf","406","1793","51691","58","0.11","567","31.62","2","0.35","27.1","24.99","73","226","113","97","5.41","0","0.0","25.99",,"13","34","24","19","1.06","0","0.0","21.99",,"3","7","5","2026-04-11"
"4x6 picture frame matted light oak","221","6","132","6","4.55","4","66.67","1","25.0","18.99","17.99","2","2","0","2","33.33","1","50.0","17.99","17.99","1","1","0","0","0.0","0",,,,"0","0","0","2026-04-11"
"dark wood 5x7 frame","63","3","70","3","4.29","3","100.0","1","33.33","16.99","16.99","0","2","0","3","100.0","1","33.33","16.99","16.99","0","2","0","2","66.67","1","50.0","12.99","16.99","0","1","0","2026-04-11"
"8.5 x 11","254","115","3864","4","0.1","32","27.83","1","3.13","19.86","22.99","4","15","7","22","19.13","1","4.55","19.99","22.99","3","10","4","16","13.91","0","0.0","24.79",,"2","8","3","2026-04-11"
"solid wood frame wirh glass","756","5","110","15","13.64","4","80.0","1","25.0","17.99","17.99","0","4","0","0","0.0","0",,,,"0","0","0","0","0.0","0",,,,"0","0","0","2026-04-11"
"frames with matting","691","321","10342","56","0.54","73","22.74","0","0.0","24.29",,"4","28","21","18","5.61","0","0.0","19.99",,"1","5","5","4","1.25","0","0.0","6.99",,"1","0","1","2026-04-11"
"hanging walnut shelves","59","10","222","4","1.8","6","60.0","1","16.67","55.99","63.99","0","1","5","2","20.0","1","50.0","63.99","63.99","0","0","2","1","10.0","1","100.0","63.99","63.99","0","0","1","2026-04-11"
"8 inch depth floating shelf","656","17","351","22","6.27","10","58.82","1","10.0","29.82","24.99","0","6","3","2","11.76","0","0.0","29.82",,"0","2","0","0","0.0","0",,,,"0","0","0","2026-04-11"
"8.5 by 11 picture frame with mat","522","187","4370","45","1.03","97","51.87","1","1.03","15.99","21.99","12","45","27","26","13.9","0","0.0","9.98",,"4","13","7","12","6.42","0","0.0","9.98",,"3","5","3","2026-04-11"
"live edge walnut floating shelves","115","76","1603","97","6.05","28","36.84","2","7.14","85.95","94.99","0","6","9","5","6.58","1","20.0","63.75","94.99","0","3","0","2","2.63","0","0.0","51.51",,"0","2","0","2026-04-11"
"40x30 walnut frame","914","6","242","8","3.31","5","83.33","1","20.0","99.99","63.99","0","0","1","2","33.33","0","0.0","99.99",,"0","0","0","2","33.33","0","0.0","99.99",,"0","0","0","2026-04-11"
"5x7 frame","9","5002","150694","214","0.14","2108","42.14","5","0.24","9.49","14.99","302","1254","327","978","19.55","3","0.31","8.99","14.99","155","583","153","467","9.34","1","0.21","7.99","14.99","80","289","75","2026-04-11"
"8.5 x 11 frame","5","4398","134064","810","0.6","2031","46.18","4","0.2","8.99","19.99","412","1053","302","1001","22.76","2","0.2","6.99","19.99","244","520","134","560","12.73","2","0.36","6.79","19.99","159","301","58","2026-04-11"
"real wooden frame","284","1","22","2","9.09","1","100.0","1","100.0","13.99","13.99","0","0","0","1","100.0","1","100.0","13.99","13.99","0","0","0","0","0.0","0",,,,"0","0","0","2026-04-11"
"wood 8x10 picture frame","745","303","8644","16","0.19","113","37.29","1","0.88","12.99","18.99","10","65","20","40","13.2","0","0.0","9.99",,"2","23","9","12","3.96","0","0.0","6.99",,"0","7","3","2026-04-11"
"oak frames","533","87","2726","44","1.61","35","40.23","1","2.86","25.99","25.99","9","13","5","6","6.9","0","0.0","22.99",,"2","3","0","1","1.15","0","0.0","22.99",,"0","1","0","2026-04-11"
"sturdy wood shelves floating","759","17","374","15","4.01","10","58.82","1","10.0","65.99","114.99","0","0","4","0","0.0","0",,,,"0","0","0","0","0.0","0",,,,"0","0","0","2026-04-11"
"small wall rustic shelves 16"" x 8""","66","1","33","3","9.09","1","100.0","1","100.0","24.99","24.99","0","0","1","1","100.0","1","100.0","24.99","24.99","0","0","1","1","100.0","1","100.0","24.99","24.99","0","0","1","2026-04-11"
"12 inch black floating shelf","259","12","332","3","0.9","10","83.33","1","10.0","31.99","26.99","0","5","2","1","8.33","1","100.0","26.99","26.99","0","0","1","0","0.0","0",,,,"0","0","0","2026-04-11"
"oak picture frames","535","225","7119","80","1.12","79","35.11","0","0.0","23.87",,"1","44","16","25","11.11","0","0.0","29.69",,"0","14","5","4","1.78","0","0.0","9.99",,"0","3","0","2026-04-11"
"shelf wall mount","797","1555","39626","50","0.13","470","30.23","0","0.0","20.99",,"93","217","76","78","5.02","0","0.0","20.99",,"15","44","8","27","1.74","0","0.0","20.99",,"8","16","1","2026-04-11"
"beautiful 8x10 picture frame","569","31","692","2","0.29","12","38.71","2","16.67","23.21","18.99","0","9","1","2","6.45","0","0.0","9.99",,"0","1","0","0","0.0","0",,,,"0","0","0","2026-04-11"
"black wall shelves 12 inches deep","172","14","308","19","6.17","11","78.57","1","9.09","63.99","72.99","0","5","2","2","14.29","1","50.0","63.99","72.99","0","1","0","0","0.0","0",,,,"0","0","0","2026-04-11"
"6x8 wood frame","661","35","981","22","2.24","21","60.0","1","4.76","9.99","16.99","2","12","4","6","17.14","0","0.0","9.99",,"0","3","2","3","8.57","0","0.0","9.99",,"0","2","0","2026-04-11"
"large picture frames","476","1150","35710","93","0.26","310","26.96","0","0.0","37.99",,"24","101","86","55","4.78","0","0.0","36.99",,"4","21","12","8","0.7","0","0.0","34.99",,"0","3","2","2026-04-11"
"wood shelf board","890","314","9400","46","0.49","106","33.76","0","0.0","21.84",,"2","18","19","9","2.87","0","0.0","22.79",,"0","3","2","0","0.0","0",,,,"0","0","0","2026-04-11"
"renter friendly wall shelf","918","65","1352","8","0.59","32","49.23","1","3.13","16.99","24.99","1","15","8","3","4.62","0","0.0","17.99",,"1","2","0","1","1.54","0","0.0","16.99",,"1","0","0","2026-04-11"
"matted 8.5 by 11 picture frame","803","34","1015","12","1.18","21","61.76","1","4.76","9.99","21.99","1","13","5","5","14.71","0","0.0","7.99",,"0","5","0","2","5.88","0","0.0","7.58",,"0","2","0","2026-04-11"
"shelf","11","112524","2963462","406","0.01","26327","23.4","3","0.01","39.89","26.99","2631","8000","4443","5040","4.48","2","0.04","35.99","24.99","596","1582","790","801","0.71","1","0.12","29.99","24.99","184","312","101","2026-04-11"
"metal black shelf","241","39","904","4","0.44","15","38.46","1","6.67","28.99","24.99","1","7","3","1","2.56","1","100.0","24.99","24.99","0","0","1","0","0.0","0",,,,"0","0","0","2026-04-11"
"shelf that is 12 in with","282","2","52","2","3.85","1","50.0","1","100.0","24.99","24.99","0","1","0","1","50.0","1","100.0","24.99","24.99","0","1","0","0","0.0","0",,,,"0","0","0","2026-04-11"
"11x 14 picture frame wood","868","26","832","11","1.32","12","46.15","1","8.33","14.99","24.99","2","6","2","4","15.38","0","0.0","14.99",,"0","2","1","1","3.85","0","0.0","5.99",,"0","0","1","2026-04-11"
"wall mounted bookshelves","445","720","20939","74","0.35","208","28.89","1","0.48","33.98","24.99","10","90","48","28","3.89","0","0.0","33.97",,"1","15","7","2","0.28","0","0.0","19.41",,"0","1","1","2026-04-11"
"wood shelf","7","5525","145948","1507","1.03","1521","27.53","9","0.59","32.99","89.99","153","511","282","219","3.96","1","0.46","29.99","89.99","27","76","41","33","0.6","0","0.0","27.99",,"9","16","5","2026-04-11"
"8” wide by 20” long shelf","938","10","183","8","4.37","5","50.0","1","20.0","28.19","24.99","0","0","3","0","0.0","0",,,,"0","0","0","0","0.0","0",,,,"0","0","0","2026-04-11"
"large frames","130","634","18667","56","0.3","166","26.18","2","1.2","41.59","87.99","12","47","56","43","6.78","1","2.33","36.99","87.99","4","13","16","6","0.95","0","0.0","32.99",,"0","2","1","2026-04-11"
"solid wood floating shelves for wall","25","35","1062","14","1.32","14","40.0","2","14.29","51.51","89.99","0","5","3","4","11.43","1","25.0","53.99","94.99","0","1","0","1","2.86","1","100.0","94.99","94.99","0","1","0","2026-04-11"
"bookshelves wall mounted","779","170","4620","14","0.3","56","32.94","1","1.79","32.99","60.99","1","18","16","9","5.29","0","0.0","29.99",,"1","3","3","1","0.59","0","0.0","24.95",,"0","1","0","2026-04-11"
"walnut frames","135","155","3819","30","0.79","58","37.42","2","3.45","29.99","24.99","8","23","23","20","12.9","1","5.0","29.99","24.99","4","8","7","3","1.94","0","0.0","36.99",,"1","1","1","2026-04-11"
"shelfs for bathroom wall","966","106","2760","7","0.25","47","44.34","1","2.13","19.98","24.99","9","18","8","9","8.49","0","0.0","15.99",,"2","2","4","1","0.94","0","0.0","19.82",,"0","0","1","2026-04-11"
"floating wall shelves","399","3553","99466","98","0.1","1324","37.26","1","0.08","25.99","25.99","201","561","242","220","6.19","0","0.0","24.64",,"28","106","34","40","1.13","0","0.0","22.39",,"8","25","4","2026-04-11"
"floating shelves lbs 50, 12'' by 16''","295","1","60","2","3.33","1","100.0","1","100.0","26.99","26.99","0","0","0","1","100.0","1","100.0","26.99","26.99","0","0","0","0","0.0","0",,,,"0","0","0","2026-04-11"
"8.5x11 frame with glass","43","13","631","6","0.95","8","61.54","1","12.5","20.99","19.99","0","5","2","2","15.38","1","50.0","11.99","19.99","0","0","1","2","15.38","1","50.0","11.99","19.99","0","0","1","2026-04-11"
"white floating shelves","467","6439","156958","100","0.06","3119","48.44","0","0.0","24.98",,"543","1382","637","774","12.02","0","0.0","24.29",,"112","372","151","161","2.5","0","0.0","24.98",,"33","84","32","2026-04-11"
"24x36 picture frame with tempeted glass","706","6","126","18","14.29","3","50.0","1","33.33","43.69","78.99","0","2","1","0","0.0","0",,,,"0","0","0","0","0.0","0",,,,"0","0","0","2026-04-11"
"5 x 7 picture frame with mat","462","203","5930","65","1.1","76","37.44","1","1.32","9.99","14.99","13","40","18","29","14.29","0","0.0","9.99",,"7","17","4","12","5.91","0","0.0","9.99",,"5","5","1","2026-04-11"
"floating shelves for wall","28","75917","1856721","558","0.03","25185","33.17","6","0.02","24.99","24.99","4175","10328","5025","4437","5.84","1","0.02","23.99","24.99","832","1868","814","816","1.07","0","0.0","22.99",,"223","360","129","2026-04-11"
"vintage frame","246","1408","37782","4","0.01","376","26.7","1","0.27","18.99","24.99","22","190","89","128","9.09","1","0.78","16.99","24.99","6","66","32","10","0.71","0","0.0","17.08",,"1","6","2","2026-04-11"
"24x30 frame","168","1927","54654","314","0.57","785","40.74","0","0.0","35.49",,"3","202","280","244","12.66","0","0.0","34.99",,"1","70","90","89","4.62","0","0.0","34.99",,"0","31","36","2026-04-11"
"bedroom shelving","923","636","16829","8","0.05","151","23.74","1","0.66","42.99","24.99","12","63","19","32","5.03","0","0.0","49.99",,"3","12","3","7","1.1","0","0.0","29.99",,"2","3","1","2026-04-11"
"18""x24"" matted frame brown wood glass","336","3","51","1","1.96","2","66.67","1","50.0","33.99","64.99","0","0","0","2","66.67","1","50.0","33.99","64.99","0","0","0","0","0.0","0",,,,"0","0","0","2026-04-11"
"vintage wood frame 14x 11","558","9","202","4","1.98","18","200.0","2","11.11","19.99","23.99","0","6","8","2","22.22","0","0.0","19.99",,"0","1","0","0","0.0","0",,,,"0","0","0","2026-04-11"
"wall shelves 8 inches wide","474","15","508","21","4.13","7","46.67","2","28.57","19.99","24.99","4","2","1","1","6.67","0","0.0","19.99",,"0","1","0","0","0.0","0",,,,"0","0","0","2026-04-11"
"best frame for french bistro style artwork 16x24","106","5","113","8","7.08","15","300.0","2","13.33","36.99","45.99","0","0","2","5","100.0","2","40.0","45.99","45.99","0","0","0","0","0.0","0",,,,"0","0","0","2026-04-11"
"deep wall shelves","383","498","13717","148","1.08","178","35.74","0","0.0","29.99",,"14","64","59","21","4.22","0","0.0","29.99",,"4","5","5","6","1.2","0","0.0","27.99",,"1","3","1","2026-04-11"
"22x28 frame with mat for 18x24","196","75","1866","10","0.54","49","65.33","1","2.04","48.43","64.99","0","7","18","22","29.33","1","4.55","39.99","64.99","0","4","6","9","12.0","0","0.0","34.99",,"0","2","3","2026-04-11"
"16 x 20 picture frame","342","4920","144814","218","0.15","2010","40.85","1","0.05","23.49","45.99","117","681","715","784","15.93","0","0.0","23.49",,"59","265","290","332","6.75","0","0.0","22.99",,"35","133","112","2026-04-11"
"30x40 frame with mat","814","126","3690","12","0.33","51","40.48","1","1.96","65.85","63.99","0","11","11","17","13.49","0","0.0","65.85",,"0","6","3","2","1.59","0","0.0","65.85",,"0","1","0","2026-04-11"
"long shelf","433","1617","40168","43","0.11","509","31.48","2","0.39","47.97","24.99","36","132","125","84","5.19","0","0.0","46.97",,"8","21","23","7","0.43","0","0.0","29.99",,"2","2","1","2026-04-11"
"24x36 frame dark wood","709","16","448","18","4.02","18","112.5","1","5.56","49.99","83.99","0","7","5","3","18.75","0","0.0","49.99",,"0","0","2","1","6.25","0","0.0","49.99",,"0","0","0","2026-04-11"
"8.5 by 11 picture frame modern","820","4","88","12","13.64","4","100.0","1","25.0","24.5","21.99","0","4","0","1","25.0","0","0.0","24.5",,"0","1","0","1","25.0","0","0.0","24.5",,"0","1","0","2026-04-11"
"natural oak wood picture frames","842","15","315","11","3.49","5","33.33","1","20.0","19.79","38.99","0","1","0","0","0.0","0",,,,"0","0","0","0","0.0","0",,,,"0","0","0","2026-04-11"
"36 inch floating shelf","360","421","11460","151","1.32","189","44.89","1","0.53","47.97","114.99","5","52","78","25","5.94","0","0.0","47.97",,"0","5","12","6","1.43","0","0.0","47.97",,"0","3","3","2026-04-11"
"shelf for wall","153","4092","99451","42","0.04","1340","32.75","1","0.07","20.99","48.99","196","597","223","299","7.31","1","0.33","19.99","48.99","43","143","46","62","1.52","0","0.0","19.79",,"11","36","9","2026-04-11"
"natural wood 4x6frame","224","12","256","6","2.34","2","16.67","1","50.0","17.99","17.99","0","2","0","1","8.33","1","100.0","17.99","17.99","0","1","0","0","0.0","0",,,,"0","0","0","2026-04-11"
"wall frames for living room decorations","354","1085","25970","15","0.06","369","34.01","5","1.36","45.99","23.99","15","93","78","50","4.61","0","0.0","26.58",,"7","19","6","4","0.37","0","0.0","20.89",,"2","1","1","2026-04-11"
"wood floating wall shelf","199","26","917","9","0.98","5","19.23","1","20.0","20.99","114.99","2","1","2","2","7.69","1","50.0","23.82","114.99","0","0","2","0","0.0","0",,,,"0","0","0","2026-04-11"
"wall mounted shelves 8 inches deep","531","3","62","7","11.29","2","66.67","2","100.0","24.99","24.99","0","1","1","0","0.0","0",,,,"0","0","0","0","0.0","0",,,,"0","0","0","2026-04-11"
"picture frame large","744","227","6363","16","0.25","63","27.75","1","1.59","26.99","19.99","6","28","16","22","9.69","0","0.0","25.33",,"3","13","4","6","2.64","0","0.0","8.99",,"1","3","1","2026-04-11"
"wood a5 picture frame","545","14","292","5","1.71","15","107.14","2","13.33","19.99","16.99","0","1","2","0","0.0","0",,,,"0","0","0","0","0.0","0",,,,"0","0","0","2026-04-11"
"24x30 puzzle frame","752","501","13294","15","0.11","258","51.5","1","0.39","32.99","73.99","0","52","87","84","16.77","0","0.0","34.88",,"0","22","25","51","10.18","0","0.0","34.88",,"0","16","12","2026-04-11"
"plant wall shelves white","976","4","230","7","3.04","5","125.0","1","20.0","36.99","26.99","3","2","0","0","0.0","0",,,,"0","0","0","0","0.0","0",,,,"0","0","0","2026-04-11"
"5x7 picture frame organic modern","933","10","220","8","3.64","6","60.0","1","16.67","18.69","17.99","1","4","1","3","30.0","0","0.0","18.99",,"0","2","1","1","10.0","0","0.0","12.74",,"0","0","1","2026-04-11"
"photo frames","410","4662","143662","131","0.09","1328","28.49","0","0.0","19.99",,"245","594","207","421","9.03","0","0.0","18.99",,"73","222","57","88","1.89","0","0.0","16.99",,"21","53","8","2026-04-11"
"walnut frame matted to 18x20","865","8","178","11","6.18","11","137.5","1","9.09","59.99","53.99","0","0","7","0","0.0","0",,,,"0","0","0","0","0.0","0",,,,"0","0","0","2026-04-11"
"picture frame for 5x7 photo","68","68","2310","3","0.13","22","32.35","1","4.55","10.19","16.99","1","17","4","7","10.29","1","14.29","9.99","16.99","1","4","2","3","4.41","1","33.33","16.99","16.99","0","1","2","2026-04-11"
"wooden kitchen shelves wall mounted","843","52","1084","11","1.01","17","32.69","1","5.88","35.95","24.99","5","1","2","0","0.0","0",,,,"0","0","0","0","0.0","0",,,,"0","0","0","2026-04-11"
"wall mounted heavy duty shelf","805","25","568","12","2.11","7","28.0","1","14.29","49.99","63.99","0","2","0","1","4.0","0","0.0","85.99",,"0","0","0","0","0.0","0",,,,"0","0","0","2026-04-11"
"36 x 8 shelf board","580","20","1200","35","2.92","10","50.0","1","10.0","55.99","48.99","0","0","5","1","5.0","0","0.0","67.99",,"0","0","0","0","0.0","0",,,,"0","0","0","2026-04-11"
"12x16 picture frame","585","4318","106872","71","0.07","1864","43.17","0","0.0","12.59",,"268","879","374","839","19.43","0","0.0","8.99",,"156","414","153","326","7.55","0","0.0","8.99",,"71","176","53","2026-04-11"
"wall shelves for living room","391","4249","103007","104","0.1","1336","31.44","1","0.07","28.49","24.99","171","527","296","241","5.67","0","0.0","27.99",,"37","91","53","22","0.52","0","0.0","24.98",,"8","6","2","2026-04-11"
"thin shallow wood shelves bathroom","833","6","132","12","9.09","5","83.33","1","20.0","81.49","89.99","2","2","0","0","0.0","0",,,,"0","0","0","0","0.0","0",,,,"0","0","0","2026-04-11"
"white shelf 8 inches","511","6","134","10","7.46","5","83.33","2","40.0","77.39","41.99","0","0","0","0","0.0","0",,,,"0","0","0","0","0.0","0",,,,"0","0","0","2026-04-11"
"16 x 24 poster frame with glass","58","23","544","4","0.74","18","78.26","1","5.56","35.03","45.99","1","14","1","3","13.04","1","33.33","36.09","45.99","0","3","0","3","13.04","1","33.33","36.09","45.99","0","3","0","2026-04-11"
"live edge wood shelves","607","136","4390","67","1.53","37","27.21","0","0.0","61.99",,"1","14","10","7","5.15","0","0.0","51.51",,"0","3","3","2","1.47","0","0.0","26.99",,"0","0","2","2026-04-11"
"wall shelf oak and iron","654","8","161","22","13.66","4","50.0","1","25.0","24.99","24.99","0","0","0","1","12.5","0","0.0","35.69",,"0","0","0","0","0.0","0",,,,"0","0","0","2026-04-11"
"12 inch deep sturdy wall shelves for office","722","13","429","17","3.96","4","30.77","1","25.0","63.99","63.99","0","0","0","0","0.0","0",,,,"0","0","0","0","0.0","0",,,,"0","0","0","2026-04-11"
"floating shelves","356","137566","3419935","197","0.01","55108","40.06","0","0.0","24.98",,"9711","23033","10535","9456","6.87","0","0.0","23.82",,"1774","4049","1733","1736","1.26","0","0.0","22.19",,"468","869","242","2026-04-11"
"8x10 gold frame wood","704","16","351","18","5.13","9","56.25","1","11.11","17.54","20.99","0","6","2","1","6.25","0","0.0","13.99",,"0","0","1","1","6.25","0","0.0","13.99",,"0","0","1","2026-04-11"
"modern wood frame 5x7","214","8","171","7","4.09","6","75.0","1","16.67","9.99","14.99","1","2","3","2","25.0","1","50.0","9.99","14.99","0","0","2","0","0.0","0",,,,"0","0","0","2026-04-11"
"estantes flotantes","50","392","10033","5","0.05","129","32.91","1","0.78","22.33","24.99","10","37","8","16","4.08","1","6.25","19.99","24.99","3","5","0","4","1.02","1","25.0","11.89","24.99","1","2","0","2026-04-11"
"round corner wood photos frames","217","6","133","7","5.26","5","83.33","1","20.0","16.99","16.99","0","2","3","1","16.67","1","100.0","16.99","16.99","0","0","1","0","0.0","0",,,,"0","0","0","2026-04-11"
"28x 40 frame wood with mat","802","6","133","12","9.02","4","66.67","1","25.0","51.29","83.99","0","0","2","0","0.0","0",,,,"0","0","0","0","0.0","0",,,,"0","0","0","2026-04-11"
"live edge floating shelves 4 foot length","228","3","66","6","9.09","1","33.33","1","100.0","102.99","102.99","0","1","0","1","33.33","1","100.0","102.99","102.99","0","1","0","0","0.0","0",,,,"0","0","0","2026-04-11"
"wood shelfs","544","148","3598","42","1.17","57","38.51","1","1.75","26.99","94.99","5","24","10","17","11.49","0","0.0","23.99",,"1","8","4","2","1.35","0","0.0","23.82",,"1","1","0","2026-04-11"
"8.5 x 11 frame.","591","299","8752","32","0.37","95","31.77","1","1.05","10.32","19.99","11","57","11","31","10.37","0","0.0","9.99",,"4","21","2","13","4.35","0","0.0","11.99",,"2","10","1","2026-04-11"
"adhesive wall shelves","850","383","10322","11","0.11","186","48.56","1","0.54","15.99","26.99","39","103","26","34","8.88","0","0.0","15.99",,"8","19","4","9","2.35","0","0.0","16.98",,"2","6","0","2026-04-11"
"11 x 14 natural oak frame without mat","708","10","221","18","8.14","6","60.0","1","16.67","23.99","23.99","0","0","0","0","0.0","0",,,,"0","0","0","0","0.0","0",,,,"0","0","0","2026-04-11"
"18x24 rounded edge frame","487","15","466","15","3.22","11","73.33","2","18.18","58.99","63.59","0","1","4","0","0.0","0",,,,"0","0","0","0","0.0","0",,,,"0","0","0","2026-04-11"
"black floating shelves heavy dutyb astheyic","291","2","44","2","4.55","2","100.0","1","50.0","20.99","24.99","1","1","0","2","100.0","1","50.0","20.99","24.99","1","1","0","0","0.0","0",,,,"0","0","0","2026-04-11"
"shelf wall mount 8"" deep","187","9","197","13","6.6","3","33.33","1","33.33","19.99","24.99","1","2","0","1","11.11","1","100.0","24.99","24.99","0","1","0","0","0.0","0",,,,"0","0","0","2026-04-11"
"floating shelves wood wall mounted","587","391","9261","33","0.36","162","41.43","1","0.62","26.99","114.99","23","69","41","27","6.91","0","0.0","26.96",,"4","13","7","3","0.77","0","0.0","23.99",,"1","2","0","2026-04-11"
"wall shelves heavy duty and deep","894","3","66","9","13.64","4","133.33","1","25.0","42.99","48.99","0","0","3","1","33.33","0","0.0","33.99",,"0","0","1","0","0.0","0",,,,"0","0","0","2026-04-11"
"wood shelf 9 inch deep","954","6","123","8","6.5","2","33.33","1","50.0","24.99","24.99","0","1","0","0","0.0","0",,,,"0","0","0","0","0.0","0",,,,"0","0","0","2026-04-11"
"small floating shelf","346","3089","74153","123","0.17","1336","43.25","3","0.22","13.99","24.99","135","758","240","283","9.16","0","0.0","11.99",,"31","163","48","78","2.53","0","0.0","11.99",,"10","49","11","2026-04-11"
"linen closet shelves","786","883","23116","13","0.06","320","36.24","1","0.31","43.99","63.99","24","107","70","40","4.53","0","0.0","42.99",,"2","11","11","4","0.45","0","0.0","29.95",,"0","1","2","2026-04-11"
"4x6 wooden frame","181","64","2086","17","0.81","23","35.94","1","4.35","8.99","13.99","1","11","4","13","20.31","1","7.69","6.95","13.99","1","8","1","9","14.06","0","0.0","6.39",,"1","5","1","2026-04-11"
"wall metal shelves with lip. 20” wide, 8” deep","528","8","170","8","4.71","7","87.5","2","28.57","24.99","24.99","0","3","3","0","0.0","0",,,,"0","0","0","0","0.0","0",,,,"0","0","0","2026-04-11"
"wooden frame","370","1326","38115","134","0.35","306","23.08","1","0.33","18.99","25.99","23","144","69","75","5.66","0","0.0","16.99",,"10","31","22","22","1.66","0","0.0","9.99",,"4","12","5","2026-04-11"
"16x20 frame matted to 11x14","339","885","24694","151","0.61","376","42.49","3","0.8","34.19","42.99","25","137","110","84","9.49","0","0.0","34.99",,"7","22","33","29","3.28","0","0.0","29.99",,"2","8","12","2026-04-11"
"27 x 40 frame with mat","762","24","519","15","2.89","10","41.67","1","10.0","59.99","24.99","0","1","2","2","8.33","0","0.0","54.24",,"0","0","1","2","8.33","0","0.0","54.24",,"0","0","1","2026-04-11"
"5x7 picture frame without mat","411","29","1144","18","1.57","15","51.72","3","20.0","14.99","17.99","0","9","6","1","3.45","0","0.0","6.96",,"0","1","0","1","3.45","0","0.0","6.96",,"0","1","0","2026-04-11"
"small gloating shelves gray","848","11","242","11","4.55","6","54.55","1","16.67","23.99","26.99","0","5","1","0","0.0","0",,,,"0","0","0","0","0.0","0",,,,"0","0","0","2026-04-11"
"under window wall shelf","948","12","268","8","2.99","8","66.67","1","12.5","29.95","24.24","2","2","3","0","0.0","0",,,,"0","0","0","0","0.0","0",,,,"0","0","0","2026-04-11"
"24 x 36 walnut frame","570","44","1337","38","2.84","27","61.36","1","3.7","54.99","83.99","0","1","13","4","9.09","0","0.0","58.99",,"0","0","1","2","4.55","0","0.0","58.99",,"0","0","1","2026-04-11"
"16x20 frame","414","6266","182000","127","0.07","2236","35.68","0","0.0","24.28",,"149","701","710","860","13.72","0","0.0","23.49",,"79","319","259","365","5.83","0","0.0","23.49",,"48","155","101","2026-04-11"
"24 x 36 poster frame","571","3928","111986","74","0.07","1647","41.93","0","0.0","41.88",,"9","436","509","683","17.39","0","0.0","39.99",,"1","194","204","254","6.47","0","0.0","39.99",,"1","87","85","2026-04-11"
"70 x 100 cm frame","620","111","3877","27","0.7","39","35.14","1","2.56","47.99","57.99","0","3","28","2","1.8","0","0.0","47.99",,"0","0","2","0","0.0","0",,,,"0","0","0","2026-04-11"
"dark grey shelves for bedroom 12” deep","883","10","223","10","4.48","7","70.0","1","14.29","34.82","28.99","0","5","2","0","0.0","0",,,,"0","0","0","0","0.0","0",,,,"0","0","0","2026-04-11"
"fancy wooden picture frame 11x8.5","244","2","120","4","3.33","1","50.0","1","100.0","21.99","21.99","0","0","0","1","50.0","1","100.0","21.99","21.99","0","0","0","0","0.0","0",,,,"0","0","0","2026-04-11"
"24 x 30 frame","490","685","20434","52","0.25","283","41.31","1","0.35","34.89","73.99","0","55","106","91","13.28","0","0.0","33.75",,"0","14","35","29","4.23","0","0.0","33.99",,"0","7","13","2026-04-11"
"oak frame","365","200","6596","177","2.68","79","39.5","0","0.0","20.99",,"7","30","16","19","9.5","0","0.0","15.15",,"1","10","2","6","3.0","0","0.0","14.99",,"0","6","0","2026-04-11"
"18x25 orange frame","87","3","59","1","1.69","1","33.33","1","100.0","49.99","49.99","0","0","0","1","33.33","1","100.0","49.99","49.99","0","0","0","1","33.33","1","100.0","49.99","49.99","0","0","0","2026-04-11"
"24x30 wood picture frames","257","34","721","3","0.42","16","47.06","1","6.25","61.19","73.99","0","5","7","3","8.82","1","33.33","34.99","73.99","0","0","2","1","2.94","0","0.0","31.98",,"0","0","0","2026-04-11"
"photo mat for inside an 8.5 x 11 frame.","530","4","88","7","7.95","2","50.0","2","100.0","19.99","19.99","0","2","0","0","0.0","0",,,,"0","0","0","0","0.0","0",,,,"0","0","0","2026-04-11"
"book shelf for wall","387","6014","153180","108","0.07","1582","26.31","1","0.06","29.97","28.99","124","573","322","329","5.47","0","0.0","27.1",,"35","126","60","37","0.62","0","0.0","24.99",,"7","20","2","2026-04-11"
"floating live edge shelves","124","98","2891","100","3.46","39","39.8","1","2.56","85.0","131.99","2","8","20","3","3.06","1","33.33","109.99","131.99","0","0","0","0","0.0","0",,,,"0","0","0","2026-04-11"
"custom picture frame","771","598","17080","14","0.08","195","32.61","1","0.51","16.99","87.99","3","24","12","10","1.67","0","0.0","14.99",,"1","4","0","1","0.17","0","0.0","14.99",,"0","0","0","2026-04-11"
"oak wall mounted shelves","926","18","375","8","2.13","12","66.67","1","8.33","31.99","28.99","1","6","4","1","5.56","0","0.0","15.99",,"1","0","0","0","0.0","0",,,,"0","0","0","2026-04-11"
"5 x 7 picture frame wood","719","56","1800","17","0.94","19","33.93","1","5.26","13.99","17.99","1","8","8","7","12.5","0","0.0","8.99",,"1","2","2","5","8.93","0","0.0","4.98",,"1","1","1","2026-04-11"
"corner wall shelf","624","6121","151833","26","0.02","2360","38.56","1","0.04","26.59","24.99","204","1160","474","469","7.66","0","0.0","24.99",,"49","257","78","69","1.13","0","0.0","22.99",,"7","53","6","2026-04-11"
"12 inch shelves","555","179","4356","41","0.94","86","48.04","1","1.16","24.99","28.99","5","51","10","1","0.56","0","0.0","9.99",,"0","1","0","0","0.0","0",,,,"0","0","0","2026-04-11"
"5x7 picture frames","188","1741","54385","12","0.02","593","34.06","1","0.17","16.99","17.99","77","343","106","250","14.36","1","0.4","15.96","17.99","39","141","50","114","6.55","0","0.0","13.99",,"23","69","19","2026-04-11"
"live edge wall shelf 48""","186","7","151","13","8.61","3","42.86","1","33.33","102.99","102.99","0","2","0","1","14.29","1","100.0","102.99","102.99","0","1","0","0","0.0","0",,,,"0","0","0","2026-04-11"
"6 x 8 picture frame","561","684","20910","77","0.37","323","47.22","0","0.0","8.99",,"21","183","77","144","21.05","0","0.0","8.99",,"14","80","32","60","8.77","0","0.0","8.4",,"7","40","10","2026-04-11"
"22x28 natural wood frame","171","14","522","21","4.02","10","71.43","1","10.0","38.99","64.99","0","2","3","8","57.14","1","12.5","33.97","64.99","0","2","2","0","0.0","0",,,,"0","0","0","2026-04-11"
"8x10 picture frame","13","62095","1569627","491","0.03","26586","42.82","9","0.03","9.99","18.99","5150","14333","4155","12460","20.07","2","0.02","8.99","18.99","2839","6848","1633","5576","8.98","0","0.0","7.58",,"1476","3167","622","2026-04-11"
"picture frames 4x6","125","10319","288522","62","0.02","3040","29.46","2","0.07","13.99","13.99","385","1702","496","1356","13.14","1","0.07","11.99","13.99","186","826","198","539","5.22","0","0.0","9.99",,"96","353","56","2026-04-11"
"12 inch deep floating shelves","501","254","7518","86","1.14","117","46.06","0","0.0","69.99",,"5","49","48","8","3.15","0","0.0","34.82",,"0","5","3","0","0.0","0",,,,"0","0","0","2026-04-11"
"8 inch floating shelf rustic wood","521","6","133","8","6.02","4","66.67","2","50.0","24.99","24.99","0","3","1","1","16.67","0","0.0","39.99",,"0","1","0","1","16.67","0","0.0","39.99",,"0","1","0","2026-04-11"
"walnut frame 16x20","662","65","1770","22","1.24","31","47.69","1","3.23","39.59","24.99","0","5","12","12","18.46","0","0.0","35.99",,"0","2","5","0","0.0","0",,,,"0","0","0","2026-04-11"
"wood 22x28 frame","787","10","204","13","6.37","3","30.0","1","33.33","53.81","64.99","0","0","2","1","10.0","0","0.0","53.81",,"0","0","0","0","0.0","0",,,,"0","0","0","2026-04-11"
"wall picture frames","465","2261","66643","64","0.1","624","27.6","1","0.16","24.99","20.99","58","296","136","121","5.35","0","0.0","22.99",,"20","53","24","22","0.97","0","0.0","19.99",,"4","10","4","2026-04-11"
"5x7 wood frame","156","274","9437","36","0.38","96","35.04","1","1.04","12.74","17.99","7","52","20","46","16.79","1","2.17","12.99","17.99","4","25","9","21","7.66","0","0.0","9.99",,"1","12","8","2026-04-11"
"single floating shelf for wall 8 inch deep","133","6","132","6","4.55","6","100.0","3","50.0","24.99","24.99","0","3","3","2","33.33","1","50.0","14.82","24.99","0","1","1","0","0.0","0",,,,"0","0","0","2026-04-11"
"11x14 picture frame with mat","2","5474","143132","1487","1.04","2395","43.75","30","1.25","18.99","21.99","389","1201","465","823","15.03","4","0.49","17.99","22.99","159","437","126","336","6.14","1","0.3","14.99","24.99","88","165","48","2026-04-11"
"27 by 40 frame","957","43","1030","8","0.78","19","44.19","1","5.26","85.49","87.99","0","2","6","2","4.65","0","0.0","85.49",,"0","0","0","1","2.33","0","0.0","89.99",,"0","0","0","2026-04-11"
"36 x 54 frame","967","68","1520","7","0.46","25","36.76","1","4.0","87.41","83.99","0","4","6","2","2.94","0","0.0","50.85",,"0","0","1","1","1.47","0","0.0","50.85",,"0","0","1","2026-04-11"
"12 inch deep wall shelf","475","39","1142","57","4.99","20","51.28","1","5.0","32.99","26.99","0","8","4","2","5.13","0","0.0","27.99",,"0","2","0","0","0.0","0",,,,"0","0","0","2026-04-11"
"3 1/2 x 5 picture frame","65","654","18891","3","0.02","251","38.38","1","0.4","7.88","13.99","18","151","57","85","13.0","1","1.18","7.19","13.99","5","49","22","39","5.96","1","2.56","6.99","13.99","2","19","15","2026-04-11"
"shelves for kitchen wall","643","610","17348","24","0.14","220","36.07","1","0.45","25.99","63.99","26","97","61","41","6.72","0","0.0","23.99",,"7","19","9","4","0.66","0","0.0","19.99",,"1","1","2","2026-04-11"
"18 x 24 art set walnut frame","312","1","60","1","1.67","1","100.0","1","100.0","53.99","53.99","0","0","0","1","100.0","1","100.0","53.99","53.99","0","0","0","0","0.0","0",,,,"0","0","0","2026-04-11"
"6x8 matted to 5x7 picture frame","447","64","1510","35","2.32","21","32.81","2","9.52","14.99","14.99","0","14","0","5","7.81","0","0.0","14.99",,"0","4","0","1","1.56","0","0.0","14.99",,"0","1","0","2026-04-11"
"8x10 wall frame","810","583","16341","12","0.07","242","41.51","1","0.41","16.14","20.99","39","126","58","73","12.52","0","0.0","16.99",,"14","43","15","20","3.43","0","0.0","8.99",,"4","15","1","2026-04-11"
"18 x 28 frame wood","307","3","63","1","1.59","1","33.33","1","100.0","67.99","67.99","0","0","0","1","33.33","1","100.0","67.99","67.99","0","0","0","0","0.0","0",,,,"0","0","0","2026-04-11"
"10 inch depth wall shelf","514","20","420","9","2.14","13","65.0","2","15.38","35.99","26.99","0","9","3","0","0.0","0",,,,"0","0","0","0","0.0","0",,,,"0","0","0","2026-04-11"
"shelf 12 deep 30 weight capacity","780","9","232","14","6.03","6","66.67","1","16.67","30.0","26.18","0","3","3","2","22.22","0","0.0","30.0",,"0","2","0","0","0.0","0",,,,"0","0","0","2026-04-11"
"11x14 picture frame wood","612","633","17103","66","0.39","278","43.92","0","0.0","14.95",,"21","163","67","88","13.9","0","0.0","14.99",,"10","49","22","34","5.37","0","0.0","10.82",,"7","21","4","2026-04-11"
"natual wood 22x28 frame","42","3","72","6","8.33","3","100.0","1","33.33","55.79","64.99","0","1","0","1","33.33","1","100.0","64.99","64.99","0","1","0","1","33.33","1","100.0","64.99","64.99","0","1","0","2026-04-11"
"shelves for wall","119","7286","190656","113","0.06","2207","30.29","1","0.05","24.98","24.99","312","923","431","507","6.96","1","0.2","22.99","24.99","67","206","111","64","0.88","0","0.0","20.99",,"12","28","13","2026-04-11"
"floating shelves 12 inches deep","455","318","9188","106","1.15","116","36.48","0","0.0","42.99",,"5","61","32","12","3.77","0","0.0","33.99",,"3","8","1","6","1.89","0","0.0","29.99",,"1","5","0","2026-04-11"
"wood shelving","341","681","22393","144","0.64","232","34.07","3","1.29","54.99","89.99","17","54","60","27","3.96","0","0.0","39.99",,"4","6","5","2","0.29","0","0.0","98.99",,"0","0","1","2026-04-11"
"11x14 picture frame with stand","712","461","12682","54","0.43","257","55.75","0","0.0","13.99",,"21","170","37","61","13.23","0","0.0","12.99",,"2","43","9","28","6.07","0","0.0","14.99",,"1","21","3","2026-04-11"
"8 x 10 wood frame with mat","512","7","133","10","7.52","4","57.14","2","50.0","17.99","17.99","2","2","0","1","14.29","0","0.0","24.98",,"0","1","0","1","14.29","0","0.0","24.98",,"0","1","0","2026-04-11"
"27x40 frame","839","414","12202","48","0.39","138","33.33","0","0.0","47.99",,"0","24","38","44","10.63","0","0.0","42.99",,"0","10","13","13","3.14","0","0.0","47.99",,"0","3","5","2026-04-11"
"picture frame matted to 11x14","586","241","6502","33","0.51","106","43.98","1","0.94","22.99","38.99","1","51","38","32","13.28","0","0.0","23.34",,"0","17","10","9","3.73","0","0.0","23.34",,"0","3","6","2026-04-11"
"estante de pared","625","487","11693","26","0.22","152","31.21","1","0.66","26.59","24.99","10","47","34","25","5.13","0","0.0","24.98",,"1","10","6","2","0.41","0","0.0","19.99",,"0","2","0","2026-04-11"
"single wall shelf","626","398","10965","26","0.24","119","29.9","1","0.84","15.19","28.99","17","54","27","17","4.27","0","0.0","14.99",,"2","8","5","3","0.75","0","0.0","11.19",,"0","3","0","2026-04-11"
"wooden shelves for wall","500","3535","86828","86","0.1","1257","35.56","0","0.0","27.97",,"164","471","258","240","6.79","0","0.0","26.99",,"26","87","55","16","0.45","0","0.0","20.99",,"3","8","3","2026-04-11"
"portaretratos pared madera","180","11","231","17","7.36","9","81.82","1","11.11","77201.22","77201.22","0","0","0","2","18.18","1","50.0","29387.22","77201.22","0","0","0","0","0.0","0",,,,"0","0","0","2026-04-11"
"18x24 frame with mat","393","1402","40604","101","0.25","589","42.01","1","0.17","34.99","21.99","13","192","215","171","12.2","0","0.0","34.99",,"4","57","62","56","3.99","0","0.0","30.99",,"2","18","22","2026-04-11"
"6x8 wooden frames","229","9","194","6","3.09","1","11.11","1","100.0","16.99","16.99","0","0","0","1","11.11","1","100.0","16.99","16.99","0","0","0","0","0.0","0",,,,"0","0","0","2026-04-11"
"8 inch depth wall shelves","851","4","82","11","13.41","2","50.0","1","50.0","24.99","24.99","0","1","1","0","0.0","0",,,,"0","0","0","0","0.0","0",,,,"0","0","0","2026-04-11"
"8x10 wood frame","389","666","19486","67","0.34","306","45.95","2","0.65","9.99","18.99","22","186","65","108","16.22","0","0.0","9.99",,"9","69","17","42","6.31","0","0.0","9.99",,"3","31","6","2026-04-11"
"walnut frame","374","346","9423","125","1.33","130","37.57","1","0.77","26.99","24.99","8","63","40","29","8.38","0","0.0","18.99",,"4","16","4","3","0.87","0","0.0","14.99",,"0","3","0","2026-04-11"
"repisas flotantes de pared","355","11779","258018","125","0.05","4305","36.55","2","0.05","23.99","24.99","590","1347","544","565","4.8","0","0.0","22.19",,"107","194","56","75","0.64","0","0.0","20.99",,"21","35","10","2026-04-11"
"30 x 40 inch frame with mat","212","61","2228","7","0.31","18","29.51","1","5.56","65.85","87.99","0","3","3","4","6.56","1","25.0","49.99","87.99","0","1","2","0","0.0","0",,,,"0","0","0","2026-04-11"
"7 inch wide wall shelf","169","16","694","21","3.03","7","43.75","1","14.29","20.99","27.99","1","4","1","1","6.25","1","100.0","27.99","27.99","0","0","1","0","0.0","0",,,,"0","0","0","2026-04-11"
"rounded wooden frame 18x24","149","6","120","6","5.0","6","100.0","2","33.33","53.99","49.99","0","4","1","3","50.0","1","33.33","58.79","49.99","0","3","0","1","16.67","0","0.0","69.99",,"0","1","0","2026-04-11"
"12x16 walnut frame","627","38","1183","26","2.2","20","52.63","1","5.0","26.99","26.99","1","8","9","6","15.79","0","0.0","9.99",,"0","4","2","2","5.26","0","0.0","24.64",,"0","2","0","2026-04-11"
"shelf board","853","1088","32999","48","0.15","416","38.24","0","0.0","17.99",,"22","90","66","36","3.31","0","0.0","22.71",,"4","13","5","3","0.28","0","0.0","16.99",,"1","1","0","2026-04-11"
"rounded photo frames","86","1","22","1","4.55","1","100.0","1","100.0","13.99","13.99","0","0","1","1","100.0","1","100.0","13.99","13.99","0","0","1","1","100.0","1","100.0","13.99","13.99","0","0","1","2026-04-11"
"shelf with brackets","567","337","9666","39","0.4","107","31.75","1","0.93","19.99","24.99","13","64","22","16","4.75","0","0.0","19.98",,"4","8","3","7","2.08","0","0.0","19.98",,"2","3","1","2026-04-11"
"real wood floating shelf","632","50","1253","25","2.0","32","64.0","1","3.13","53.99","131.99","0","10","6","4","8.0","0","0.0","45.99",,"0","1","1","2","4.0","0","0.0","39.99",,"0","0","1","2026-04-11"
"repisa de pared de 37 8 1","978","8","149","7","4.7","5","62.5","1","20.0","47.49","48.99","0","0","0","0","0.0","0",,,,"0","0","0","0","0.0","0",,,,"0","0","0","2026-04-11"
"12 inch deep wood shelf boards","854","7","142","11","7.75","4","57.14","1","25.0","36.99","63.99","0","2","0","0","0.0","0",,,,"0","0","0","0","0.0","0",,,,"0","0","0","2026-04-11"
"11x14 frame with mat","763","698","21827","52","0.24","288","41.26","0","0.0","18.89",,"49","151","51","102","14.61","0","0.0","15.98",,"18","60","15","41","5.87","0","0.0","9.99",,"12","21","6","2026-04-11"
"live edge shelves floating","543","44","1023","42","4.11","19","43.18","1","5.26","94.99","114.99","0","6","11","3","6.82","0","0.0","89.99",,"0","1","1","0","0.0","0",,,,"0","0","0","2026-04-11"
"shelving wall mounted","369","2586","69624","171","0.25","837","32.37","0","0.0","29.99",,"112","357","181","125","4.83","0","0.0","28.49",,"17","53","27","22","0.85","0","0.0","29.97",,"4","7","5","2026-04-11"
"wall bookshelf","483","7922","191777","91","0.05","2510","31.68","0","0.0","29.98",,"204","1022","548","494","6.24","0","0.0","29.97",,"46","216","105","55","0.69","0","0.0","29.97",,"9","33","8","2026-04-11"
"11x14 walnut frame","416","73","2112","52","2.46","40","54.79","2","5.0","26.99","24.99","3","17","17","15","20.55","0","0.0","26.99",,"3","7","5","10","13.7","0","0.0","26.99",,"2","4","4","2026-04-11"
"heavy duty wall shelves","451","481","14310","71","0.5","155","32.22","1","0.65","44.97","26.99","11","47","38","22","4.57","0","0.0","44.97",,"0","6","5","2","0.42","0","0.0","44.97",,"0","0","0","2026-04-11"
"mid century modern 20x24 frame 2in depth","953","5","121","8","6.61","5","100.0","1","20.0","59.99","53.99","0","1","1","0","0.0","0",,,,"0","0","0","0","0.0","0",,,,"0","0","0","2026-04-11"
"large walnut frames","644","14","325","24","7.38","7","50.0","1","14.29","49.99","45.99","0","6","1","0","0.0","0",,,,"0","0","0","0","0.0","0",,,,"0","0","0","2026-04-11"
"matted to16x24 frame wood","707","6","134","18","13.43","2","33.33","1","50.0","31.99","45.99","0","2","0","1","16.67","0","0.0","31.99",,"0","1","0","0","0.0","0",,,,"0","0","0","2026-04-11"
"13xz16 walnut frame","78","1","20","1","5.0","1","100.0","1","100.0","24.99","24.99","0","1","0","1","100.0","1","100.0","24.99","24.99","0","1","0","1","100.0","1","100.0","24.99","24.99","0","1","0","2026-04-11"
"giant frame with mat","864","7","199","11","5.53","4","57.14","1","25.0","69.99","87.99","0","0","1","0","0.0","0",,,,"0","0","0","0","0.0","0",,,,"0","0","0","2026-04-11"
"16 x 20 picture frame light wood rounded corners","69","1","60","2","3.33","3","300.0","1","33.33","43.99","38.99","0","0","3","3","300.0","1","33.33","43.99","38.99","0","0","3","1","100.0","1","100.0","38.99","38.99","0","0","1","2026-04-11"
"laundry room shelf","902","2576","65023","9","0.01","910","35.33","1","0.11","36.99","48.99","84","356","168","178","6.91","0","0.0","33.99",,"16","81","32","15","0.58","0","0.0","29.95",,"4","6","4","2026-04-11"
"matted to 24x36 frame","480","37","812","54","6.65","26","70.27","1","3.85","81.99","87.99","0","0","1","4","10.81","0","0.0","98.99",,"0","0","0","0","0.0","0",,,,"0","0","0","2026-04-11"
"12 inch kitchen shelf","750","39","791","15","1.9","15","38.46","1","6.67","27.99","24.99","0","6","4","0","0.0","0",,,,"0","0","0","0","0.0","0",,,,"0","0","0","2026-04-11"
"30x40 wood frame","740","118","3787","16","0.42","63","53.39","1","1.59","76.99","87.99","0","5","6","9","7.63","0","0.0","99.99",,"0","1","0","0","0.0","0",,,,"0","0","0","2026-04-11"
"wood floating shelves","114","4231","108179","279","0.26","1844","43.58","5","0.27","29.99","114.99","271","734","401","289","6.83","0","0.0","27.99",,"46","117","62","40","0.95","0","0.0","26.99",,"8","19","8","2026-04-11"
"floating shelves for laundry room","730","760","19621","16","0.08","327","43.03","1","0.31","37.99","48.99","23","130","80","46","6.05","0","0.0","32.99",,"8","22","6","5","0.66","0","0.0","24.98",,"1","4","0","2026-04-11"
"picture frames 8.5 x 11","12","3973","125988","783","0.62","1520","38.26","10","0.66","11.99","19.99","270","791","233","680","17.12","2","0.29","10.26","19.99","147","349","91","410","10.32","0","0.0","9.99",,"104","219","51","2026-04-11"
"small shelf with brackets","538","34","707","6","0.85","6","17.65","2","33.33","13.47","24.99","1","4","1","1","2.94","0","0.0","5.99",,"0","1","0","1","2.94","0","0.0","5.99",,"0","1","0","2026-04-11"
"bronze 11x14 picture frame","827","73","1604","12","0.75","42","57.53","1","2.38","20.99","24.99","1","22","12","14","19.18","0","0.0","20.99",,"0","8","3","4","5.48","0","0.0","19.99",,"0","4","0","2026-04-11"
"gray wooden picture frames 5x7","855","21","445","11","2.47","9","42.86","1","11.11","15.93","14.99","1","4","3","2","9.52","0","0.0","6.99",,"0","1","1","0","0.0","0",,,,"0","0","0","2026-04-11"
"black wall shelves for office","430","5","98","6","6.12","3","60.0","3","100.0","24.99","24.99","0","3","0","0","0.0","0",,,,"0","0","0","0","0.0","0",,,,"0","0","0","2026-04-11"
"self","681","4118","89294","57","0.06","376","9.13","0","0.0","26.95",,"45","105","42","60","1.46","0","0.0","16.71",,"7","13","3","15","0.36","0","0.0","0.0",,"1","0","0","2026-04-11"
"wood floating shelf for wall","549","56","1359","41","3.02","28","50.0","1","3.57","69.99","114.99","0","6","11","1","1.79","0","0.0","34.99",,"0","1","0","0","0.0","0",,,,"0","0","0","2026-04-11"
"wood 11x14 picture frames","382","902","19862","112","0.56","405","44.9","1","0.25","14.99","24.99","36","218","101","112","12.42","0","0.0","13.99",,"11","63","24","53","5.88","0","0.0","11.99",,"9","30","9","2026-04-11"
"8x10 oak frame","742","69","1509","16","1.06","24","34.78","1","4.17","17.99","18.99","0","18","6","10","14.49","0","0.0","17.99",,"0","7","3","6","8.7","0","0.0","15.19",,"0","6","0","2026-04-11"
"shelf 8 inch deep","400","53","1547","60","3.88","20","37.74","2","10.0","27.99","24.99","0","5","7","2","3.77","0","0.0","22.49",,"0","1","0","0","0.0","0",,,,"0","0","0","2026-04-11"
"black floating shelves","386","7012","164124","109","0.07","3185","45.42","1","0.03","25.18","24.99","530","1378","642","849","12.11","0","0.0","23.99",,"172","375","154","190","2.71","0","0.0","22.61",,"54","91","34","2026-04-11"
"11x14 frame with stand","663","132","3834","21","0.55","82","62.12","1","1.22","11.99","20.99","16","42","15","17","12.88","0","0.0","13.99",,"0","10","4","10","7.58","0","0.0","9.99",,"0","6","4","2026-04-11"
"office wall shelf","700","369","10822","18","0.17","99","26.83","1","1.01","26.34","24.99","10","55","26","13","3.52","0","0.0","27.99",,"0","10","2","4","1.08","0","0.0","24.69",,"0","4","0","2026-04-11"
"wood shelves for wall","603","3198","78470","67","0.09","1182","36.96","0","0.0","28.99",,"170","448","231","215","6.72","0","0.0","27.82",,"26","84","53","35","1.09","0","0.0","26.99",,"8","15","8","2026-04-11"
"sold wood shelves invisible brackets","288","2","44","2","4.55","2","100.0","1","50.0","69.99","112.99","0","0","2","1","50.0","1","100.0","112.99","112.99","0","0","1","0","0.0","0",,,,"0","0","0","2026-04-11"
"12x16 matted to 8.5x11","234","9","310","5","1.61","6","66.67","1","16.67","12.59","25.99","0","3","3","3","33.33","1","33.33","22.74","25.99","0","2","1","1","11.11","0","0.0","12.59",,"0","1","0","2026-04-11"
"metal and wood wall shelf","781","81","1719","14","0.81","31","38.27","1","3.23","31.98","63.99","1","10","12","0","0.0","0",,,,"0","0","0","0","0.0","0",,,,"0","0","0","2026-04-11"
"wood picture frames 4x6","705","237","7182","18","0.25","95","40.08","1","1.05","16.37","12.99","10","54","25","34","14.35","0","0.0","15.99",,"6","19","8","10","4.22","0","0.0","9.99",,"1","7","2","2026-04-11"
"3.5x5 mat","70","11","429","2","0.47","8","72.73","1","12.5","7.99","13.99","2","5","1","3","27.27","1","33.33","7.99","13.99","1","2","0","1","9.09","1","100.0","13.99","13.99","0","1","0","2026-04-11"
"decorative shelf","912","1279","32726","9","0.03","291","22.75","1","0.34","29.99","24.99","27","82","67","56","4.38","0","0.0","28.49",,"7","16","12","4","0.31","0","0.0","23.74",,"0","2","1","2026-04-11"
"marco de fotos de dibujos animados","274","2","41","2","4.88","1","50.0","1","100.0","17.99","17.99","0","0","0","1","50.0","1","100.0","17.99","17.99","0","0","0","0","0.0","0",,,,"0","0","0","2026-04-11"
"walnut frame 11x14","900","35","714","9","1.26","20","57.14","1","5.0","26.99","24.99","0","14","4","5","14.29","0","0.0","16.99",,"0","4","1","3","8.57","0","0.0","16.99",,"0","3","0","2026-04-11"
"brown 22x28 frame with mat","768","12","254","14","5.51","9","75.0","1","11.11","64.99","64.99","0","0","3","0","0.0","0",,,,"0","0","0","0","0.0","0",,,,"0","0","0","2026-04-11"
"heavy duty wall mounted shelves","638","123","3386","25","0.74","45","36.59","1","2.22","63.99","63.99","3","8","16","10","8.13","0","0.0","116.99",,"0","3","5","1","0.81","0","0.0","44.97",,"0","1","0","2026-04-11"
"unique wood floating shelves","699","7","410","18","4.39","3","42.86","1","33.33","114.99","114.99","0","1","2","1","14.29","0","0.0","59.99",,"0","0","1","0","0.0","0",,,,"0","0","0","2026-04-11"
"frame matted to 8x10","917","249","8472","8","0.09","94","37.75","1","1.06","19.99","20.99","8","56","19","35","14.06","0","0.0","16.99",,"4","25","4","17","6.83","0","0.0","11.99",,"3","14","0","2026-04-11"
"picture frames large","723","338","9793","17","0.17","96","28.4","1","1.04","34.99","57.99","11","30","29","35","10.36","0","0.0","37.99",,"6","12","9","6","1.78","0","0.0","7.19",,"2","2","2","2026-04-11"
"wooden shelf for wall","590","896","24393","32","0.13","260","29.02","1","0.38","23.99","24.99","22","88","59","50","5.58","0","0.0","23.99",,"5","11","10","6","0.67","0","0.0","19.98",,"1","2","2","2026-04-11"
"5x7 frames","880","1923","61022","10","0.02","764","39.73","1","0.13","17.99","14.99","118","433","130","302","15.7","0","0.0","16.99",,"63","169","48","139","7.23","0","0.0","15.99",,"36","78","18","2026-04-11"
"12x16","34","291","8221","13","0.16","96","32.99","1","1.04","9.99","25.99","11","43","14","37","12.71","1","2.7","8.99","25.99","7","17","6","10","3.44","1","10.0","8.99","25.99","4","3","3","2026-04-11"
"adhesive 8 inch deep shelves","666","11","246","21","8.54","6","54.55","1","16.67","24.99","24.99","0","0","5","0","0.0","0",,,,"0","0","0","0","0.0","0",,,,"0","0","0","2026-04-11"
"wooden frames","167","1337","40841","278","0.68","399","29.84","1","0.25","22.99","24.99","35","209","69","137","10.25","0","0.0","20.99",,"19","71","22","27","2.02","0","0.0","18.99",,"2","19","3","2026-04-11"
"small shelf for wall wood beach theme","247","7","144","4","2.78","6","85.71","1","16.67","19.99","27.99","0","2","3","3","42.86","1","33.33","19.99","27.99","0","1","1","0","0.0","0",,,,"0","0","0","2026-04-11"
"wall frames","516","2710","75526","83","0.11","648","23.91","0","0.0","24.99",,"68","294","134","150","5.54","0","0.0","24.99",,"18","62","33","23","0.85","0","0.0","20.4",,"7","9","3","2026-04-11"
"wood picture frames 11x14 with mat","986","8","167","7","4.19","2","25.0","1","50.0","26.99","38.99","0","0","0","1","12.5","0","0.0","26.99",,"0","0","0","0","0.0","0",,,,"0","0","0","2026-04-11"
"wooden frame matted to 11x14","262","9","236","3","1.27","6","66.67","1","16.67","25.99","20.99","0","3","1","2","22.22","1","50.0","20.99","20.99","0","1","0","0","0.0","0",,,,"0","0","0","2026-04-11"
"60” floating shelf real wood live edge","989","4","90","7","7.78","1","25.0","1","100.0","131.99","131.99","0","0","0","0","0.0","0",,,,"0","0","0","0","0.0","0",,,,"0","0","0","2026-04-11"
"wall shelf heavy duty","520","174","4395","45","1.02","70","40.23","1","1.43","39.99","28.99","5","29","19","8","4.6","0","0.0","35.95",,"0","4","2","0","0.0","0",,,,"0","0","0","2026-04-11"
"wall shelves no drilling","464","150","3616","27","0.75","79","52.67","2","2.53","20.99","24.99","12","30","15","7","4.67","0","0.0","16.88",,"0","4","3","2","1.33","0","0.0","11.29",,"0","2","0","2026-04-11"
"12 x 16 wood frame","226","70","1996","6","0.3","30","42.86","1","3.33","19.99","25.99","0","8","16","14","20.0","1","7.14","25.99","25.99","0","3","8","6","8.57","0","0.0","32.99",,"0","1","5","2026-04-11"
"floating shelves bathroom live edge","887","27","1476","47","3.18","19","70.37","0","0.0","98.99",,"0","9","5","0","0.0","0",,,,"0","0","0","0","0.0","0",,,,"0","0","0","2026-04-11"
"13 inch length wall shelf","956","4","240","8","3.33","3","75.0","1","33.33","25.99","24.99","0","2","1","0","0.0","0",,,,"0","0","0","0","0.0","0",,,,"0","0","0","2026-04-11"
"70 inch live edge floating shelf","606","20","521","30","5.76","9","45.0","1","11.11","119.99","179.99","0","0","1","0","0.0","0",,,,"0","0","0","0","0.0","0",,,,"0","0","0","2026-04-11"
"wood picture frame","407","630","20878","132","0.63","185","29.37","0","0.0","16.99",,"16","99","40","47","7.46","0","0.0","15.29",,"5","30","7","11","1.75","0","0.0","14.95",,"2","7","2","2026-04-11"
"no hole shelves for wall","999","17","509","7","1.38","8","47.06","1","12.5","19.99","24.99","1","5","0","0","0.0","0",,,,"0","0","0","0","0.0","0",,,,"0","0","0","2026-04-11"
"floating shelf acacia wood","775","8","166","14","8.43","4","50.0","1","25.0","47.98","114.99","0","0","1","0","0.0","0",,,,"0","0","0","0","0.0","0",,,,"0","0","0","2026-04-11"
"thin oak frame 12x16","481","9","181","17","9.39","8","88.89","2","25.0","32.99","25.99","0","0","2","0","0.0","0",,,,"0","0","0","0","0.0","0",,,,"0","0","0","2026-04-11"
"16x24 picture frame","120","3201","81408","254","0.31","1336","41.74","4","0.3","25.49","45.99","66","464","449","551","17.21","0","0.0","24.99",,"34","216","187","185","5.78","0","0.0","24.29",,"15","76","64","2026-04-11"
"live edge 48"" shelf","529","3","70","7","10.0","3","100.0","2","66.67","102.99","102.99","0","0","1","0","0.0","0",,,,"0","0","0","0","0.0","0",,,,"0","0","0","2026-04-11"
"30x40 picture frame","340","1918","48973","146","0.3","809","42.18","3","0.37","55.99","87.99","22","212","215","196","10.22","0","0.0","53.99",,"6","62","58","65","3.39","0","0.0","46.99",,"4","22","20","2026-04-11"
"heavy duty shelf","640","2099","62399","24","0.04","876","41.73","1","0.11","58.49","51.99","35","107","120","117","5.57","0","0.0","49.99",,"9","15","15","20","0.95","0","0.0","56.32",,"2","4","4","2026-04-11"
"floating wall solid wood shelves for living room","73","2","52","2","3.85","2","100.0","1","50.0","75.99","109.6","0","0","0","1","50.0","1","100.0","109.6","109.6","0","0","0","1","50.0","1","100.0","98.45","98.45","0","0","0","2026-04-11"
"24x36 poster frame","100","19322","461566","218","0.05","7510","38.87","5","0.07","41.88","81.99","43","2110","2462","3089","15.99","1","0.03","39.99","76.99","7","921","975","1089","5.64","0","0.0","39.99",,"3","404","343","2026-04-11"
"5 x 7 picture frame rounded wood","782","14","302","13","4.3","5","35.71","1","20.0","16.99","16.99","0","0","4","0","0.0","0",,,,"0","0","0","0","0.0","0",,,,"0","0","0","2026-04-11"
"12 inch wall mounted shelf","253","2","120","4","3.33","5","250.0","1","20.0","29.97","24.99","3","2","0","1","50.0","1","100.0","24.99","24.99","1","0","0","0","0.0","0",,,,"0","0","0","2026-04-11"
"8.5 by 11 picture frame wood","123","96","2274","67","2.95","46","47.92","2","4.35","10.99","21.99","2","26","12","19","19.79","1","5.26","11.99","21.99","0","13","4","10","10.42","0","0.0","9.99",,"0","8","2","2026-04-11"
"22x28 matted frame acid free matt","812","7","155","12","7.74","4","57.14","1","25.0","59.99","64.99","0","0","2","0","0.0","0",,,,"0","0","0","0","0.0","0",,,,"0","0","0","2026-04-11"
"5 incjes in depth wood shelf","882","5","110","10","9.09","3","60.0","1","33.33","69.99","112.99","0","0","2","0","0.0","0",,,,"0","0","0","0","0.0","0",,,,"0","0","0","2026-04-11"
"frame 5x7 beautiful","316","4","89","1","1.12","6","150.0","1","16.67","16.99","14.99","0","1","4","5","125.0","1","20.0","23.19","14.99","0","1","3","0","0.0","0",,,,"0","0","0","2026-04-11"
"wall shelves heavy duty","597","168","4132","32","0.77","63","37.5","1","1.59","47.47","24.99","5","16","24","13","7.74","0","0.0","44.97",,"2","3","6","3","1.79","0","0.0","29.99",,"2","0","0","2026-04-11"
"black metal wall shelf","940","382","9820","8","0.08","133","34.82","1","0.75","23.99","24.99","6","71","30","26","6.81","0","0.0","22.99",,"0","13","6","0","0.0","0",,,,"0","0","0","2026-04-11"
"thin wood 16 x 24 frame","689","18","401","19","4.74","12","66.67","1","8.33","45.99","45.99","0","3","5","0","0.0","0",,,,"0","0","0","0","0.0","0",,,,"0","0","0","2026-04-11"
"white shelves 16x12","52","2","40","4","10.0","1","50.0","1","100.0","24.99","24.99","0","0","1","1","50.0","1","100.0","24.99","24.99","0","0","1","1","50.0","1","100.0","24.99","24.99","0","0","1","2026-04-11"
"real wood 36 inch floating shelf 8 inch deep","173","31","643","90","14.0","20","64.52","6","30.0","79.99","112.99","0","7","5","1","3.23","0","0.0","50.99",,"0","0","0","1","3.23","0","0.0","39.99",,"0","0","0","2026-04-11"
"poster frames 24 x 36 inches","693","6100","160914","56","0.03","1879","30.8","0","0.0","36.99",,"23","442","560","719","11.79","0","0.0","36.99",,"3","171","216","265","4.34","0","0.0","36.99",,"1","80","87","2026-04-11"
"floating shelves 8in brown","950","8","147","8","5.44","6","75.0","1","16.67","46.52","24.99","0","0","6","2","25.0","0","0.0","24.99",,"0","0","2","0","0.0","0",,,,"0","0","0","2026-04-11"
"hanging shelves","696","8620","223616","56","0.03","2979","34.56","0","0.0","22.99",,"420","1338","579","711","8.25","0","0.0","20.99",,"100","307","140","107","1.24","0","0.0","19.98",,"31","48","15","2026-04-11"
"wood floating shelf","338","1000","27283","234","0.86","339","33.9","1","0.29","29.99","114.99","30","141","85","59","5.9","0","0.0","27.99",,"7","25","18","8","0.8","0","0.0","27.99",,"3","2","1","2026-04-11"
"wall shelving unit","758","608","16798","15","0.09","203","33.39","1","0.49","59.99","24.99","16","60","56","26","4.28","0","0.0","49.99",,"0","7","13","1","0.16","0","0.0","26.99",,"0","0","1","2026-04-11"
"marlow glen picture frame","588","574","14313","33","0.23","79","13.76","1","1.27","26.99","20.99","1","29","27","13","2.26","0","0.0","31.99",,"0","4","3","0","0.0","0",,,,"0","0","0","2026-04-11"
"16x24 frame for canvas print 1.5 deep","785","32","662","13","1.96","15","46.88","1","6.67","45.99","45.99","0","7","2","1","3.13","0","0.0","41.59",,"0","0","1","0","0.0","0",,,,"0","0","0","2026-04-11"
"2ft by 1ft wall shelves","859","16","960","48","5.0","13","81.25","0","0.0","37.97",,"0","0","1","0","0.0","0",,,,"0","0","0","0","0.0","0",,,,"0","0","0","2026-04-11"
"5x7 frame with mat","111","649","18916","181","0.96","267","41.14","2","0.75","10.99","16.99","37","155","61","80","12.33","1","1.25","8.99","16.99","17","40","19","31","4.78","0","0.0","7.99",,"9","14","7","2026-04-11"
"hylla","778","40","770","14","1.82","12","30.0","1","8.33","25.99","24.99","0","0","0","0","0.0","0",,,,"0","0","0","0","0.0","0",,,,"0","0","0","2026-04-11"
"poster frame 16x24","26","544","15939","13","0.08","196","36.03","2","1.02","22.99","45.99","8","70","74","88","16.18","1","1.14","22.99","45.99","5","36","30","43","7.9","1","2.33","22.99","45.99","3","24","10","2026-04-11"
"4 x 6 wood and black frames","568","17","340","2","0.59","9","52.94","2","22.22","14.99","12.99","0","7","2","0","0.0","0",,,,"0","0","0","0","0.0","0",,,,"0","0","0","2026-04-11"
"8-inch deep light light natural oak (matte finish)wood floating shelves (set of 2)","728","8","264","17","6.44","4","50.0","1","25.0","36.99","112.99","0","1","1","1","12.5","0","0.0","83.99",,"0","0","0","1","12.5","0","0.0","83.99",,"0","0","0","2026-04-11"
"vintage oak frame","290","6","131","2","1.53","3","50.0","1","33.33","19.99","17.99","0","1","1","2","33.33","1","50.0","17.99","17.99","0","1","1","0","0.0","0",,,,"0","0","0","2026-04-11"
"11x14 wood picture frames","215","264","5509","7","0.13","126","47.73","1","0.79","12.99","20.99","5","87","17","38","14.39","1","2.63","9.99","20.99","3","29","5","12","4.55","0","0.0","9.99",,"1","9","2","2026-04-11"
"5x7 picture frame","96","37167","948636","245","0.03","15359","41.32","5","0.03","9.99","14.99","2306","8988","2599","7323","19.7","1","0.01","8.99","17.99","1305","4334","1109","3447","9.27","0","0.0","8.99",,"726","2111","454","2026-04-11"
"glass frame","613","1206","31535","29","0.09","323","26.78","1","0.31","18.98","16.99","24","167","67","80","6.63","0","0.0","16.19",,"7","43","15","13","1.08","0","0.0","16.19",,"3","6","4","2026-04-11"
"natural oak 24 x 36 large picture frame with mat 20 by 30 rounded edge","925","3","99","8","8.08","2","66.67","1","50.0","56.93","76.99","0","1","1","0","0.0","0",,,,"0","0","0","0","0.0","0",,,,"0","0","0","2026-04-11"
"photo frame 10x8 1/2","922","12","242","8","3.31","7","58.33","1","14.29","15.98","19.99","3","2","2","0","0.0","0",,,,"0","0","0","0","0.0","0",,,,"0","0","0","2026-04-11"
"warm walnut 34x30 frame","790","15","332","13","3.92","35","233.33","1","2.86","89.99","83.99","0","10","2","1","6.67","0","0.0","115.65",,"0","0","0","1","6.67","0","0.0","115.65",,"0","0","0","2026-04-11"
"real wood floating shelves","371","473","13465","128","0.95","234","49.47","1","0.43","65.99","114.99","4","69","80","11","2.33","0","0.0","79.99",,"0","4","0","2","0.42","0","0.0","35.99",,"0","1","0","2026-04-11"
"5x7 matted picture frame","546","725","20052","79","0.39","302","41.66","0","0.0","16.14",,"53","146","80","107","14.76","0","0.0","15.99",,"19","54","25","42","5.79","0","0.0","9.99",,"11","21","8","2026-04-11"
"projector shelf black","250","39","1220","4","0.33","12","30.77","1","8.33","17.99","26.99","0","2","6","3","7.69","1","33.33","16.99","26.99","0","0","2","0","0.0","0",,,,"0","0","0","2026-04-11"
"wood shelves for wall, flat edge 36""w x 9.2""d","622","34","675","27","4.0","18","52.94","1","5.56","49.99","112.99","0","5","10","0","0.0","0",,,,"0","0","0","0","0.0","0",,,,"0","0","0","2026-04-11"
"12x16 real walnut wood frame thin","959","8","177","8","4.52","7","87.5","1","14.29","35.99","26.99","0","0","5","0","0.0","0",,,,"0","0","0","0","0.0","0",,,,"0","0","0","2026-04-11"
"ikea frame marietorp","565","2","41","2","4.88","12","600.0","2","16.67","37.99","24.99","0","0","0","0","0.0","0",,,,"0","0","0","0","0.0","0",,,,"0","0","0","2026-04-11"
"white wall shelves","574","2536","63486","73","0.11","1030","40.62","0","0.0","25.99",,"154","453","190","267","10.53","0","0.0","25.99",,"30","122","58","47","1.85","0","0.0","24.98",,"10","20","11","2026-04-11"
"22x28 floating frame for canvas","994","14","295","7","2.37","6","42.86","1","16.67","76.99","64.99","0","0","1","0","0.0","0",,,,"0","0","0","0","0.0","0",,,,"0","0","0","2026-04-11"
"cuadros para fotos de pared","437","1071","23881","42","0.18","351","32.77","2","0.57","22.99","21.99","49","130","27","52","4.86","0","0.0","22.99",,"13","19","6","6","0.56","0","0.0","19.99",,"0","2","1","2026-04-11"
"wall shelves 8"" wide","218","3","66","6","9.09","3","100.0","1","33.33","19.99","24.99","0","0","3","2","66.67","1","50.0","19.99","24.99","0","0","2","0","0.0","0",,,,"0","0","0","2026-04-11"
"wall shelves for laundry room 8 inch depth","949","2","40","8","20.0","1","50.0","1","100.0","24.99","24.99","0","0","0","0","0.0","0",,,,"0","0","0","0","0.0","0",,,,"0","0","0","2026-04-11"
"18x24 frame rounded corners","99","27","796","38","4.77","14","51.85","3","21.43","55.99","49.99","0","2","5","3","11.11","2","66.67","49.99","49.99","0","1","2","1","3.7","0","0.0","63.64",,"0","0","1","2026-04-11"
"floating wall shelf","350","1772","51467","106","0.21","594","33.52","3","0.51","23.99","48.99","88","260","117","70","3.95","0","0.0","22.9",,"8","29","16","13","0.73","0","0.0","22.9",,"1","7","3","2026-04-11"
"48 inch live edge floating shelves, 8 inch deep solid elm wood wall shelf, heavy-duty wall mounted shelf with invisible brackets for living room, bathroom, kitchen, set of 1, walnut color","55","1","20","4","20.0","1","100.0","1","100.0","93.11","93.11","0","0","0","1","100.0","1","100.0","93.11","93.11","0","0","0","1","100.0","1","100.0","93.11","93.11","0","0","0","2026-04-11"
"deep wall shelf","958","263","7723","45","0.58","115","43.73","0","0.0","29.99",,"14","60","23","14","5.32","0","0.0","25.99",,"1","9","2","2","0.76","0","0.0","16.71",,"0","1","1","2026-04-11"
"1ft wall shelf","961","8","144","8","5.56","5","62.5","1","20.0","24.99","24.99","0","0","0","0","0.0","0",,,,"0","0","0","0","0.0","0",,,,"0","0","0","2026-04-11"
"picture frames 30x40","210","80","1920","7","0.36","31","38.75","1","3.23","46.99","96.99","2","11","10","10","12.5","1","10.0","17.99","96.99","2","3","3","4","5.0","0","0.0","7.99",,"1","0","2","2026-04-11"
"hanging bookshelf","672","2834","67133","58","0.09","933","32.92","0","0.0","27.99",,"70","422","203","182","6.42","0","0.0","27.09",,"15","86","37","23","0.81","0","0.0","27.99",,"4","12","1","2026-04-11"
"shelves","97","140764","3527328","457","0.01","40021","28.43","6","0.01","35.98","24.99","4951","12757","6578","8164","5.8","0","0.0","29.99",,"1106","2675","1366","1341","0.95","0","0.0","29.99",,"309","542","189","2026-04-11"
"small book shelf for small spaces","757","818","24624","52","0.21","287","35.09","0","0.0","32.99",,"17","103","52","58","7.09","0","0.0","29.99",,"7","23","10","16","1.96","0","0.0","29.99",,"1","8","1","2026-04-11"
"white book shelf boys room","297","1","22","2","9.09","1","100.0","1","100.0","51.99","51.99","0","0","1","1","100.0","1","100.0","51.99","51.99","0","0","1","0","0.0","0",,,,"0","0","0","2026-04-11"
"6x8 frame","112","1336","41105","132","0.32","569","42.59","3","0.53","9.99","16.99","33","303","150","240","17.96","1","0.42","8.99","16.99","23","138","58","109","8.16","0","0.0","8.99",,"12","68","23","2026-04-11"
"picture frame 8x10","615","2039","64366","28","0.04","729","35.75","1","0.14","9.99","18.99","172","385","92","313","15.35","0","0.0","8.49",,"73","161","37","153","7.5","0","0.0","8.03",,"40","81","14","2026-04-11"
"wooden shelves","523","2833","79505","45","0.06","763","26.93","1","0.13","37.99","24.99","55","224","158","150","5.29","0","0.0","29.99",,"20","53","24","16","0.56","0","0.0","27.82",,"3","10","2","2026-04-11"
"8x10 frame with 5x7 mat","162","294","7363","28","0.38","125","42.52","1","0.8","15.29","18.99","19","61","30","41","13.95","1","2.44","11.89","18.99","6","18","15","18","6.12","0","0.0","11.89",,"2","8","7","2026-04-11"
"wood picture frames","364","2112","60196","181","0.3","677","32.05","0","0.0","21.99",,"53","323","135","174","8.24","0","0.0","20.69",,"15","87","31","27","1.28","0","0.0","9.99",,"8","11","6","2026-04-11"
"white floating shelves for wall","422","2910","71350","122","0.17","1387","47.66","0","0.0","25.99",,"258","634","274","367","12.61","0","0.0","24.98",,"68","167","69","70","2.41","0","0.0","22.99",,"20","38","8","2026-04-11"
"30x24 inch frame","75","22","702","2","0.28","11","50.0","1","9.09","34.89","73.99","0","3","4","4","18.18","1","25.0","37.99","73.99","0","2","2","2","9.09","1","50.0","37.99","73.99","0","1","1","2026-04-11"
"kitchen shelves","649","8795","218348","23","0.01","3003","34.14","1","0.03","47.99","48.99","283","966","602","569","6.47","0","0.0","44.98",,"55","182","108","73","0.83","0","0.0","37.99",,"10","27","16","2026-04-11"
"2 foot wood shelves","268","9","153","2","1.31","2","22.22","1","50.0","39.82","89.99","0","1","1","1","11.11","1","100.0","89.99","89.99","0","1","0","0","0.0","0",,,,"0","0","0","2026-04-11"
"floating shelf brackets for 12” deep shelves","131","21","430","48","11.16","12","57.14","2","16.67","28.37","26.99","0","9","2","5","23.81","1","20.0","26.99","26.99","0","4","1","0","0.0","0",,,,"0","0","0","2026-04-11"
"11x14 matted for 16x20 frame","784","233","6627","13","0.2","80","34.33","1","1.25","26.99","20.99","6","35","22","29","12.45","0","0.0","24.29",,"4","13","7","9","3.86","0","0.0","20.99",,"2","4","1","2026-04-11"
"16 x 22 picture frame","298","115","3119","2","0.06","62","53.91","1","1.61","23.99","45.99","1","21","17","29","25.22","1","3.45","23.99","45.99","1","8","9","13","11.3","0","0.0","23.99",,"1","3","4","2026-04-11"
"microwave shelf for wall","688","39","1042","19","1.82","21","53.85","1","4.76","42.99","28.99","0","3","4","2","5.13","0","0.0","39.99",,"0","0","2","1","2.56","0","0.0","42.99",,"0","0","1","2026-04-11"
"floating shelf 36 inch","401","255","6459","97","1.5","123","48.24","1","0.81","46.97","114.99","5","34","55","10","3.92","0","0.0","46.97",,"0","5","2","4","1.57","0","0.0","38.69",,"0","1","1","2026-04-11"
"12x16 frame","498","13950","325642","86","0.03","6482","46.47","0","0.0","9.99",,"1220","3172","1119","3308","23.71","0","0.0","9.79",,"721","1654","505","1327","9.51","0","0.0","8.99",,"339","711","172","2026-04-11"
"bathroom wall shelves","442","4100","105144","40","0.04","1629","39.73","2","0.12","23.95","24.99","217","781","342","369","9.0","0","0.0","22.99",,"55","191","60","61","1.49","0","0.0","19.99",,"10","32","14","2026-04-11"
"wood oak frame with stand 5x7","527","4","88","8","9.09","4","100.0","2","50.0","7.99","14.99","0","3","1","1","25.0","0","0.0","5.99",,"0","1","0","0","0.0","0",,,,"0","0","0","2026-04-11"
"farm house white shelves with farm style swirly brackets","296","2","39","2","5.13","2","100.0","1","50.0","27.99","48.99","0","0","0","2","100.0","1","50.0","27.99","48.99","0","0","0","0","0.0","0",,,,"0","0","0","2026-04-11"
"solid wood floating shelves","345","743","19319","87","0.45","373","50.2","4","1.07","66.49","131.99","7","105","147","35","4.71","0","0.0","65.99",,"1","8","14","4","0.54","0","0.0","65.99",,"0","2","2","2026-04-11"
"wood floating shelves for wall","694","264","7274","56","0.77","92","34.85","0","0.0","29.99",,"17","33","19","10","3.79","0","0.0","26.99",,"1","4","4","1","0.38","0","0.0","46.97",,"0","0","1","2026-04-11"
"large floating shelf","32","513","13629","25","0.18","171","33.33","1","0.58","59.99","24.99","5","66","38","26","5.07","1","3.85","59.99","24.99","1","8","5","4","0.78","1","25.0","24.99","24.99","1","2","1","2026-04-11"
"mats for pictures","79","80","2419","1","0.04","12","15.0","1","8.33","16.99","24.99","1","7","0","3","3.75","1","33.33","24.99","24.99","1","2","0","1","1.25","1","100.0","24.99","24.99","0","1","0","2026-04-11"
"shelves with rail front","952","17","376","8","2.13","12","70.59","1","8.33","25.97","24.99","1","7","3","0","0.0","0",,,,"0","0","0","0","0.0","0",,,,"0","0","0","2026-04-11"
"small floating shelves for wall","573","666","17428","37","0.21","312","46.85","1","0.32","19.99","25.99","37","174","53","48","7.21","0","0.0","13.99",,"4","31","5","9","1.35","0","0.0","12.82",,"1","7","1","2026-04-11"
"11x14 mat opening","908","22","847","9","1.06","12","54.55","1","8.33","20.88","24.99","0","10","0","1","4.55","0","0.0","20.88",,"0","1","0","0","0.0","0",,,,"0","0","0","2026-04-11"
"wall shelves 25 inches tall","817","6","132","12","9.09","5","83.33","1","20.0","44.97","51.99","0","3","2","0","0.0","0",,,,"0","0","0","0","0.0","0",,,,"0","0","0","2026-04-11"
"small shelves for bathroom","358","519","14850","12","0.08","207","39.88","5","2.42","20.99","24.99","58","65","38","37","7.13","0","0.0","19.79",,"12","17","6","11","2.12","0","0.0","16.82",,"4","4","2","2026-04-11"
"wall adhesive shelf","984","78","2231","7","0.31","20","25.64","1","5.0","16.88","24.99","2","11","0","1","1.28","0","0.0","9.99",,"0","1","0","0","0.0","0",,,,"0","0","0","2026-04-11"
"floating shelves wood","431","1290","35249","80","0.23","529","41.01","1","0.19","34.99","114.99","46","206","119","72","5.58","0","0.0","29.99",,"8","35","15","14","1.09","0","0.0","29.97",,"3","6","3","2026-04-11"
"laundry room wall shelves","792","540","14309","13","0.09","199","36.85","1","0.5","35.99","24.99","29","75","39","37","6.85","0","0.0","37.04",,"6","16","9","2","0.37","0","0.0","38.99",,"1","1","0","2026-04-11"
"renter friendly wall shelves","596","286","7109","32","0.45","105","36.71","1","0.95","19.98","24.99","13","44","18","18","6.29","0","0.0","17.99",,"5","8","1","1","0.35","0","0.0","17.99",,"0","1","0","2026-04-11"
"white shelves","110","8977","215055","328","0.15","3467","38.62","5","0.14","30.99","41.99","397","1218","686","992","11.05","0","0.0","27.96",,"128","348","199","97","1.08","0","0.0","24.29",,"33","39","17","2026-04-11"
"27 x 40 poster frame matted 24 x 36","46","13","412","5","1.21","9","69.23","1","11.11","49.52","96.99","0","2","4","4","30.77","1","25.0","47.99","96.99","0","0","3","3","23.08","1","33.33","96.99","96.99","0","0","2","2026-04-11"
"8 inch shelf","741","285","7634","53","0.69","123","43.16","0","0.0","21.84",,"19","54","25","16","5.61","0","0.0","15.99",,"0","9","4","5","1.75","0","0.0","9.99",,"0","5","0","2026-04-11"
"solid wood shelf board","731","66","2147","53","2.47","17","25.76","0","0.0","40.0",,"0","1","3","1","1.52","0","0.0","86.0",,"0","0","0","0","0.0","0",,,,"0","0","0","2026-04-11"
"vintage picture frames","163","6902","178848","26","0.01","2143","31.05","1","0.05","19.99","16.99","126","1030","514","633","9.17","1","0.16","19.99","16.99","41","320","158","47","0.68","0","0.0","14.99",,"6","28","9","2026-04-11"
"frame matted to 36x24","62","12","331","4","1.21","5","41.67","1","20.0","53.58","87.99","0","1","1","1","8.33","1","100.0","87.99","87.99","0","0","0","1","8.33","1","100.0","87.99","87.99","0","0","0","2026-04-11"
"vintage wood frame","421","147","3524","12","0.34","97","65.99","3","3.09","23.99","23.99","1","54","25","8","5.44","0","0.0","24.99",,"0","5","1","1","0.68","0","0.0","17.99",,"0","0","0","2026-04-11"
"11 x 14 frame","783","1379","46919","13","0.03","676","49.02","1","0.15","9.98","24.99","119","356","98","317","22.99","0","0.0","8.99",,"58","179","44","157","11.39","0","0.0","6.99",,"36","89","21","2026-04-11"
"11x14 oak frame","729","34","869","16","1.84","23","67.65","1","4.35","15.49","20.99","2","10","4","3","8.82","0","0.0","26.09",,"0","1","1","3","8.82","0","0.0","26.09",,"0","1","1","2026-04-11"
"long shelf for wall","563","1944","46546","76","0.16","690","35.49","0","0.0","46.99",,"52","187","216","96","4.94","0","0.0","45.99",,"10","21","31","6","0.31","0","0.0","20.99",,"4","1","0","2026-04-11"
"27 x 40 poster frame","517","735","19760","83","0.42","242","32.93","0","0.0","42.99",,"0","54","49","121","16.46","0","0.0","42.99",,"0","32","29","48","6.53","0","0.0","42.99",,"0","20","12","2026-04-11"
"8 x 10 picture frames with 6 x 8 mat","733","9","199","16","8.04","12","133.33","1","8.33","9.99","16.99","0","8","2","0","0.0","0",,,,"0","0","0","0","0.0","0",,,,"0","0","0","2026-04-11"
"maple floating shelves 36 inch","315","2","44","1","2.27","2","100.0","1","50.0","112.99","114.99","0","0","0","1","50.0","1","100.0","114.99","114.99","0","0","0","0","0.0","0",,,,"0","0","0","2026-04-11"
"8 inch deep white wall shelf w brackets","38","9","197","7","3.55","5","55.56","1","20.0","29.97","24.99","0","2","2","2","22.22","1","50.0","24.99","24.99","0","1","1","2","22.22","1","50.0","24.99","24.99","0","1","1","2026-04-11"
"frame 20 x 30 with glass","924","8","432","8","1.85","1","12.5","1","100.0","57.99","57.99","0","0","1","0","0.0","0",,,,"0","0","0","0","0.0","0",,,,"0","0","0","2026-04-11"
"high quality white floating shelves with brackets","944","7","155","8","5.16","4","57.14","1","25.0","47.47","72.99","0","0","2","0","0.0","0",,,,"0","0","0","0","0.0","0",,,,"0","0","0","2026-04-11"
"light wood floating shelves modern flat edge","41","2","66","6","9.09","2","100.0","1","50.0","98.25","112.99","0","0","0","1","50.0","1","100.0","112.99","112.99","0","0","0","1","50.0","1","100.0","107.32","107.32","0","0","0","2026-04-11"
"4x6 wood frame dimensional","309","1","21","1","4.76","1","100.0","1","100.0","14.99","14.99","0","0","1","1","100.0","1","100.0","14.99","14.99","0","0","1","0","0.0","0",,,,"0","0","0","2026-04-11"
"28 x 38 frame with matting","928","10","221","8","3.62","5","50.0","1","20.0","83.99","83.99","0","0","1","0","0.0","0",,,,"0","0","0","0","0.0","0",,,,"0","0","0","2026-04-11"
"iron brackets wooden shelves","242","5","102","4","3.92","3","60.0","1","33.33","31.99","48.99","0","0","0","3","60.0","1","33.33","31.99","48.99","0","0","0","0","0.0","0",,,,"0","0","0","2026-04-11"
"modern 5x7 picture frame","493","72","1793","13","0.73","23","31.94","2","8.7","17.99","14.99","1","11","7","3","4.17","0","0.0","13.94",,"1","2","0","1","1.39","0","0.0","13.94",,"0","1","0","2026-04-11"
"24x30 frame with glass","29","55","1723","36","2.09","28","50.91","1","3.57","67.49","73.99","0","7","9","6","10.91","1","16.67","69.99","73.99","0","1","5","2","3.64","1","50.0","66.59","66.59","0","0","2","2026-04-11"
"9in deep wall shelving","236","5","110","5","4.55","5","100.0","1","20.0","29.99","24.99","2","3","0","3","60.0","1","33.33","24.99","24.99","1","2","0","0","0.0","0",,,,"0","0","0","2026-04-11"
"wall shelf 12 inch deep","652","82","2083","60","2.88","29","35.37","0","0.0","32.56",,"1","15","6","5","6.1","0","0.0","39.97",,"0","4","0","0","0.0","0",,,,"0","0","0","2026-04-11"
"poster frame 27x40","892","486","15147","46","0.3","152","31.28","0","0.0","47.99",,"0","32","26","56","11.52","0","0.0","47.99",,"0","17","6","24","4.94","0","0.0","47.99",,"0","10","3","2026-04-11"
"20x30 frame","614","8224","202164","29","0.01","3024","36.77","1","0.03","34.99","57.99","29","890","1112","1210","14.71","0","0.0","32.99",,"10","385","455","372","4.52","0","0.0","31.99",,"7","150","134","2026-04-11"
"12"" shelves","761","61","1702","15","0.88","18","29.51","1","5.56","28.99","24.99","1","7","2","0","0.0","0",,,,"0","0","0","0","0.0","0",,,,"0","0","0","2026-04-11"
"small floating wooden wall mounted shelves","200","10","205","9","4.39","4","40.0","1","25.0","24.99","24.99","0","2","2","2","20.0","1","50.0","19.98","24.99","0","1","1","0","0.0","0",,,,"0","0","0","2026-04-11"
"heavy duty floating book shelves","969","9","195","7","3.59","5","55.56","1","20.0","65.99","59.99","0","2","1","0","0.0","0",,,,"0","0","0","0","0.0","0",,,,"0","0","0","2026-04-11"
"walnut frame 12x16","64","4","88","3","3.41","3","75.0","1","33.33","9.99","26.99","0","2","1","3","75.0","1","33.33","9.99","26.99","0","2","1","2","50.0","1","50.0","9.99","26.99","0","1","1","2026-04-11"
"frame matted to 8.5 x 11","856","148","3922","11","0.28","88","59.46","1","1.14","15.98","25.99","15","42","21","22","14.86","0","0.0","12.59",,"6","10","4","5","3.38","0","0.0","15.98",,"2","2","1","2026-04-11"
"shelves for living room","690","2899","73821","19","0.03","750","25.87","1","0.13","52.99","51.99","59","188","133","163","5.62","0","0.0","50.01",,"19","38","29","10","0.34","0","0.0","46.99",,"0","3","2","2026-04-11"
"30 x 40 matted frame","988","22","588","7","1.19","9","40.91","1","11.11","81.99","87.99","0","0","3","1","4.55","0","0.0","88.99",,"0","0","0","0","0.0","0",,,,"0","0","0","2026-04-11"
"frame with uv protective glass","884","84","2669","10","0.37","19","22.62","1","5.26","25.95","24.99","0","9","7","3","3.57","0","0.0","25.95",,"0","1","2","1","1.19","0","0.0","25.95",,"0","0","1","2026-04-11"
"16 x 12 shelf grey wood","404","8","230","21","9.13","6","75.0","3","50.0","24.99","28.99","0","5","1","0","0.0","0",,,,"0","0","0","0","0.0","0",,,,"0","0","0","2026-04-11"
"laundry room shelves","683","9346","224803","56","0.02","2701","28.9","0","0.0","38.99",,"233","930","638","556","5.95","0","0.0","36.99",,"38","201","130","67","0.72","0","0.0","35.99",,"4","33","14","2026-04-11"
"live edge floating shelves for wall","436","59","1473","79","5.36","34","57.63","1","2.94","87.98","114.99","0","15","10","0","0.0","0",,,,"0","0","0","0","0.0","0",,,,"0","0","0","2026-04-11"
"no screw shelves for wall","477","367","10041","56","0.56","142","38.69","1","0.7","16.88","24.99","17","61","39","20","5.45","0","0.0","15.99",,"2","10","5","5","1.36","0","0.0","16.88",,"1","2","1","2026-04-11"
"photo frame for 9.5x13 picture solid wood","453","11","243","32","13.17","9","81.82","2","22.22","16.99","24.99","0","3","5","1","9.09","0","0.0","9.99",,"0","1","0","1","9.09","0","0.0","9.99",,"0","1","0","2026-04-11"
"black shelves","379","6058","148378","114","0.08","1947","32.14","1","0.05","29.98","24.99","221","704","358","580","9.57","0","0.0","25.99",,"69","220","110","62","1.02","0","0.0","22.39",,"13","29","5","2026-04-11"
"cheap wood for wall shelves","267","3","67","2","2.99","10","333.33","1","10.0","19.02","24.99","0","8","1","6","200.0","1","16.67","19.99","24.99","0","6","0","0","0.0","0",,,,"0","0","0","2026-04-11"
"5x7"" frame with mat","71","3","180","2","1.11","2","66.67","1","50.0","14.99","14.99","1","1","0","1","33.33","1","100.0","14.99","14.99","1","0","0","1","33.33","1","100.0","14.99","14.99","1","0","0","2026-04-11"
"12 inch shelf wood and metal","503","3","66","12","18.18","2","66.67","2","100.0","28.99","28.99","0","1","1","0","0.0","0",,,,"0","0","0","0","0.0","0",,,,"0","0","0","2026-04-11"
"18x24 matted frame","830","270","7314","12","0.16","121","44.81","1","0.83","37.99","48.99","3","38","47","25","9.26","0","0.0","37.99",,"1","10","12","9","3.33","0","0.0","34.99",,"1","2","4","2026-04-11"
"industrial shelving","875","3398","95589","10","0.01","1180","34.73","1","0.08","99.99","48.99","24","210","186","179","5.27","0","0.0","89.9",,"10","33","31","32","0.94","0","0.0","89.99",,"2","2","2","2026-04-11"
"floating wall shelf 12 inch deep","419","13","336","14","4.17","10","76.92","3","30.0","25.99","24.99","0","8","1","1","7.69","0","0.0","67.99",,"0","0","0","1","7.69","0","0.0","67.99",,"0","0","0","2026-04-11"
"4x6 wooden picture frame","583","266","7224","34","0.47","100","37.59","1","1.0","12.99","13.99","8","49","33","44","16.54","0","0.0","9.99",,"2","25","13","9","3.38","0","0.0","9.99",,"1","6","1","2026-04-11"
"picture frames non reflective","962","11","303","8","2.64","8","72.73","1","12.5","26.99","24.99","0","1","1","1","9.09","0","0.0","39.59",,"0","1","0","0","0.0","0",,,,"0","0","0","2026-04-11"
"16x20 frame with mat","126","2488","68258","390","0.57","1027","41.28","0","0.0","28.51",,"35","354","363","286","11.5","0","0.0","26.99",,"16","108","98","90","3.62","0","0.0","25.99",,"4","44","32","2026-04-11"
"36x16 floating shelf","980","9","183","7","3.83","5","55.56","1","20.0","59.99","63.99","0","0","5","1","11.11","0","0.0","63.99",,"0","0","1","1","11.11","0","0.0","63.99",,"0","0","1","2026-04-11"
"18 by 24 frame with glass","39","11","222","7","3.15","6","54.55","1","16.67","28.49","26.99","0","0","3","1","9.09","1","100.0","26.99","26.99","0","0","0","1","9.09","1","100.0","35.99","35.99","0","0","0","2026-04-11"
"5x7 oak picture frame","714","32","653","17","2.6","34","106.25","1","2.94","10.79","14.99","2","22","8","3","9.38","0","0.0","17.09",,"2","0","1","0","0.0","0",,,,"0","0","0","2026-04-11"
"heavy duty wall shelf","352","814","22296","95","0.43","303","37.22","3","0.99","44.99","27.99","18","100","74","36","4.42","0","0.0","39.99",,"3","13","8","9","1.11","0","0.0","79.0",,"1","2","2","2026-04-11"
"picture frame with mat for 6x8 photo","809","19","744","12","1.61","8","42.11","1","12.5","5.89","16.99","2","5","1","4","21.05","0","0.0","5.89",,"2","2","0","3","15.79","0","0.0","5.89",,"1","2","0","2026-04-11"
"single shelf for wall","578","274","7210","36","0.5","93","33.94","1","1.08","16.99","26.99","5","49","20","14","5.11","0","0.0","14.82",,"1","9","1","2","0.73","0","0.0","15.99",,"1","0","1","2026-04-11"
"wall shelf 36x8 white","537","7","221","6","2.71","7","100.0","2","28.57","47.47","48.99","0","0","0","1","14.29","0","0.0","44.09",,"0","0","0","0","0.0","0",,,,"0","0","0","2026-04-11"
"wooden picture frames 4x6","650","331","11310","23","0.2","121","36.56","1","0.83","17.79","13.99","6","84","14","55","16.62","0","0.0","16.99",,"2","41","4","19","5.74","0","0.0","17.79",,"0","15","1","2026-04-11"
"16x24 poster frame","678","1699","41794","20","0.05","725","42.67","1","0.14","22.99","45.99","39","264","229","340","20.01","0","0.0","22.99",,"20","122","113","124","7.3","0","0.0","22.99",,"9","49","43","2026-04-11"
"floating wood shelves","351","2155","53769","174","0.32","895","41.53","1","0.11","39.99","131.99","84","360","239","129","5.99","0","0.0","37.79",,"16","62","25","19","0.88","0","0.0","44.99",,"3","11","4","2026-04-11"
"wall shelf 23x11","323","8","146","1","0.68","10","125.0","1","10.0","27.99","26.99","0","0","6","3","37.5","1","33.33","29.99","26.99","0","0","2","0","0.0","0",,,,"0","0","0","2026-04-11"
"11x14 picture frame matted","751","75","1865","15","0.8","34","45.33","1","2.94","18.99","24.99","4","22","4","8","10.67","0","0.0","18.99",,"0","6","1","6","8.0","0","0.0","18.99",,"0","5","0","2026-04-11"
"frame for 5x7 photo with mat","157","116","3096","33","1.07","50","43.1","1","2.0","9.99","14.99","2","29","9","16","13.79","1","6.25","14.99","14.99","1","10","2","6","5.17","0","0.0","15.99",,"1","4","1","2026-04-11"
"black metal decorative wall mount shelves","721","18","397","17","4.28","15","83.33","1","6.67","25.99","24.99","0","5","6","1","5.56","0","0.0","21.99",,"0","0","1","0","0.0","0",,,,"0","0","0","2026-04-11"
"rustic brown wood shelves to live edge","320","2","34","1","2.94","2","100.0","1","50.0","109.99","114.99","0","0","0","2","100.0","1","50.0","109.99","114.99","0","0","0","0","0.0","0",,,,"0","0","0","2026-04-11"
"floating shelf 8 inches deep","736","10","288","16","5.56","8","80.0","1","12.5","24.99","24.99","0","6","0","1","10.0","0","0.0","24.99",,"0","1","0","1","10.0","0","0.0","24.99",,"0","1","0","2026-04-11"
"8 inch country shelf","931","9","153","8","5.23","3","33.33","1","33.33","19.99","24.99","0","3","0","0","0.0","0",,,,"0","0","0","0","0.0","0",,,,"0","0","0","2026-04-11"
"wall shelves 14 inches wide","903","35","727","9","1.24","27","77.14","1","3.7","24.99","24.99","0","10","13","1","2.86","0","0.0","13.29",,"0","1","0","0","0.0","0",,,,"0","0","0","2026-04-11"
"6x8 photo frame","176","123","3742","19","0.51","51","41.46","1","1.96","8.99","16.99","3","30","9","17","13.82","1","5.88","15.99","16.99","2","10","2","8","6.5","0","0.0","6.79",,"1","5","2","2026-04-11"
"bookshelf wall mount 2pk 36 x 12 d","252","1","60","4","6.67","1","100.0","1","100.0","60.99","60.99","0","0","0","1","100.0","1","100.0","60.99","60.99","0","0","0","0","0.0","0",,,,"0","0","0","2026-04-11"
"floating bookshelves","667","1231","34677","21","0.06","489","39.72","1","0.2","27.99","24.99","53","210","102","85","6.9","0","0.0","26.99",,"6","41","15","20","1.62","0","0.0","26.59",,"1","12","4","2026-04-11"
"hanging shelves for wall","31","2328","57395","28","0.05","810","34.79","1","0.12","23.82","24.99","104","388","182","162","6.96","1","0.62","23.74","24.99","24","79","28","29","1.25","1","3.45","23.82","24.99","9","13","4","2026-04-11"
"wall shelves 9 inch depth","840","7","230","11","4.78","6","85.71","1","16.67","29.99","27.99","0","2","2","1","14.29","0","0.0","74.99",,"0","0","0","1","14.29","0","0.0","74.99",,"0","0","0","2026-04-11"
"floating shelves for wall 12 inch deep","599","96","2588","31","1.2","52","54.17","1","1.92","42.99","24.99","0","24","15","6","6.25","0","0.0","42.99",,"0","1","3","4","4.17","0","0.0","42.99",,"0","1","3","2026-04-11"
"solid wood shelves for wall","524","62","1520","45","2.96","28","45.16","1","3.57","42.97","114.99","1","9","9","2","3.23","0","0.0","69.99",,"0","0","1","1","1.61","0","0.0","69.99",,"0","0","1","2026-04-11"
"wall shelf long","658","399","11529","22","0.19","120","30.08","1","0.83","42.29","24.99","9","38","29","19","4.76","0","0.0","52.99",,"3","3","7","2","0.5","0","0.0","16.71",,"1","0","0","2026-04-11"
"18 inch floating shelf","160","471","13297","29","0.22","233","49.47","1","0.43","28.99","27.99","23","104","42","28","5.94","1","3.57","27.99","27.99","2","12","6","11","2.34","0","0.0","35.99",,"1","4","3","2026-04-11"
"tabletop frames","300","80","2118","2","0.09","28","35.0","1","3.57","19.79","17.99","0","9","6","13","16.25","1","7.69","19.99","17.99","0","1","3","1","1.25","0","0.0","36.99",,"0","0","0","2026-04-11"
"wall shelves 30cm","636","15","331","25","7.55","11","73.33","1","9.09","19.99","24.99","0","0","0","3","20.0","0","0.0","15.99",,"0","0","0","0","0.0","0",,,,"0","0","0","2026-04-11"
"wood corner floating shelves","222","80","2141","6","0.28","31","38.75","1","3.23","36.99","114.99","0","16","9","11","13.75","1","9.09","32.99","114.99","0","7","2","0","0.0","0",,,,"0","0","0","2026-04-11"
"shelves 12 inches deep","616","89","2562","28","1.09","27","30.34","1","3.7","35.99","24.99","2","9","4","5","5.62","0","0.0","33.99",,"1","2","0","3","3.37","0","0.0","33.99",,"0","2","0","2026-04-11"
"heavy weight wall shelf","824","15","620","12","1.94","5","33.33","1","20.0","24.99","24.99","0","2","0","1","6.67","0","0.0","14.98",,"0","1","0","0","0.0","0",,,,"0","0","0","2026-04-11"
"shelf for wall books and decorations","996","7","155","7","4.52","6","85.71","1","16.67","26.99","28.99","0","5","1","0","0.0","0",,,,"0","0","0","0","0.0","0",,,,"0","0","0","2026-04-11"
"8x10 picture frame wood","974","778","20634","44","0.21","348","44.73","0","0.0","12.59",,"31","212","53","153","19.67","0","0.0","9.99",,"19","90","23","69","8.87","0","0.0","9.99",,"8","44","9","2026-04-11"
"8.5x11 frame with stand","15","26","1127","6","0.53","20","76.92","2","10.0","18.99","21.99","1","16","2","11","42.31","2","18.18","21.96","21.99","1","9","1","8","30.77","1","12.5","18.99","22.99","1","6","1","2026-04-11"
"shelves for room wall deep","997","8","163","7","4.29","10","125.0","1","10.0","29.99","24.99","6","3","1","0","0.0","0",,,,"0","0","0","0","0.0","0",,,,"0","0","0","2026-04-11"
"wood 4x6 frame","860","33","756","11","1.46","14","42.42","1","7.14","13.99","13.99","1","4","8","4","12.12","0","0.0","7.28",,"1","1","2","2","6.06","0","0.0","4.98",,"1","0","1","2026-04-11"
"8 in depth shelf floating","907","9","200","9","4.5","3","33.33","1","33.33","19.99","44.99","0","2","0","0","0.0","0",,,,"0","0","0","0","0.0","0",,,,"0","0","0","2026-04-11"
"24 x 8 shelves 100 lbs","485","8","177","15","8.47","6","75.0","2","33.33","39.89","43.64","0","2","2","1","12.5","0","0.0",,,"0","0","0","0","0.0","0",,,,"0","0","0","2026-04-11"
"8x10 picture frame light wood glass","88","1","28","1","3.57","1","100.0","1","100.0","18.99","18.99","0","1","0","1","100.0","1","100.0","18.99","18.99","0","1","0","1","100.0","1","100.0","18.99","18.99","0","1","0","2026-04-11"
"heavy duty wall shelving","24","222","6196","22","0.36","65","29.28","2","3.08","74.98","68.99","2","18","20","11","4.95","1","9.09","59.99","68.99","0","2","4","4","1.8","1","25.0","59.99","68.99","0","0","2","2026-04-11"
"22x30 picture frame","773","120","3465","14","0.4","64","53.33","1","1.56","34.99","57.99","1","16","20","25","20.83","0","0.0","37.99",,"1","11","7","9","7.5","0","0.0","37.99",,"0","6","2","2026-04-11"
"walnut floating shelves","127","2209","53724","60","0.11","960","43.46","2","0.21","39.99","24.99","104","370","230","176","7.97","1","0.57","37.97","24.99","16","63","44","31","1.4","0","0.0","34.98",,"5","11","7","2026-04-11"
"48 inch shelf","495","397","11788","13","0.11","153","38.54","2","1.31","56.32","48.99","6","30","28","18","4.53","0","0.0","79.82",,"0","1","2","1","0.25","0","0.0","35.14",,"0","0","0","2026-04-11"
"floating shelf","423","29138","792185","122","0.02","10601","36.38","0","0.0","23.89",,"1575","4440","2161","1705","5.85","0","0.0","21.99",,"286","693","331","403","1.38","0","0.0","19.99",,"88","191","70","2026-04-11"
"deep shelves for wall","675","305","7505","57","0.76","93","30.49","0","0.0","33.99",,"7","39","33","18","5.9","0","0.0","33.99",,"2","8","6","2","0.66","0","0.0","29.99",,"1","1","0","2026-04-11"
"8 inch wall shelf","444","100","2648","75","2.83","53","53.0","1","1.89","16.99","24.99","8","32","5","13","13.0","0","0.0","16.99",,"0","9","1","2","2.0","0","0.0","14.99",,"0","2","0","2026-04-11"
"small shelves","429","2881","80547","81","0.1","853","29.61","1","0.12","24.29","24.99","112","360","156","146","5.07","0","0.0","23.63",,"31","63","25","34","1.18","0","0.0","19.98",,"10","16","4","2026-04-11"
"wall shelf for plants","766","936","23836","14","0.06","369","39.42","1","0.27","24.99","24.99","30","201","83","97","10.36","0","0.0","24.99",,"6","54","20","13","1.39","0","0.0","24.99",,"3","7","3","2026-04-11"
"estantes flotantes de pared","572","5835","128121","74","0.06","2042","35.0","0","0.0","24.99",,"265","589","329","302","5.18","0","0.0","22.99",,"55","97","39","60","1.03","0","0.0","21.99",,"18","26","6","2026-04-11"
"living room wall shelves","901","514","13622","9","0.07","180","35.02","1","0.56","29.99","24.99","11","80","47","31","6.03","0","0.0","31.98",,"2","13","6","1","0.19","0","0.0","23.99",,"0","1","0","2026-04-11"
"wall shelf deep","870","115","2889","47","1.63","45","39.13","0","0.0","28.99",,"3","27","7","8","6.96","0","0.0","25.0",,"0","5","2","3","2.61","0","0.0","20.99",,"0","3","0","2026-04-11"
"12 inch floating shelves","468","163","4435","26","0.59","79","48.47","2","2.53","26.09","24.99","5","45","16","2","1.23","0","0.0","39.99",,"0","0","0","0","0.0","0",,,,"0","0","0","2026-04-11"
"office wall shelves display","970","10","590","7","1.19","3","30.0","1","33.33","79.99","63.99","0","0","1","0","0.0","0",,,,"0","0","0","0","0.0","0",,,,"0","0","0","2026-04-11"
"8""x24"" black wall shelf","532","8","112","7","6.25","6","75.0","2","33.33","24.99","24.99","0","6","0","0","0.0","0",,,,"0","0","0","0","0.0","0",,,,"0","0","0","2026-04-11"
"36 inch wall shelf","395","276","6550","100","1.53","107","38.77","1","0.93","46.97","112.99","1","34","27","19","6.88","0","0.0","46.97",,"0","4","6","3","1.09","0","0.0","47.47",,"0","2","1","2026-04-11"
"5x7 frame with 4x6 mat opening","23","29","657","24","3.65","13","44.83","3","23.08","8.99","14.99","1","4","4","4","13.79","1","25.0","8.99","14.99","0","2","1","3","10.34","1","33.33","12.99","14.99","0","2","0","2026-04-11"
"living room storage","682","5405","132256","20","0.02","1474","27.27","1","0.07","89.99","24.99","76","292","183","357","6.6","0","0.0","76.99",,"22","80","41","15","0.28","0","0.0","39.98",,"3","4","1","2026-04-11"
"6x6 walnut frame","991","8","339","7","2.06","8","100.0","1","12.5","19.94","18.99","0","1","2","4","50.0","0","0.0","19.94",,"0","1","1","1","12.5","0","0.0","24.99",,"0","1","0","2026-04-11"
"36 x 10 ft live edge walnut shelves","448","47","1040","72","6.92","30","63.83","1","3.33","99.74","63.99","0","12","6","0","0.0","0",,,,"0","0","0","0","0.0","0",,,,"0","0","0","2026-04-11"
"12x18 frame with mat","499","810","21989","12","0.05","378","46.67","2","0.53","24.98","45.99","8","141","147","112","13.83","0","0.0","24.15",,"2","37","51","43","5.31","0","0.0","23.12",,"1","15","24","2026-04-11"
"16 x 20 picture frame with mat","385","807","24038","110","0.46","346","42.87","1","0.29","29.99","20.99","12","105","124","114","14.13","0","0.0","28.99",,"6","39","41","39","4.83","0","0.0","28.99",,"1","18","14","2026-04-11"
"8 x 10 oak wooden picture frames","143","24","509","12","2.36","12","50.0","2","16.67","18.99","18.99","1","7","1","6","25.0","1","16.67","9.99","18.99","0","3","1","2","8.33","0","0.0","8.99",,"0","2","0","2026-04-11"
"dark walnut solid wood deep floating shelf","828","5","165","12","7.27","7","140.0","1","14.29","89.99","131.99","0","1","3","0","0.0","0",,,,"0","0","0","0","0.0","0",,,,"0","0","0","2026-04-11"
"solid wood floating shelf 36 inch x 8 inch natural oak","718","9","252","17","6.75","6","66.67","1","16.67","56.99","112.99","0","0","4","0","0.0","0",,,,"0","0","0","0","0.0","0",,,,"0","0","0","2026-04-11"
"12x18 picture frame wood with glass","326","9","184","1","0.54","8","88.89","1","12.5","41.99","45.99","0","4","1","3","33.33","1","33.33","43.19","45.99","0","1","0","1","11.11","0","0.0","38.46",,"0","0","0","2026-04-11"
"large frame","396","1398","38006","62","0.16","284","20.31","2","0.7","29.99","81.99","37","93","54","68","4.86","0","0.0","27.43",,"10","30","11","14","1.0","0","0.0","21.89",,"3","6","1","2026-04-11"
"long wall shelf","794","1648","42642","50","0.12","602","36.53","0","0.0","46.97",,"37","195","168","112","6.8","0","0.0","45.99",,"5","39","26","10","0.61","0","0.0","36.99",,"0","6","3","2026-04-11"
"2 feet wall book shelf","834","4","240","12","5.0","4","100.0","1","25.0","26.34","24.99","0","1","2","0","0.0","0",,,,"0","0","0","0","0.0","0",,,,"0","0","0","2026-04-11"
"picture frame for canvas painting","888","59","1717","10","0.58","25","42.37","1","4.0","21.99","24.99","0","16","3","0","0.0","0",,,,"0","0","0","0","0.0","0",,,,"0","0","0","2026-04-11"
"12 in wood wall shelf","886","7","168","10","5.95","5","71.43","1","20.0","24.99","24.99","0","2","2","0","0.0","0",,,,"0","0","0","0","0.0","0",,,,"0","0","0","2026-04-11"
"floating shelves 36 inch","121","385","9405","108","1.15","195","50.65","1","0.51","47.97","114.99","6","56","85","34","8.83","1","2.94","47.97","114.99","0","13","13","9","2.34","0","0.0","46.97",,"0","6","3","2026-04-11"
"small wall shelf","101","5068","133316","461","0.35","2006","39.58","5","0.25","13.99","24.99","280","1028","394","427","8.43","0","0.0","13.99",,"52","240","73","113","2.23","0","0.0","11.99",,"23","61","21","2026-04-11"
"canvas frame","838","2975","76271","48","0.06","1138","38.25","0","0.0","21.99",,"38","407","349","111","3.73","0","0.0","21.99",,"9","50","31","18","0.61","0","0.0","21.99",,"1","9","5","2026-04-11"
"big frame matted to 5x7","322","1","60","1","1.67","2","200.0","1","50.0","16.99","16.99","0","1","1","2","200.0","1","50.0","16.99","16.99","0","1","1","0","0.0","0",,,,"0","0","0","2026-04-11"
"17x22 walnut frame glass","287","2","40","2","5.0","1","50.0","1","100.0","26.99","26.99","0","0","1","1","50.0","1","100.0","26.99","26.99","0","0","1","0","0.0","0",,,,"0","0","0","2026-04-11"
"small wall shelves","93","1543","41148","273","0.66","623","40.38","7","1.12","16.99","24.99","107","316","101","129","8.36","1","0.78","15.99","24.99","24","68","17","34","2.2","0","0.0","13.99",,"8","15","6","2026-04-11"
"floating shelf 12 inch deep","579","229","6473","73","1.13","134","58.52","0","0.0","44.99",,"8","61","43","10","4.37","0","0.0","34.82",,"0","4","4","4","1.75","0","0.0","27.99",,"0","3","0","2026-04-11"
"shelves for living room wall","776","162","4141","14","0.34","48","29.63","1","2.08","31.98","72.99","1","20","15","8","4.94","0","0.0","31.98",,"0","3","3","2","1.23","0","0.0","49.99",,"0","0","1","2026-04-11"
"36 live edge floating shelf","930","27","576","45","7.81","11","40.74","0","0.0","99.99",,"0","1","4","1","3.7","0","0.0","42.3",,"0","0","0","1","3.7","0","0.0","42.3",,"0","0","0","2026-04-11"
"unfinished wood frame round corners 8x10","230","5","111","5","4.5","6","120.0","1","16.67","15.99","18.99","0","0","2","4","80.0","1","25.0","15.99","18.99","0","0","2","0","0.0","0",,,,"0","0","0","2026-04-11"
"11x14 picture frame with wire hanger","772","45","1589","14","0.88","20","44.44","1","5.0","18.99","24.99","6","10","2","0","0.0","0",,,,"0","0","0","0","0.0","0",,,,"0","0","0","2026-04-11"
"24x36 frame matted to 20x30 glass","913","8","208","8","3.85","8","100.0","1","12.5","54.99","81.99","0","4","2","3","37.5","0","0.0","72.99",,"0","2","1","0","0.0","0",,,,"0","0","0","2026-04-11"
"14 inch deep floating wall shelf","841","18","629","11","1.75","7","38.89","1","14.29","29.99","26.99","0","3","2","1","5.56","0","0.0","29.99",,"0","1","0","1","5.56","0","0.0","29.99",,"0","1","0","2026-04-11"
"photo frame for 9.5x13 picture","361","21","465","37","7.96","19","90.48","4","21.05","20.99","24.99","2","9","4","0","0.0","0",,,,"0","0","0","0","0.0","0",,,,"0","0","0","2026-04-11"
"cuadro de 1216 con vidrio color madera de roble","873","7","152","10","6.58","6","85.71","1","16.67","22.99","24.99","0","1","4","0","0.0","0",,,,"0","0","0","0","0.0","0",,,,"0","0","0","2026-04-11"
"51"" live edge floating shelves","955","2","44","8","18.18","1","50.0","1","100.0","131.99","131.99","0","0","0","0","0.0","0",,,,"0","0","0","0","0.0","0",,,,"0","0","0","2026-04-11"
"picture frame 8.5 x 11","388","528","16179","142","0.88","214","40.53","0","0.0","6.99",,"31","135","22","113","21.4","0","0.0","5.99",,"22","65","11","67","12.69","0","0.0","5.93",,"16","43","2","2026-04-11"
"20x28 walnut fram with glass","277","1","22","2","9.09","1","100.0","1","100.0","64.99","64.99","0","0","0","1","100.0","1","100.0","64.99","64.99","0","0","0","0","0.0","0",,,,"0","0","0","2026-04-11"
"black shelves for bedroom","191","710","16673","12","0.07","236","33.24","1","0.42","37.99","26.99","26","98","35","63","8.87","1","1.59","45.95","26.99","6","23","9","4","0.56","0","0.0","23.99",,"0","4","0","2026-04-11"
"book shelves for wall","716","1999","50437","54","0.11","660","33.02","0","0.0","29.97",,"77","283","146","141","7.05","0","0.0","28.66",,"15","57","37","18","0.9","0","0.0","29.99",,"2","9","4","2026-04-11"
"lightweight walnut stain 8” deep piece of wood for shelf","509","5","115","10","8.7","3","60.0","2","66.67","27.99","25.99","0","0","0","0","0.0","0",,,,"0","0","0","0","0.0","0",,,,"0","0","0","2026-04-11"
"natural oak picture frame 16x20 with mat","314","1","60","1","1.67","3","300.0","1","33.33","38.99","38.99","0","0","0","2","200.0","1","50.0","34.59","38.99","0","0","0","0","0.0","0",,,,"0","0","0","2026-04-11"
"natural wood floating shelves","452","885","22452","70","0.31","360","40.68","1","0.28","34.99","89.99","25","139","102","63","7.12","0","0.0","34.99",,"2","24","21","9","1.02","0","0.0","34.99",,"0","6","3","2026-04-11"
"walnut live edge floating shelves","450","35","1143","72","6.3","16","45.71","1","6.25","89.99","114.99","0","3","6","2","5.71","0","0.0","51.51",,"0","0","0","1","2.86","0","0.0","51.51",,"0","0","0","2026-04-11"
"4x6 wood frame","471","233","6529","60","0.92","102","43.78","1","0.98","14.99","13.99","9","63","18","43","18.45","0","0.0","13.99",,"4","27","8","19","8.15","0","0.0","13.99",,"3","11","4","2026-04-11"
"5x7 frame with mat for 4x6 picture","57","21","558","4","0.72","6","28.57","1","16.67","16.99","16.99","2","3","1","4","19.05","1","25.0","10.19","16.99","2","1","1","2","9.52","1","50.0","16.99","16.99","0","1","1","2026-04-11"
"rustic hickory floating shelves 12""","998","7","420","7","1.67","7","100.0","1","14.29","28.99","28.99","0","5","2","0","0.0","0",,,,"0","0","0","0","0.0","0",,,,"0","0","0","2026-04-11"
"4x6 picture frame","6","34206","879431","195","0.02","12026","35.16","5","0.04","11.16","13.99","1709","6754","2108","5489","16.05","4","0.07","9.99","13.99","903","3135","903","2286","6.68","1","0.04","9.99","13.99","461","1364","306","2026-04-11"
"floating shelf wood","144","439","13999","48","0.34","180","41.0","1","0.56","37.99","131.99","15","69","45","22","5.01","1","4.55","34.99","131.99","3","7","6","5","1.14","0","0.0","34.99",,"0","3","1","2026-04-11"
"24x36 frame","95","9269","261050","505","0.19","3013","32.51","6","0.2","44.99","81.99","5","732","946","927","10.0","0","0.0","44.55",,"0","227","305","259","2.79","0","0.0","41.94",,"0","79","100","2026-04-11"
"11x14 picture frame hanging","553","8","202","4","1.98","12","150.0","2","16.67","8.99","20.99","0","8","3","2","25.0","0","0.0","5.94",,"0","2","0","2","25.0","0","0.0","5.94",,"0","2","0","2026-04-11"
"4x6 wooden picture frames with mat","82","1","22","1","4.55","2","200.0","1","50.0","7.99","13.99","0","1","1","2","200.0","1","50.0","7.99","13.99","0","1","1","2","200.0","1","50.0","7.99","13.99","0","1","1","2026-04-11"
"12x11 wall shelf","306","3","140","1","0.71","4","133.33","1","25.0","24.99","24.99","0","1","0","2","66.67","1","50.0","24.99","24.99","0","1","0","0","0.0","0",,,,"0","0","0","2026-04-11"
"light wood floating shelves","564","509","13424","76","0.57","223","43.81","0","0.0","31.99",,"8","78","70","47","9.23","0","0.0","32.99",,"3","17","17","13","2.55","0","0.0","27.99",,"3","5","2","2026-04-11"
"espresso wall shelves","602","84","2105","67","3.18","61","72.62","0","0.0","29.99",,"6","23","21","7","8.33","0","0.0","26.98",,"0","5","2","1","1.19","0","0.0","26.98",,"0","1","0","2026-04-11"
"8"" wood shelves oak","947","4","240","8","3.33","8","200.0","1","12.5","17.99","27.99","0","8","0","0","0.0","0",,,,"0","0","0","0","0.0","0",,,,"0","0","0","2026-04-11"
"cozy cottage living room shelf","872","5","110","10","9.09","3","60.0","1","33.33","28.99","28.99","0","0","2","0","0.0","0",,,,"0","0","0","0","0.0","0",,,,"0","0","0","2026-04-11"
"frame matted to 16x12","945","13","453","8","1.77","9","69.23","1","11.11","44.99","26.99","0","5","2","1","7.69","0","0.0","18.99",,"0","0","0","1","7.69","0","0.0","18.99",,"0","0","0","2026-04-11"
"small shelves for wall","152","1391","36435","42","0.12","551","39.61","1","0.18","15.99","27.99","81","275","107","116","8.34","1","0.86","13.99","27.99","15","66","22","31","2.23","0","0.0","11.99",,"5","21","4","2026-04-11"
"wall shelf 8 inch deep","461","72","1791","102","5.7","42","58.33","0","0.0","29.97",,"0","21","17","1","1.39","0","0.0","29.99",,"0","0","0","0","0.0","0",,,,"0","0","0","2026-04-11"
"picture frame 24 x 16 with glass","285","1","60","2","3.33","1","100.0","1","100.0","49.99","49.99","0","0","0","1","100.0","1","100.0","49.99","49.99","0","0","0","0","0.0","0",,,,"0","0","0","2026-04-11"
"￼picture frame 6 x 8”","205","7","155","8","5.16","5","71.43","1","20.0","18.99","18.99","0","4","0","1","14.29","1","100.0","18.99","18.99","0","1","0","0","0.0","0",,,,"0","0","0","2026-04-11"
"11x14 picture frame","3","30235","749986","1827","0.24","14066","46.52","16","0.11","8.99","21.99","2921","7456","2132","6484","21.45","4","0.06","7.99","21.99","1599","3403","872","2953","9.77","1","0.03","6.99","21.99","862","1595","327","2026-04-11"
"8.5x11 frame","427","1148","38480","119","0.31","543","47.3","0","0.0","9.99",,"90","306","68","263","22.91","0","0.0","9.89",,"56","145","29","128","11.15","0","0.0","7.99",,"31","76","14","2026-04-11"
"wall shelves","593","69250","1778849","69","0.0","21260","30.7","0","0.0","24.98",,"3072","9262","3780","4383","6.33","0","0.0","23.99",,"659","1885","771","703","1.02","0","0.0","20.99",,"154","370","86","2026-04-11"
"36 inch floating shelves","10","1101","29296","443","1.51","569","51.68","10","1.76","57.99","114.99","5","175","208","88","7.99","1","1.14","55.99","114.99","1","28","32","25","2.27","1","4.0","53.19","114.99","0","12","6","2026-04-11"
"live edge walnut gravity shelves","470","12","265","24","9.06","10","83.33","2","20.0","109.99","114.99","0","1","3","0","0.0","0",,,,"0","0","0","0","0.0","0",,,,"0","0","0","2026-04-11"
"live edge floating shelf 48” x 6”","584","17","374","34","9.09","13","76.47","1","7.69","103.99","94.99","0","0","1","1","5.88","0","0.0","145.0",,"0","0","0","0","0.0","0",,,,"0","0","0","2026-04-11"
"floating shelves for wall real wood live edge","197","9","180","10","5.56","4","44.44","1","25.0","103.97","114.99","0","1","2","2","22.22","1","50.0","114.99","114.99","0","0","1","0","0.0","0",,,,"0","0","0","2026-04-11"
"15 inch shelves on wall","566","2","66","2","3.03","10","500.0","2","20.0","19.98","27.99","3","3","4","0","0.0","0",,,,"0","0","0","0","0.0","0",,,,"0","0","0","2026-04-11"
"5x7 wall frame","463","359","9538","27","0.28","152","42.34","2","1.32","13.99","14.99","15","84","32","36","10.03","0","0.0","12.99",,"8","12","9","10","2.79","0","0.0","7.99",,"3","4","2","2026-04-11"
"floating shelf espresso 36 inch real wood","670","9","201","21","10.45","12","133.33","1","8.33","83.59","114.99","0","0","5","1","11.11","0","0.0","65.99",,"0","0","0","0","0.0","0",,,,"0","0","0","2026-04-11"
"wall shelves 8 inches deep","478","51","1394","56","4.02","23","45.1","1","4.35","29.97","24.99","4","10","2","3","5.88","0","0.0","33.95",,"0","1","0","1","1.96","0","0.0","29.97",,"0","1","0","2026-04-11"
"white shelf for wall","428","1956","49867","82","0.16","817","41.77","1","0.12","23.99","48.99","125","384","146","220","11.25","0","0.0","22.19",,"26","106","42","41","2.1","0","0.0","21.99",,"8","24","6","2026-04-11"
"6 x 8 frame","449","437","16322","35","0.21","185","42.33","2","1.08","9.99","16.99","23","101","38","53","12.13","0","0.0","8.49",,"8","27","15","25","5.72","0","0.0","8.4",,"4","13","7","2026-04-11"
"industrial black wall shelf","177","9","179","18","10.06","5","55.56","1","20.0","72.99","72.99","0","0","1","1","11.11","1","100.0","72.99","72.99","0","0","0","0","0.0","0",,,,"0","0","0","2026-04-11"
"oak picture frame","653","55","1653","22","1.33","19","34.55","1","5.26","22.99","22.99","4","11","2","3","5.45","0","0.0","9.99",,"1","1","1","2","3.64","0","0.0","9.32",,"1","1","0","2026-04-11"
"2 small wall shelfs","330","1","60","1","1.67","1","100.0","1","100.0","24.99","24.99","0","1","0","1","100.0","1","100.0","24.99","24.99","0","1","0","0","0.0","0",,,,"0","0","0","2026-04-11"
"12"" deep heavy duty shelf","560","3","180","3","1.67","3","100.0","2","66.67","26.99","26.99","0","2","1","0","0.0","0",,,,"0","0","0","0","0.0","0",,,,"0","0","0","2026-04-11"
"small floating shelves","375","1716","42245","117","0.28","750","43.71","1","0.13","17.99","24.99","90","388","145","147","8.57","0","0.0","15.29",,"18","77","24","38","2.21","0","0.0","15.99",,"8","22","2","2026-04-11"
"5x7 matted to 4x6 wood","216","6","133","7","5.26","3","50.0","1","33.33","18.04","17.99","0","2","0","3","50.0","1","33.33","18.04","17.99","0","2","0","0","0.0","0",,,,"0","0","0","2026-04-11"
"8x10 picture frame with mat","660","3364","91174","59","0.06","1474","43.82","0","0.0","15.15",,"256","798","236","518","15.4","0","0.0","9.99",,"100","297","69","246","7.31","0","0.0","7.99",,"59","141","26","2026-04-11"
"photo frame","94","11328","316723","480","0.15","3260","28.78","1","0.03","14.99","16.99","536","1535","444","783","6.91","1","0.13","11.99","16.99","142","387","103","209","1.84","0","0.0","9.63",,"55","112","25","2026-04-11"
"wall mount shelf","403","2207","58194","97","0.17","742","33.62","1","0.13","22.39","63.99","113","316","133","107","4.85","0","0.0","20.99",,"11","59","16","27","1.22","0","0.0","19.98",,"4","20","3","2026-04-11"
"wall shelf brown heavy duty","146","3","66","10","15.15","2","66.67","2","100.0","24.99","24.99","0","0","0","1","33.33","1","100.0","24.99","24.99","0","0","0","0","0.0","0",,,,"0","0","0","2026-04-11"
"wall shelves for tv","968","51","1191","7","0.59","16","31.37","1","6.25","40.99","44.99","2","9","1","2","3.92","0","0.0","59.99",,"0","1","0","0","0.0","0",,,,"0","0","0","2026-04-11"
"custom live edge floating shelves","801","10","218","12","5.5","10","100.0","1","10.0","129.99","114.99","1","0","2","1","10.0","0","0.0","155.0",,"1","0","0","0","0.0","0",,,,"0","0","0","2026-04-11"
"flooting real wood live edge shelves","829","4","88","12","13.64","2","50.0","1","50.0","51.51","94.99","0","0","1","0","0.0","0",,,,"0","0","0","0","0.0","0",,,,"0","0","0","2026-04-11"
"wooden shelves with black metal","815","18","372","12","3.23","5","27.78","1","20.0","37.99","63.99","0","1","2","3","16.67","0","0.0","36.98",,"0","1","1","0","0.0","0",,,,"0","0","0","2026-04-11"
"11x14 frame","357","5730","170263","123","0.07","2545","44.42","2","0.08","8.99","22.99","491","1273","424","1175","20.51","0","0.0","8.99",,"269","619","166","552","9.63","0","0.0","6.99",,"149","295","74","2026-04-11"
"tablillas blanca","993","6","68","7","10.29","3","50.0","1","33.33","44.99","41.99","0","0","0","0","0.0","0",,,,"0","0","0","0","0.0","0",,,,"0","0","0","2026-04-11"
"20x24 walnut frame","175","17","402","19","4.73","11","64.71","1","9.09","60.99","67.99","0","0","5","6","35.29","1","16.67","67.99","67.99","0","0","4","0","0.0","0",,,,"0","0","0","2026-04-11"
"shelves for wall gray","145","9","193","10","5.18","6","66.67","2","33.33","27.99","27.99","0","3","1","4","44.44","1","25.0","27.99","27.99","0","2","1","0","0.0","0",,,,"0","0","0","2026-04-11"
"wall shelves without drilling","796","135","2973","13","0.44","66","48.89","1","1.52","20.99","26.99","8","40","11","6","4.44","0","0.0","17.99",,"1","4","1","2","1.48","0","0.0","14.99",,"0","1","1","2026-04-11"
"book shelf","105","224849","5757371","304","0.01","57068","25.38","1","0.0","56.0","24.99","2537","13209","10490","11801","5.25","1","0.01","56.0","24.99","615","2671","2052","1244","0.55","0","0.0","42.99",,"130","408","235","2026-04-11"
"laundry shelf wall mounted","898","200","4783","9","0.19","94","47.0","1","1.06","35.99","48.99","4","38","25","20","10.0","0","0.0","29.43",,"0","12","4","1","0.5","0","0.0","37.99",,"0","1","0","2026-04-11"
"11x14 frame with matting for 9x12","292","9","185","2","1.08","10","111.11","1","10.0","24.99","25.99","0","0","5","1","11.11","1","100.0","25.99","25.99","0","0","1","0","0.0","0",,,,"0","0","0","2026-04-11"
"5x7 organic modern frame","273","4","88","2","2.27","3","75.0","1","33.33","17.99","17.99","0","0","0","3","75.0","1","33.33","17.99","17.99","0","0","0","0","0.0","0",,,,"0","0","0","2026-04-11"
"repisas para pared","618","2763","62274","28","0.04","982","35.54","1","0.1","22.94","24.99","143","328","103","118","4.27","0","0.0","20.99",,"26","43","8","23","0.83","0","0.0","19.99",,"10","10","0","2026-04-11"
"5 x 7 wood picture frame with glass","294","2","120","2","1.67","7","350.0","1","14.29","14.99","14.99","0","0","0","7","350.0","1","14.29","14.99","14.99","0","0","0","0","0.0","0",,,,"0","0","0","2026-04-11"
"solid wood live edge floating shelf","639","30","1340","61","4.55","19","63.33","0","0.0","123.86",,"0","3","5","5","16.67","0","0.0","123.86",,"0","1","1","1","3.33","0","0.0","123.86",,"0","0","0","2026-04-11"
"12 inch deep shelves for wall","849","14","414","11","2.66","9","64.29","1","11.11","33.99","24.99","0","4","3","2","14.29","0","0.0","27.99",,"0","1","1","2","14.29","0","0.0","27.99",,"0","1","1","2026-04-11"
"8.5x11 picture frame with mat","424","143","4282","84","1.96","60","41.96","1","1.67","15.98","21.99","5","42","9","18","12.59","0","0.0","8.99",,"2","13","2","10","6.99","0","0.0","15.98",,"1","8","1","2026-04-11"
"16x24 frame with mat","595","286","7485","69","0.92","128","44.76","0","0.0","34.38",,"2","26","59","42","14.69","0","0.0","31.99",,"1","12","20","14","4.9","0","0.0","24.99",,"0","7","4","2026-04-11"
"picture frame 5x7 trendy mat","302","1","60","2","3.33","2","200.0","1","50.0","14.99","17.99","2","0","0","1","100.0","1","100.0","17.99","17.99","1","0","0","0","0.0","0",,,,"0","0","0","2026-04-11"
"one wall shelf","192","82","2119","12","0.57","26","31.71","1","3.85","13.53","26.99","4","12","1","4","4.88","1","25.0","11.19","26.99","0","0","0","0","0.0","0",,,,"0","0","0","2026-04-11"
"rustic bathroom shelves","202","256","6005","8","0.13","85","33.2","1","1.18","35.99","24.99","4","23","25","12","4.69","1","8.33","26.99","24.99","1","4","3","3","1.17","0","0.0","35.99",,"1","1","0","2026-04-11"
"36 inch floating shelves for bedroom","150","2","44","6","13.64","2","100.0","2","100.0","114.99","114.99","0","0","0","1","50.0","1","100.0","114.99","114.99","0","0","0","0","0.0","0",,,,"0","0","0","2026-04-11"
"55"" floating wood shelf live edge","225","2","110","6","5.45","4","200.0","1","25.0","99.99","131.99","0","3","0","1","50.0","1","100.0","131.99","131.99","0","1","0","0","0.0","0",,,,"0","0","0","2026-04-11"
"large floating shelves for wall","492","333","9044","14","0.15","89","26.73","2","2.25","48.97","28.99","4","23","29","9","2.7","0","0.0","48.97",,"2","2","3","1","0.3","0","0.0","110.19",,"0","0","0","2026-04-11"
"floating shelf 8 inch deep","359","48","1089","77","7.07","27","56.25","3","11.11","26.99","24.99","2","13","5","1","2.08","0","0.0","54.99",,"0","0","1","0","0.0","0",,,,"0","0","0","2026-04-11"
"frame","113","13118","370344","395","0.11","2556","19.48","2","0.08","12.35","20.99","456","1168","422","714","5.44","0","0.0","8.99",,"161","346","96","257","1.96","0","0.0","8.99",,"70","133","37","2026-04-11"
"mat frame 8x11","155","2","44","2","4.55","2","100.0","2","100.0","25.99","25.99","0","0","2","1","50.0","1","100.0","25.99","25.99","0","0","1","0","0.0","0",,,,"0","0","0","2026-04-11"
"8 inch floating shelf","621","145","4296","64","1.49","74","51.03","0","0.0","21.84",,"5","27","27","15","10.34","0","0.0","21.84",,"0","6","7","8","5.52","0","0.0","19.99",,"0","5","3","2026-04-11"
"wood frame 4x6","608","106","2323","30","1.29","38","35.85","1","2.63","13.99","13.99","1","20","9","15","14.15","0","0.0","13.95",,"1","7","4","5","4.72","0","0.0","14.81",,"1","1","3","2026-04-11"
"wall shelf no screws","617","125","3068","28","0.91","65","52.0","1","1.54","17.99","24.99","22","23","9","4","3.2","0","0.0","14.49",,"3","1","0","2","1.6","0","0.0","14.49",,"1","1","0","2026-04-11"
"photo frames for wall","592","4129","100805","32","0.03","1283","31.07","1","0.08","22.99","21.99","189","599","173","352","8.53","0","0.0","21.84",,"66","178","40","47","1.14","0","0.0","19.99",,"13","22","5","2026-04-11"
"black shelf","703","4778","116235","55","0.05","1416","29.64","0","0.0","41.99",,"119","416","292","449","9.4","0","0.0","42.99",,"40","148","74","69","1.44","0","0.0","33.99",,"13","32","13","2026-04-11"
"24x30 mat","899","34","1073","9","0.84","12","35.29","1","8.33","33.09","73.99","0","2","5","3","8.82","0","0.0","36.99",,"0","0","1","1","2.94","0","0.0","36.99",,"0","0","0","2026-04-11"
"a4 frame","348","1749","48063","117","0.24","878","50.2","3","0.34","8.99","19.99","67","472","199","314","17.95","0","0.0","7.99",,"23","200","55","148","8.46","0","0.0","6.99",,"17","103","19","2026-04-11"
"gray shelves for wall","739","58","1372","16","1.17","30","51.72","1","3.33","27.99","27.99","3","13","9","7","12.07","0","0.0","26.99",,"0","4","3","1","1.72","0","0.0","26.99",,"0","0","1","2026-04-11"
"wood shelves","30","6967","181908","583","0.32","2121","30.44","12","0.57","33.29","94.99","236","746","401","325","4.66","0","0.0","29.99",,"39","111","63","32","0.46","0","0.0","29.99",,"9","12","5","2026-04-11"
"12 x 16 frame with mat","460","401","12337","28","0.23","186","46.38","2","1.08","18.99","25.99","17","101","36","57","14.21","0","0.0","18.99",,"4","35","7","21","5.24","0","0.0","18.99",,"0","17","2","2026-04-11"
"5ft floating shelf wood live edge","249","2","44","4","9.09","2","100.0","1","50.0","109.99","131.99","0","0","0","1","50.0","1","100.0","131.99","131.99","0","0","0","0","0.0","0",,,,"0","0","0","2026-04-11"
"5 x 7 picture frame cream","526","24","530","8","1.51","5","20.83","2","40.0","8.36","14.99","0","2","3","1","4.17","0","0.0","6.87",,"0","1","0","0","0.0","0",,,,"0","0","0","2026-04-11"
"frames","139","25537","723526","276","0.04","5252","20.57","2","0.04","19.99","25.99","943","2370","838","1562","6.12","0","0.0","19.99",,"311","729","261","462","1.81","0","0.0","17.99",,"123","224","60","2026-04-11"
"oak picture frames 5x7","147","59","1550","45","2.9","21","35.59","1","4.76","8.99","17.99","0","6","11","4","6.78","1","25.0","7.99","17.99","0","1","1","1","1.69","0","0.0","7.99",,"0","0","0","2026-04-11"
"frame matted to 14x18","939","14","469","8","1.71","9","64.29","1","11.11","39.89","45.99","0","0","2","1","7.14","0","0.0","49.99",,"0","0","0","0","0.0","0",,,,"0","0","0","2026-04-11"
"glare free picture frames 8x10","317","6","169","1","0.59","3","50.0","1","33.33","11.99","18.99","0","0","3","2","33.33","1","50.0","11.99","18.99","0","0","2","0","0.0","0",,,,"0","0","0","2026-04-11"
"heavy duty floating shelves 12 inch deep","557","7","268","4","1.49","75","1071.43","2","2.67","59.99","63.99","0","22","30","1","14.29","0","0.0","129.99",,"0","0","1","0","0.0","0",,,,"0","0","0","2026-04-11"
"wood frame 8x10","412","350","9914","54","0.54","144","41.14","2","1.39","16.99","18.99","11","84","26","44","12.57","0","0.0","13.99",,"4","20","12","14","4.0","0","0.0","9.99",,"1","11","2","2026-04-11"
"hanging bookshelf 12"" deep","929","4","240","8","3.33","2","50.0","1","50.0","27.09","63.99","0","0","0","0","0.0","0",,,,"0","0","0","0","0.0","0",,,,"0","0","0","2026-04-11"
"24 36 picture frame","438","32","1117","5","0.45","55","171.88","3","5.45","47.53","76.99","0","9","21","2","6.25","0","0.0","16.9",,"0","1","0","1","3.13","0","0.0","16.9",,"0","0","0","2026-04-11"
"12x16 frame wood","637","300","8121","25","0.31","116","38.67","1","0.86","14.84","25.99","7","59","25","35","11.67","0","0.0","12.99",,"3","15","10","12","4.0","0","0.0","12.99",,"2","6","3","2026-04-11"
"white floating shelf for wall","677","194","5461","20","0.37","69","35.57","1","1.45","28.99","24.99","10","20","16","22","11.34","0","0.0","25.99",,"1","7","5","3","1.55","0","0.0","38.97",,"0","2","1","2026-04-11"
"22x28 frame","8","1640","45668","285","0.62","680","41.46","6","0.88","33.99","64.99","1","183","230","234","14.27","3","1.28","32.99","64.99","0","62","100","90","5.49","1","1.11","30.95","64.99","0","29","39","2026-04-11"
"book shelf that you mount","331","6","133","1","0.75","3","50.0","1","33.33","24.99","63.99","0","2","0","1","16.67","1","100.0","63.99","63.99","0","0","0","0","0.0","0",,,,"0","0","0","2026-04-11"
"30 inch walnut solid wood floating shelves","765","15","718","15","2.09","9","60.0","1","11.11","65.83","131.99","0","0","1","0","0.0","0",,,,"0","0","0","0","0.0","0",,,,"0","0","0","2026-04-11"
"matted to 11x14 picture frame","349","385","10407","108","1.04","181","47.01","3","1.66","22.99","24.99","22","74","59","55","14.29","0","0.0","22.99",,"10","22","18","17","4.42","0","0.0","21.99",,"6","4","6","2026-04-11"
"floating bookshelf","748","4114","98264","53","0.05","1631","39.65","0","0.0","27.99",,"181","742","282","367","8.92","0","0.0","26.99",,"42","175","57","55","1.34","0","0.0","21.99",,"10","33","5","2026-04-11"
"24 inch solid wood floating shelves elm","642","8","480","24","5.0","7","87.5","1","14.29","87.09","89.99","0","7","0","1","12.5","0","0.0","87.09",,"0","1","0","1","12.5","0","0.0","87.09",,"0","1","0","2026-04-11"
"5 x 7 picture frame mica","271","2","120","2","1.67","1","50.0","1","100.0","16.99","16.99","0","0","0","1","50.0","1","100.0","16.99","16.99","0","0","0","0","0.0","0",,,,"0","0","0","2026-04-11"
"mounted shelves","878","458","11887","10","0.08","141","30.79","1","0.71","24.98","48.99","26","73","18","41","8.95","0","0.0","24.98",,"6","21","8","4","0.87","0","0.0","24.98",,"2","2","0","2026-04-11"
"wood picture frame with glass","697","28","616","19","3.08","24","85.71","1","4.17","24.99","24.99","1","17","4","2","7.14","0","0.0","23.99",,"0","1","1","0","0.0","0",,,,"0","0","0","2026-04-11"
"2ft shelf for wall","559","6","116","3","2.59","5","83.33","2","40.0","24.99","24.99","0","3","2","1","16.67","0","0.0","19.99",,"0","1","0","0","0.0","0",,,,"0","0","0","2026-04-11"
"8.5 x 11 frame tan","227","6","156","6","3.85","3","50.0","1","33.33","19.99","19.99","0","0","0","1","16.67","1","100.0","19.99","19.99","0","0","0","0","0.0","0",,,,"0","0","0","2026-04-11"
"floating shelves for bathroom tiles","837","13","306","11","3.59","9","69.23","1","11.11","24.99","24.99","3","3","3","0","0.0","0",,,,"0","0","0","0","0.0","0",,,,"0","0","0","2026-04-11"
"36” live edge shelving","27","4","80","8","10.0","3","75.0","2","66.67","114.99","114.99","0","0","0","1","25.0","1","100.0","114.99","114.99","0","0","0","1","25.0","1","100.0","114.99","114.99","0","0","0","2026-04-11"
"8 x 6 picture frame","518","288","9489","45","0.47","138","47.92","1","0.72","9.59","18.99","3","103","23","36","12.5","0","0.0","8.99",,"1","29","5","22","7.64","0","0.0","8.4",,"1","18","3","2026-04-11"
"live edge floating shelves 20","769","21","464","51","10.99","10","47.62","0","0.0","66.49",,"0","6","1","1","4.76","0","0.0","85.49",,"0","1","0","1","4.76","0","0.0","85.49",,"0","1","0","2026-04-11"
"live edge wood floating shelves","456","52","1387","32","2.31","28","53.85","2","7.14","93.99","114.99","0","8","13","4","7.69","0","0.0","51.51",,"0","1","2","1","1.92","0","0.0","125.0",,"0","0","1","2026-04-11"
"picture frames with matting","619","516","16350","27","0.17","156","30.23","1","0.64","22.99","20.99","8","79","38","20","3.88","0","0.0","13.99",,"0","13","1","4","0.78","0","0.0","6.99",,"0","4","0","2026-04-11"
"small shelf wood","151","78","1877","5","0.27","43","55.13","2","4.65","32.99","24.99","2","17","7","8","10.26","1","12.5","32.99","24.99","0","2","1","1","1.28","0","0.0","14.99",,"0","0","1","2026-04-11"
"8in floating live edge shelf","604","8","177","30","16.95","4","50.0","1","25.0","92.69","131.99","0","2","0","0","0.0","0",,,,"0","0","0","0","0.0","0",,,,"0","0","0","2026-04-11"
"12"" deep wall shelf white","206","4","240","8","3.33","4","100.0","1","25.0","24.99","24.99","2","2","0","2","50.0","1","50.0","24.99","24.99","1","1","0","0","0.0","0",,,,"0","0","0","2026-04-11"
"8"" x 36"" black shelf","56","2","44","4","9.09","2","100.0","1","50.0","48.99","48.99","0","1","0","1","50.0","1","100.0","48.99","48.99","0","0","0","1","50.0","1","100.0","48.99","48.99","0","0","0","2026-04-11"
"36 inch live edge floating shelf","575","41","1062","73","6.87","21","51.22","0","0.0","99.99",,"0","2","6","2","4.88","0","0.0","42.3",,"0","0","0","1","2.44","0","0.0","42.3",,"0","0","0","2026-04-11"
"floating shelves with nickle brackets","943","4","88","8","9.09","3","75.0","1","33.33","61.74","63.99","0","1","1","1","25.0","0","0.0","18.99",,"0","1","0","0","0.0","0",,,,"0","0","0","2026-04-11"
"frames 4x6","161","2140","61271","28","0.05","842","39.35","1","0.12","15.89","12.99","143","519","116","328","15.33","1","0.3","12.99","12.99","71","201","37","129","6.03","0","0.0","13.99",,"29","85","8","2026-04-11"
"adhesive shelves for wall","413","753","18651","17","0.09","314","41.7","3","0.96","16.98","26.99","64","163","51","62","8.23","0","0.0","15.99",,"10","30","15","15","1.99","0","0.0","15.99",,"3","7","5","2026-04-11"
"drift wood floating shelves","332","7","158","1","0.63","5","71.43","1","20.0","114.99","114.99","0","2","0","1","14.29","1","100.0","114.99","114.99","0","1","0","0","0.0","0",,,,"0","0","0","2026-04-11"
"5x7 frame with 4x6 mat","198","90","2470","9","0.36","35","38.89","1","2.86","9.99","16.99","1","24","5","13","14.44","1","7.69","9.99","16.99","1","8","2","3","3.33","0","0.0","9.99",,"0","3","0","2026-04-11"
"dark wood shelves","582","458","11623","34","0.29","170","37.12","1","0.59","29.99","72.99","16","61","33","46","10.04","0","0.0","32.99",,"4","19","4","7","1.53","0","0.0","29.99",,"1","4","0","2026-04-11"
"large picture frame","132","2777","72499","228","0.31","738","26.58","4","0.54","29.99","57.99","84","277","182","185","6.66","0","0.0","27.98",,"14","94","42","26","0.94","0","0.0","22.99",,"1","17","7","2026-04-11"
"photo frame 4x6","183","1788","51308","14","0.03","635","35.51","1","0.16","9.99","13.99","94","376","72","253","14.15","1","0.4","9.98","13.99","51","145","24","96","5.37","0","0.0","9.58",,"29","51","11","2026-04-11"
"rounded wooded frame matted to 11x14","821","6","126","12","9.52","6","100.0","1","16.67","28.99","22.99","3","3","0","0","0.0","0",,,,"0","0","0","0","0.0","0",,,,"0","0","0","2026-04-11"
"11x14 picture frame with mat fo 8.5x 11” photo","941","10","222","8","3.6","5","50.0","1","20.0","23.66","24.99","1","2","1","0","0.0","0",,,,"0","0","0","0","0.0","0",,,,"0","0","0","2026-04-11"
"live edge floating shelf","343","286","7274","208","2.86","92","32.17","1","1.09","85.0","179.99","3","24","25","10","3.5","0","0.0","45.98",,"1","4","4","1","0.35","0","0.0","26.99",,"0","1","0","2026-04-11"
"white shelf","14","8538","216012","858","0.4","2588","30.31","5","0.19","47.99","48.99","155","744","546","736","8.62","1","0.14","47.99","24.99","44","208","165","50","0.59","0","0.0","24.98",,"10","18","7","2026-04-11"
"frame matted to 11x14","408","500","14424","57","0.4","223","44.6","2","0.9","26.99","20.99","16","96","79","55","11.0","0","0.0","22.99",,"5","26","18","26","5.2","0","0.0","22.99",,"3","15","5","2026-04-11"
"small shelf for wall","185","4353","111702","196","0.18","1776","40.8","3","0.17","13.99","24.99","222","963","328","356","8.18","0","0.0","12.82",,"53","171","74","115","2.64","0","0.0","12.39",,"22","58","24","2026-04-11"
"17x11 picture frame","937","1224","32234","8","0.02","656","53.59","1","0.15","8.99","24.99","118","328","120","375","30.64","0","0.0","8.99",,"84","195","57","222","18.14","0","0.0","8.85",,"47","128","28","2026-04-11"
"5x7 wood picture frame","378","644","22313","115","0.52","221","34.32","1","0.45","9.99","16.99","14","141","45","83","12.89","0","0.0","9.99",,"5","52","18","31","4.81","0","0.0","11.99",,"1","20","8","2026-04-11"
"walnut frame 5 x 7 brass","964","4","240","8","3.33","3","75.0","1","33.33","16.99","16.99","0","2","1","1","25.0","0","0.0","8.99",,"0","1","0","1","25.0","0","0.0","8.99",,"0","1","0","2026-04-11"
"22x28 frame with mat","108","482","13748","171","1.24","201","41.7","3","1.49","48.43","64.99","1","52","69","61","12.66","1","1.64","48.43","64.99","0","22","23","22","4.56","0","0.0","48.43",,"0","10","9","2026-04-11"
"boho picture frames","710","1340","33880","18","0.05","470","35.07","1","0.21","18.99","17.99","26","228","132","196","14.63","0","0.0","18.99",,"9","91","65","17","1.27","0","0.0","15.99",,"0","10","6","2026-04-11"
"picture frames 16x20","692","3371","101196","19","0.02","992","29.43","1","0.1","25.49","45.99","41","278","333","320","9.49","0","0.0","24.99",,"19","110","100","122","3.62","0","0.0","23.99",,"10","48","39","2026-04-11"
"24l x 16w poster frame wood","311","4","79","1","1.27","3","75.0","1","33.33","32.83","45.99","0","0","3","2","50.0","1","50.0","32.83","45.99","0","0","2","0","0.0","0",,,,"0","0","0","2026-04-11"
"24x36 frame with mat","347","586","15493","229","1.48","213","36.35","0","0.0","51.59",,"0","54","89","68","11.6","0","0.0","47.99",,"0","21","25","18","3.07","0","0.0","43.99",,"0","7","6","2026-04-11"
"tabletop picture frames","392","282","8361","29","0.35","76","26.95","3","3.95","17.99","17.99","12","41","15","27","9.57","0","0.0","17.99",,"10","13","3","1","0.35","0","0.0","34.24",,"0","1","0","2026-04-11"
"11 x 14 natural wood picture frames","84","2","44","1","2.27","1","50.0","1","100.0","20.99","20.99","0","0","1","1","50.0","1","100.0","20.99","20.99","0","0","1","1","50.0","1","100.0","20.99","20.99","0","0","1","2026-04-11"
"floating shelves black and gold","807","57","1292","12","0.93","21","36.84","1","4.76","26.99","72.99","2","6","6","3","5.26","0","0.0","26.99",,"1","1","1","1","1.75","0","0.0","26.34",,"0","1","0","2026-04-11"
"matted frames","479","234","6599","19","0.29","83","35.47","2","2.41","25.99","38.99","15","34","13","15","6.41","0","0.0","27.4",,"1","5","4","1","0.43","0","0.0","80.99",,"0","0","0","2026-04-11"
"dark wood floating shelves","16","597","14748","195","1.32","298","49.92","7","2.35","33.99","114.99","26","123","68","82","13.74","3","3.66","32.99","114.99","4","36","15","16","2.68","0","0.0","28.99",,"2","9","4","2026-04-11"
"16x24 dark brown frame","496","20","383","12","3.13","19","95.0","2","10.53","34.99","45.99","0","4","11","3","15.0","0","0.0","26.99",,"0","0","2","0","0.0","0",,,,"0","0","0","2026-04-11"
"16x20 swooden frame no mat real glass","324","1","60","1","1.67","1","100.0","1","100.0","38.99","38.99","0","0","1","1","100.0","1","100.0","38.99","38.99","0","0","1","0","0.0","0",,,,"0","0","0","2026-04-11"
"floating shelves 55 inch 12 d","308","1","60","1","1.67","1","100.0","1","100.0","72.99","72.99","0","0","0","1","100.0","1","100.0","72.99","72.99","0","0","0","0","0.0","0",,,,"0","0","0","2026-04-11"
"frame with glass 16x24","178","12","511","18","3.52","8","66.67","1","12.5","45.99","45.99","0","2","0","3","25.0","1","33.33","45.99","45.99","0","1","0","0","0.0","0",,,,"0","0","0","2026-04-11"
"picture frames standing","240","143","3487","4","0.11","44","30.77","1","2.27","15.99","16.99","8","20","5","14","9.79","1","7.14","8.99","16.99","3","4","5","2","1.4","0","0.0","8.99",,"0","1","1","2026-04-11"
"11x14 picture frame oak","434","33","883","42","4.76","16","48.48","2","12.5","19.99","22.99","1","10","4","5","15.15","0","0.0","25.99",,"0","2","2","3","9.09","0","0.0","25.99",,"0","1","1","2026-04-11"
"white shelves not floating","278","9","186","2","1.08","3","33.33","1","33.33","41.99","41.99","0","0","0","1","11.11","1","100.0","41.99","41.99","0","0","0","0","0.0","0",,,,"0","0","0","2026-04-11"
"24x10 inch wall shelf","497","13","359","12","3.34","11","84.62","2","18.18","35.99","26.99","0","2","8","0","0.0","0",,,,"0","0","0","0","0.0","0",,,,"0","0","0","2026-04-11"
"heavy shelf for wall","72","2","44","2","4.55","1","50.0","1","100.0","44.99","44.99","0","0","0","1","50.0","1","100.0","44.99","44.99","0","0","0","1","50.0","1","100.0","44.99","44.99","0","0","0","2026-04-11"
"16x20 matted to 11x14","542","427","11811","42","0.36","145","33.96","1","0.69","31.98","38.99","5","45","57","39","9.13","0","0.0","28.53",,"0","12","15","15","3.51","0","0.0","32.56",,"0","8","4","2026-04-11"
"wall shelves 12 inch depth","789","12","571","50","8.76","1","8.33","0","0.0","27.99",,"0","1","0","0","0.0","0",,,,"0","0","0","0","0.0","0",,,,"0","0","0","2026-04-11"
"wooden picture frames natural finish","118","1519","32828","115","0.35","470","30.94","1","0.21","20.99","17.99","34","231","109","95","6.25","1","1.05","22.61","17.99","10","42","23","15","0.99","0","0.0","19.99",,"2","5","2","2026-04-11"
"5x5 picture frame","788","3678","92398","13","0.01","1631","44.34","1","0.06","8.99","16.99","76","941","340","617","16.78","0","0.0","7.99",,"30","378","131","235","6.39","0","0.0","7.99",,"17","159","41","2026-04-11"
"24x30 picture frame","657","355","9677","22","0.23","96","27.04","1","1.04","38.49","73.99","0","25","34","27","7.61","0","0.0","37.99",,"0","7","11","21","5.92","0","0.0","35.99",,"0","7","8","2026-04-11"
"shelves for wall no drilling","981","111","2636","7","0.27","45","40.54","1","2.22","16.88","26.99","6","24","5","4","3.6","0","0.0","13.99",,"2","2","0","0","0.0","0",,,,"0","0","0","2026-04-11"
"16""w x 12""d white shelf w/ black brackets","269","1","56","2","3.57","1","100.0","1","100.0","24.99","24.99","0","1","0","1","100.0","1","100.0","24.99","24.99","0","1","0","0","0.0","0",,,,"0","0","0","2026-04-11"
"rounded edge frame tabletop 8x10","263","2","116","3","2.59","2","100.0","1","50.0","13.29","18.99","1","1","0","2","100.0","1","50.0","13.29","18.99","1","1","0","1","50.0","0","0.0","13.29",,"1","0","0","2026-04-11"
"wall shelving","819","3012","86502","49","0.06","948","31.47","0","0.0","29.99",,"114","421","180","150","4.98","0","0.0","26.97",,"23","65","23","21","0.7","0","0.0","25.19",,"6","9","4","2026-04-11"
"16x24 wood frame","441","239","7331","40","0.55","83","34.73","2","2.41","32.83","45.99","0","16","34","34","14.23","0","0.0","29.99",,"0","7","14","9","3.77","0","0.0","25.49",,"0","4","4","2026-04-11"
"shelving boards 12"" length","921","6","132","8","6.06","5","83.33","1","20.0","25.99","24.99","0","4","0","0","0.0","0",,,,"0","0","0","0","0.0","0",,,,"0","0","0","2026-04-11"
"24'-30' wide 8' depth wall shelf","137","23","715","25","3.5","18","78.26","2","11.11","43.99","44.99","0","5","13","1","4.35","1","100.0","44.99","44.99","0","0","1","0","0.0","0",,,,"0","0","0","2026-04-11"
"matted 8 by 6 wall frame","279","1","60","2","3.33","1","100.0","1","100.0","16.99","16.99","0","1","0","1","100.0","1","100.0","16.99","16.99","0","1","0","0","0.0","0",,,,"0","0","0","2026-04-11"
"8.5x11 picture frame","4","3023","89350","455","0.51","1388","45.91","6","0.43","7.99","21.99","239","761","200","688","22.76","3","0.44","6.99","21.99","138","374","93","368","12.17","3","0.82","6.09","21.99","78","216","34","2026-04-11"
"live edge shelves","373","561","14760","164","1.11","181","32.26","0","0.0","89.99",,"5","41","46","18","3.21","0","0.0","103.97",,"1","4","4","1","0.18","0","0.0","134.45",,"0","0","1","2026-04-11"
"oak 16x24","800","12","248","13","5.24","6","50.0","1","16.67","25.99","26.99","0","0","5","0","0.0","0",,,,"0","0","0","0","0.0","0",,,,"0","0","0","2026-04-11"
"16x20 frames","381","17918","443248","113","0.03","7314","40.82","1","0.01","24.29","45.99","553","2490","2479","3031","16.92","0","0.0","23.99",,"284","1117","994","1084","6.05","0","0.0","23.49",,"144","432","335","2026-04-11"
"white floating shelf","446","1870","54176","109","0.2","769","41.12","0","0.0","24.98",,"91","368","158","181","9.68","0","0.0","24.98",,"20","86","39","48","2.57","0","0.0","24.98",,"4","28","12","2026-04-11"
"bedroom decor","686","133955","3170950","19","0.0","38569","28.79","1","0.0","19.84","48.99","5086","13715","6268","15634","11.67","0","0.0","16.96",,"2214","5728","2441","513","0.38","0","0.0","12.99",,"127","249","63","2026-04-11"
"small shelves gray","329","1","22","1","4.55","1","100.0","1","100.0","27.99","27.99","0","1","0","1","100.0","1","100.0","27.99","27.99","0","1","0","0","0.0","0",,,,"0","0","0","2026-04-11"
"8.5x11 picture frame red oak","53","2","40","4","10.0","1","50.0","1","100.0","21.99","21.99","0","1","0","1","50.0","1","100.0","21.99","21.99","0","1","0","1","50.0","1","100.0","21.99","21.99","0","1","0","2026-04-11"
"shelves on wall","402","18879","437592","134","0.03","6864","36.36","0","0.0","23.99",,"1221","3039","1132","1443","7.64","0","0.0","22.99",,"253","640","219","252","1.33","0","0.0","20.99",,"66","117","39","2026-04-11"
"36” shelf","243","119","2474","4","0.16","50","42.02","1","2.0","47.97","48.99","1","21","12","4","3.36","1","25.0","48.99","48.99","0","1","1","1","0.84","0","0.0","95.99",,"0","0","1","2026-04-11"
"small book shelf for wall","541","103","2545","79","3.1","25","24.27","0","0.0","20.99",,"2","9","9","9","8.74","0","0.0","27.1",,"1","3","2","1","0.97","0","0.0","29.97",,"0","0","1","2026-04-11"
"small shelf","380","13062","338370","113","0.03","4131","31.63","1","0.02","23.99","24.99","472","1876","813","868","6.65","0","0.0","20.99",,"112","400","184","205","1.57","0","0.0","19.98",,"38","106","48","2026-04-11"
"black shelf with bottom support","304","1","60","1","1.67","1","100.0","1","100.0","24.99","24.99","0","0","0","1","100.0","1","100.0","24.99","24.99","0","0","0","0","0.0","0",,,,"0","0","0","2026-04-11"
"natural burlwood picture frame wall","335","2","44","1","2.27","3","150.0","1","33.33","31.99","24.99","0","0","1","3","150.0","1","33.33","31.99","24.99","0","0","1","0","0.0","0",,,,"0","0","0","2026-04-11"
"shelving boards","747","257","8799","16","0.18","69","26.85","1","1.45","17.95","48.99","5","11","13","3","1.17","0","0.0","17.99",,"0","2","1","1","0.39","0","0.0","15.99",,"0","1","0","2026-04-11"
"12 inch deep wall mounted wooden shelf","540","5","105","5","4.76","4","80.0","2","50.0","24.99","24.99","0","0","0","1","20.0","0","0.0","30.37",,"0","0","0","0","0.0","0",,,,"0","0","0","2026-04-11"
"16 x 12 gray floating shelf","51","2","44","4","9.09","2","100.0","1","50.0","27.99","28.99","0","2","0","1","50.0","1","100.0","28.99","28.99","0","1","0","1","50.0","1","100.0","28.99","28.99","0","1","0","2026-04-11"
"8"" wide wood wall shelf with supports","858","7","410","11","2.68","8","114.29","1","12.5","23.99","24.99","0","8","0","2","28.57","0","0.0","21.99",,"0","2","0","0","0.0","0",,,,"0","0","0","2026-04-11"
"12x16 glass frame","935","42","973","8","0.82","18","42.86","1","5.56","21.49","25.99","0","13","4","6","14.29","0","0.0","18.99",,"0","3","3","2","4.76","0","0.0","17.99",,"0","1","1","2026-04-11"
"frames wooden","895","58","1733","9","0.52","22","37.93","1","4.55","24.99","16.99","0","7","11","6","10.34","0","0.0","24.99",,"0","0","5","0","0.0","0",,,,"0","0","0","2026-04-11"
"picture frame 6x8","798","132","3774","13","0.34","67","50.76","1","1.49","7.99","16.99","8","45","8","41","31.06","0","0.0","7.99",,"8","25","6","23","17.42","0","0.0","7.99",,"4","14","4","2026-04-11"
"60 inch live edge floating shelf","21","39","873","81","9.28","21","53.85","3","14.29","121.99","131.99","0","13","4","3","7.69","1","33.33","131.99","131.99","0","1","0","2","5.13","1","50.0","99.99","131.99","0","1","0","2026-04-11"
"hanging bookshelf for wall","737","182","5068","16","0.32","60","32.97","1","1.67","29.99","72.99","4","23","11","10","5.49","0","0.0","29.97",,"3","2","2","3","1.65","0","0.0","26.97",,"2","0","1","2026-04-11"
"16x24 frame","19","9907","244022","482","0.2","3654","36.88","5","0.14","24.99","45.99","156","1289","1267","1603","16.18","2","0.12","24.99","45.99","80","553","578","502","5.07","0","0.0","24.29",,"38","211","170","2026-04-11"
"24x36 frame gold","179","303","9183","17","0.19","129","42.57","1","0.78","49.99","76.99","0","23","44","48","15.84","1","2.08","38.99","76.99","0","12","17","9","2.97","0","0.0","35.99",,"0","2","4","2026-04-11"
"shelf boards 12 inch deep","426","181","4731","119","2.52","71","39.23","0","0.0","27.99",,"1","17","8","4","2.21","0","0.0","29.99",,"1","1","0","2","1.1","0","0.0","36.99",,"0","0","0","2026-04-11"
"48""x12"" wood white shelf with drywall anchors","81","1","60","1","1.67","1","100.0","1","100.0","72.99","72.99","0","0","0","1","100.0","1","100.0","72.99","72.99","0","0","0","1","100.0","1","100.0","72.99","72.99","0","0","0","2026-04-11"
"wood 8x10 picture frames","245","160","3834","4","0.1","50","31.25","1","2.0","16.99","18.99","3","27","15","15","9.38","1","6.67","18.99","18.99","0","10","4","6","3.75","0","0.0","16.99",,"0","4","2","2026-04-11"
"natural wood shelving 6in d","717","10","600","17","2.83","9","90.0","1","11.11","69.99","89.99","0","0","5","0","0.0","0",,,,"0","0","0","0","0.0","0",,,,"0","0","0","2026-04-11"
"16x20 natural oak wood frame with mat for 11x14","684","11","240","19","7.92","6","54.55","1","16.67","28.49","38.99","0","3","3","0","0.0","0",,,,"0","0","0","0","0.0","0",,,,"0","0","0","2026-04-11"
"5x7 picture frame with mat","440","1177","34293","77","0.22","504","42.82","1","0.2","9.99","16.99","63","285","104","153","13.0","0","0.0","9.99",,"23","84","31","69","5.86","0","0.0","8.49",,"9","46","10","2026-04-11"
"72 inch live edge floating shelf","376","94","2095","154","7.35","39","41.49","0","0.0","164.99",,"0","2","9","1","1.06","0","0.0","129.99",,"0","0","0","0","0.0","0",,,,"0","0","0","2026-04-11"
"8.5x11 matted picture frame","932","13","462","8","1.73","9","69.23","1","11.11","25.99","25.99","1","5","0","3","23.08","0","0.0","9.99",,"1","2","0","0","0.0","0",,,,"0","0","0","2026-04-11"
"wall shelf single","863","71","1710","11","0.64","23","32.39","1","4.35","14.82","24.99","5","11","4","2","2.82","0","0.0","9.99",,"0","2","0","1","1.41","0","0.0","9.99",,"0","1","0","2026-04-11"
"thin walnut frame 12”x16”with matte and glass","231","5","110","5","4.55","3","60.0","1","33.33","26.99","26.99","0","1","1","1","20.0","1","100.0","26.99","26.99","0","1","0","0","0.0","0",,,,"0","0","0","2026-04-11"
"real wood tabletop frame","166","7","420","24","5.71","8","114.29","1","12.5","10.79","13.99","1","4","3","1","14.29","1","100.0","13.99","13.99","0","0","1","0","0.0","0",,,,"0","0","0","2026-04-11"
"shelves for bedroom","623","9677","240178","27","0.01","2453","25.35","1","0.04","38.36","24.99","279","769","357","540","5.58","0","0.0","29.99",,"78","166","88","62","0.64","0","0.0","24.98",,"22","21","9","2026-04-11"
"wall shelf unit","972","1471","37517","44","0.12","533","36.23","0","0.0","49.99",,"21","203","143","107","7.27","0","0.0","44.99",,"8","42","26","6","0.41","0","0.0","27.99",,"1","4","1","2026-04-11"
"picture frames for 5x7 photos with mat","204","35","850","8","0.94","11","31.43","1","9.09","13.99","14.99","1","7","2","5","14.29","1","20.0","14.99","14.99","0","2","2","1","2.86","0","0.0","13.99",,"0","1","0","2026-04-11"
"solid wood floating shelves 22'' long","435","57","2925","42","1.44","34","59.65","2","5.88","53.99","131.99","0","11","8","0","0.0","0",,,,"0","0","0","0","0.0","0",,,,"0","0","0","2026-04-11"
"frame 22x28","671","190","5257","21","0.4","85","44.74","1","1.18","34.99","64.99","1","23","27","31","16.32","0","0.0","32.99",,"0","13","9","20","10.53","0","0.0","30.95",,"0","9","5","2026-04-11"
"small book shelves","862","337","9639","48","0.5","138","40.95","0","0.0","34.99",,"3","35","32","24","7.12","0","0.0","34.43",,"2","7","8","2","0.59","0","0.0","27.96",,"0","1","1","2026-04-11"
"real wood 4x6 picture frame","665","10","506","21","4.15","6","60.0","1","16.67","16.99","13.99","0","2","3","3","30.0","0","0.0","16.99",,"0","1","1","0","0.0","0",,,,"0","0","0","2026-04-11"
"realspace® magellan small shelf","270","2","6","2","33.33","1","50.0","1","100.0","27.99","27.99","0","0","0","1","50.0","1","100.0","27.99","27.99","0","0","0","0","0.0","0",,,,"0","0","0","2026-04-11"
"picture frame matting","897","249","7116","9","0.13","72","28.92","1","1.39","14.95","57.99","1","36","10","13","5.22","0","0.0","8.99",,"0","8","3","4","1.61","0","0.0","8.99",,"0","4","0","2026-04-11"
"floating shelves with metal brackets","550","10","237","4","1.69","3","30.0","2","66.67","24.99","24.99","0","1","1","0","0.0","0",,,,"0","0","0","0","0.0","0",,,,"0","0","0","2026-04-11"
"8x10 picture frame rounded edge","777","12","347","14","4.03","4","33.33","1","25.0","19.99","18.99","1","2","1","0","0.0","0",,,,"0","0","0","0","0.0","0",,,,"0","0","0","2026-04-11"
"￼floating bookshelves","920","11","235","8","3.4","6","54.55","1","16.67","26.59","24.99","3","1","2","1","9.09","0","0.0","29.97",,"0","0","1","0","0.0","0",,,,"0","0","0","2026-04-11"
"floating shelves solid wood","576","91","2899","36","1.24","46","50.55","1","2.17","65.99","24.99","0","7","26","5","5.49","0","0.0","85.99",,"0","1","4","0","0.0","0",,,,"0","0","0","2026-04-11"
"12x18 matted frame","203","258","7841","8","0.1","108","41.86","1","0.93","27.99","45.99","3","41","34","37","14.34","1","2.7","27.99","45.99","1","15","9","9","3.49","0","0.0","19.08",,"1","4","4","2026-04-11"
"walnut solid wood floating shelves","457","14","840","31","3.69","11","78.57","2","18.18","79.99","94.99","0","5","3","0","0.0","0",,,,"0","0","0","0","0.0","0",,,,"0","0","0","2026-04-11"
"floating shelves for wall 12 x 12 inches","916","12","264","8","3.03","7","58.33","1","14.29","24.99","24.99","0","0","0","0","0.0","0",,,,"0","0","0","0","0.0","0",,,,"0","0","0","2026-04-11"
"8.5 by 11 picture frame","18","8953","221356","489","0.22","3922","43.81","5","0.13","7.99","21.99","818","2108","556","1964","21.94","2","0.1","6.09","21.99","499","1043","247","1121","12.52","0","0.0","5.93",,"319","612","125","2026-04-11"
"16 x 24 thin wood frame","164","40","893","25","2.8","53","132.5","1","1.89","49.99","45.99","0","2","27","3","7.5","1","33.33","45.99","45.99","0","0","1","0","0.0","0",,,,"0","0","0","2026-04-11"
"cornice","826","380","10460","49","0.47","94","24.74","0","0.0","39.99",,"2","22","14","12","3.16","0","0.0","37.99",,"0","4","1","0","0.0","0",,,,"0","0","0","2026-04-11"
"deep floating shelves","589","1079","27607","69","0.25","502","46.52","0","0.0","36.99",,"37","214","156","61","5.65","0","0.0","34.82",,"11","19","24","9","0.83","0","0.0","26.99",,"2","5","2","2026-04-11"
"wooden wall mounted shelves","646","345","7635","23","0.3","114","33.04","1","0.88","29.99","24.99","16","47","28","22","6.38","0","0.0","29.99",,"5","6","4","3","0.87","0","0.0","29.99",,"2","0","0","2026-04-11"
"raw wood floating shelves","552","79","1818","41","2.26","40","50.63","1","2.5","79.99","114.99","1","9","13","4","5.06","0","0.0","61.99",,"0","3","1","1","1.27","0","0.0","61.99",,"0","1","0","2026-04-11"
"wall shelves for kitchen","443","799","21494","39","0.18","308","38.55","2","0.65","28.49","24.99","58","123","50","36","4.51","0","0.0","23.82",,"12","11","7","3","0.38","0","0.0","13.96",,"1","2","0","2026-04-11"
"36 inch floating shelf rustic","990","11","320","7","2.19","8","72.73","1","12.5","54.99","114.99","0","4","1","1","9.09","0","0.0","54.99",,"0","1","0","0","0.0","0",,,,"0","0","0","2026-04-11"
"wall mounted shelves 10 inches deep","33","9","199","14","7.04","2","22.22","1","50.0","24.99","24.99","0","0","2","1","11.11","1","100.0","24.99","24.99","0","0","1","1","11.11","1","100.0","24.99","24.99","0","0","1","2026-04-11"
"13x16 matted picture frame","83","9","215","1","0.47","3","33.33","1","33.33","21.99","21.99","0","2","1","1","11.11","1","100.0","21.99","21.99","0","1","0","1","11.11","1","100.0","21.99","21.99","0","1","0","2026-04-11"
"one shelf for wall","836","89","1855","11","0.59","46","51.69","1","2.17","15.99","44.99","4","16","18","5","5.62","0","0.0","15.99",,"0","3","1","0","0.0","0",,,,"0","0","0","2026-04-11"
"laundry room","975","12052","294257","7","0.0","4401","36.52","1","0.02","19.98","48.99","529","1813","885","1821","15.11","0","0.0","18.03",,"231","819","359","109","0.9","0","0.0","12.97",,"29","63","14","2026-04-11"
"metal and wood floating shelves industrial","384","97","2011","37","1.84","37","38.14","3","8.11","29.99","25.99","0","12","6","2","2.06","0","0.0","26.99",,"0","1","1","1","1.03","0","0.0","26.99",,"0","0","1","2026-04-11"
"rustic brown floating shelves for wall","879","60","1445","10","0.69","21","35.0","1","4.76","23.82","24.99","3","12","3","3","5.0","0","0.0","23.82",,"0","2","0","0","0.0","0",,,,"0","0","0","2026-04-11"
"floating wood shelf","432","626","17720","117","0.66","227","36.26","0","0.0","41.97",,"18","81","49","22","3.51","0","0.0","34.99",,"3","13","5","3","0.48","0","0.0","79.99",,"0","1","2","2026-04-11"
"long wood wall shelf","818","40","876","12","1.37","16","40.0","1","6.25","49.99","24.99","0","3","4","2","5.0","0","0.0","39.99",,"0","0","2","0","0.0","0",,,,"0","0","0","2026-04-11"
"picture frame wall","698","298","7778","18","0.23","72","24.16","1","1.39","24.99","22.99","10","35","12","16","5.37","0","0.0","26.58",,"2","9","2","2","0.67","0","0.0","7.99",,"0","2","0","2026-04-11"
"deep floating shelf","508","245","7459","47","0.63","96","39.18","1","1.04","29.99","24.99","5","48","28","9","3.67","0","0.0","34.82",,"0","5","2","4","1.63","0","0.0","26.09",,"0","2","2","2026-04-11"
"floating wood shelves for toilet","896","9","198","9","4.55","7","77.78","1","14.29","69.99","112.99","1","6","0","0","0.0","0",,,,"0","0","0","0","0.0","0",,,,"0","0","0","2026-04-11"
"24x30 frame matted to 18x24","417","96","2571","51","1.98","62","64.58","2","3.23","53.53","73.99","0","14","26","10","10.42","0","0.0","38.49",,"0","1","6","1","1.04","0","0.0","36.99",,"0","0","0","2026-04-11"
"black wall shelves","148","2036","50614","226","0.45","746","36.64","3","0.4","25.18","26.99","95","328","177","225","11.05","0","0.0","24.99",,"29","93","55","37","1.82","0","0.0","23.99",,"10","17","7","2026-04-11"
"wide shelf for wall","611","139","3245","29","0.89","52","37.41","1","1.92","29.99","51.99","8","27","9","7","5.04","0","0.0","28.04",,"0","4","2","2","1.44","0","0.0","16.71",,"0","1","1","2026-04-11"
"18x22 solid wood frame with glass","674","8","226","21","9.29","3","37.5","1","33.33","39.99","42.99","0","0","3","0","0.0","0",,,,"0","0","0","0","0.0","0",,,,"0","0","0","2026-04-11"
"elm floating shelf","992","5","109","7","6.42","2","40.0","1","50.0","106.39","112.99","0","1","0","0","0.0","0",,,,"0","0","0","0","0.0","0",,,,"0","0","0","2026-04-11"
"wall storage system attractive","258","3","66","3","4.55","2","66.67","1","50.0","44.99","44.99","0","0","0","1","33.33","1","100.0","44.99","44.99","0","0","0","0","0.0","0",,,,"0","0","0","2026-04-11"
"17 inch wood shelves","713","37","797","54","6.78","19","51.35","0","0.0","56.99",,"0","10","6","0","0.0","0",,,,"0","0","0","0","0.0","0",,,,"0","0","0","2026-04-11"
"16 x 24 picture frame","808","1773","47442","49","0.1","740","41.74","0","0.0","24.99",,"36","282","238","353","19.91","0","0.0","24.35",,"22","130","127","114","6.43","0","0.0","22.99",,"5","44","49","2026-04-11"
"wide wall shelf","668","272","6301","21","0.33","102","37.5","1","0.98","27.99","24.99","18","50","16","9","3.31","0","0.0","27.99",,"2","6","0","2","0.74","0","0.0","25.99",,"1","1","0","2026-04-11"
"11x14 light oak wood frame with 8x10 matte","513","5","109","9","8.26","3","60.0","2","66.67","20.99","20.99","0","2","1","0","0.0","0",,,,"0","0","0","0","0.0","0",,,,"0","0","0","2026-04-11"
"heavy duty wall mounted shelf","919","32","853","8","0.94","11","34.38","1","9.09","45.99","26.99","0","5","3","0","0.0","0",,,,"0","0","0","0","0.0","0",,,,"0","0","0","2026-04-11"
"magnetic wall shelf heavy duty","286","12","244","2","0.82","6","50.0","1","16.67","19.99","26.99","0","4","2","5","41.67","1","20.0","21.99","26.99","0","3","2","0","0.0","0",,,,"0","0","0","2026-04-11"
"live edge floating shelf 60 inch","353","37","705","55","7.8","29","78.38","4","13.79","142.55","131.99","0","2","2","4","10.81","0","0.0","109.99",,"0","1","0","1","2.7","0","0.0","179.99",,"0","1","0","2026-04-11"
"small picture frame for shelf","319","3","62","1","1.61","1","33.33","1","100.0","12.99","12.99","0","1","0","1","33.33","1","100.0","12.99","12.99","0","1","0","0","0.0","0",,,,"0","0","0","2026-04-11"
"22x28 thin narrow wood gallery rounded corner 1/2"" frame wheat","659","10","569","22","3.87","8","80.0","1","12.5","62.99","64.99","0","0","6","0","0.0","0",,,,"0","0","0","0","0.0","0",,,,"0","0","0","2026-04-11"
"shelves for room wall","90","20813","488309","363","0.07","7034","33.8","6","0.09","24.99","24.99","1020","3060","1308","1632","7.84","1","0.06","23.09","24.99","249","697","301","261","1.25","0","0.0","21.99",,"67","121","38","2026-04-11"
"wood shelf for bathroom","861","184","5153","11","0.21","60","32.61","1","1.67","29.99","89.99","8","23","14","15","8.15","0","0.0","29.99",,"2","4","3","0","0.0","0",,,,"0","0","0","2026-04-11"
"painting frame","182","332","10442","16","0.15","75","22.59","1","1.33","22.94","25.99","10","21","16","3","0.9","1","33.33","7.98","25.99","0","1","0","0","0.0","0",,,,"0","0","0","2026-04-11"
"shelves attached to wall","305","14","343","1","0.29","3","21.43","1","33.33","41.99","41.99","0","1","2","1","7.14","1","100.0","41.99","41.99","0","0","1","0","0.0","0",,,,"0","0","0","2026-04-11"
"live edge floating shelves 24 inch","1000","8","167","7","4.19","5","62.5","1","20.0","87.98","94.99","0","0","3","0","0.0","0",,,,"0","0","0","0","0.0","0",,,,"0","0","0","2026-04-11"
"11x14 wood frame","174","487","14445","19","0.13","238","48.87","1","0.42","14.99","22.99","25","130","56","84","17.25","1","1.19","9.99","22.99","10","53","10","31","6.37","0","0.0","8.99",,"4","18","4","2026-04-11"
"24x30 gold fram matted to 18x24","629","22","486","26","5.35","15","68.18","1","6.67","66.99","73.99","0","5","4","2","9.09","0","0.0","62.99",,"0","1","0","0","0.0","0",,,,"0","0","0","2026-04-11"
"28x34 frame matted to 24x30","869","19","522","10","1.92","11","57.89","1","9.09","49.99","73.99","0","4","5","6","31.58","0","0.0","44.99",,"0","2","3","2","10.53","0","0.0","44.49",,"0","1","1","2026-04-11"
"bracket shelves","641","192","4831","24","0.5","65","33.85","1","1.54","24.99","24.99","6","27","14","7","3.65","0","0.0","35.99",,"2","2","0","2","1.04","0","0.0","15.99",,"0","1","0","2026-04-11"
"11x8.5 picture frame","98","617","16742","82","0.49","310","50.24","2","0.65","5.93","19.99","60","178","44","174","28.2","2","1.15","5.89","19.99","37","94","26","102","16.53","0","0.0","5.89",,"28","52","12","2026-04-11"
"6x8 picture frame oak","255","4","88","4","4.55","3","75.0","1","33.33","16.99","16.99","1","2","0","2","50.0","1","50.0","8.4","16.99","1","1","0","0","0.0","0",,,,"0","0","0","2026-04-11"
"shadow box wooden frame","76","5","91","1","1.1","2","40.0","1","50.0","24.99","24.99","0","1","0","1","20.0","1","100.0","24.99","24.99","0","1","0","1","20.0","1","100.0","24.99","24.99","0","1","0","2026-04-11"
"27x40 inch poster frame","605","2073","48339","67","0.14","899","43.37","0","0.0","44.99",,"0","182","265","356","17.17","0","0.0","43.99",,"0","78","96","123","5.93","0","0.0","43.99",,"0","28","33","2026-04-11"
"floating shelves 12 inches wide","885","49","1199","10","0.83","27","55.1","1","3.7","29.99","24.99","4","15","6","3","6.12","0","0.0","29.99",,"2","1","0","1","2.04","0","0.0","34.82",,"0","1","0","2026-04-11"
"wood shelf for wall","577","1154","28754","36","0.13","376","32.58","1","0.27","27.82","24.99","39","134","99","65","5.63","0","0.0","26.99",,"5","24","23","12","1.04","0","0.0","22.99",,"2","7","3","2026-04-11"
"wood wall shelf","610","1085","30679","29","0.09","371","34.19","1","0.27","31.99","131.99","19","136","88","60","5.53","0","0.0","34.99",,"5","18","18","8","0.74","0","0.0","34.99",,"1","3","2","2026-04-11"
"24x30 frame with mat","129","212","6117","95","1.55","76","35.85","1","1.32","53.53","73.99","0","26","26","14","6.6","1","7.14","46.99","73.99","0","4","7","1","0.47","0","0.0","72.99",,"0","0","1","2026-04-11"
"solid wood shelves","695","228","5869","19","0.32","92","40.35","1","1.09","85.99","131.99","0","30","29","4","1.75","0","0.0","69.99",,"0","1","1","0","0.0","0",,,,"0","0","0","2026-04-11"
"wooden floating shelves for wall","799","1689","42532","13","0.03","626","37.06","1","0.16","31.99","24.99","72","236","153","118","6.99","0","0.0","29.99",,"17","40","25","17","1.01","0","0.0","23.99",,"7","6","2","2026-04-11"
"solid wood frame","852","61","1500","11","0.73","31","50.82","1","3.23","28.97","96.99","5","16","6","5","8.2","0","0.0","36.99",,"0","3","2","0","0.0","0",,,,"0","0","0","2026-04-11"
"30 x 40 gold modern frame","77","7","154","1","0.65","8","114.29","1","12.5","87.99","87.99","0","0","1","1","14.29","1","100.0","87.99","87.99","0","0","0","1","14.29","1","100.0","87.99","87.99","0","0","0","2026-04-11"
"floating shelf live edge","630","64","1960","62","3.16","26","40.63","0","0.0","61.99",,"1","14","4","2","3.13","0","0.0","99.99",,"0","2","0","0","0.0","0",,,,"0","0","0","2026-04-11"
"27 x 40 frame with glass","909","10","496","9","1.81","10","100.0","1","10.0","80.49","96.99","0","3","3","0","0.0","0",,,,"0","0","0","0","0.0","0",,,,"0","0","0","2026-04-11"
"heavy duty floating shelf","466","324","10289","63","0.61","118","36.42","1","0.85","39.99","27.99","12","44","32","12","3.7","0","0.0","24.99",,"2","4","4","3","0.93","0","0.0","19.99",,"0","2","1","2026-04-11"
"small shelf for room","154","49","1032","4","0.39","16","32.65","2","12.5","27.99","24.99","2","4","4","4","8.16","1","25.0","24.99","24.99","1","0","1","1","2.04","0","0.0","39.99",,"0","0","1","2026-04-11"
"small wall shelf with brackets","749","17","379","16","4.22","18","105.88","1","5.56","20.99","24.99","0","12","5","1","5.88","0","0.0","34.99",,"0","0","0","0","0.0","0",,,,"0","0","0","2026-04-11"
"wall shelf 20 inch 10 inch deep","74","2","44","2","4.55","1","50.0","1","100.0","26.99","26.99","0","1","0","1","50.0","1","100.0","26.99","26.99","0","1","0","1","50.0","1","100.0","26.99","26.99","0","1","0","2026-04-11"
"wood picture frames 8x10","648","443","13327","23","0.17","199","44.92","1","0.5","16.99","18.99","32","97","29","56","12.64","0","0.0","15.99",,"10","32","9","13","2.93","0","0.0","9.99",,"5","6","2","2026-04-11"
"16 x 20 frame with mat","458","246","8846","31","0.35","95","38.62","2","2.11","31.98","38.99","4","23","46","26","10.57","0","0.0","24.95",,"2","11","8","10","4.07","0","0.0","24.29",,"1","5","3","2026-04-11"
"kovascape floating shelves","631","4","84","25","29.76","2","50.0","1","50.0","24.99","24.99","0","0","1","0","0.0","0",,,,"0","0","0","0","0.0","0",,,,"0","0","0","2026-04-11"
"small picture frames","724","5081","133354","17","0.01","1661","32.69","1","0.06","12.99","12.99","143","874","336","501","9.86","0","0.0","12.99",,"42","286","84","97","1.91","0","0.0","9.99",,"13","52","21","2026-04-11"
"rounded edge frame","482","18","553","17","3.07","12","66.67","2","16.67","27.99","17.99","0","5","5","2","11.11","0","0.0","23.99",,"0","1","1","0","0.0","0",,,,"0","0","0","2026-04-11"
"white kitchen floating shelves heavy duty","439","17","376","41","10.9","11","64.71","2","18.18","42.99","24.99","1","6","3","1","5.88","0","0.0","33.99",,"0","1","0","0","0.0","0",,,,"0","0","0","2026-04-11"
"solid wood picture frames 4x6 no matt","45","7","147","5","3.4","3","42.86","1","33.33","14.44","12.99","0","1","1","1","14.29","1","100.0","12.99","12.99","0","0","1","1","14.29","1","100.0","12.99","12.99","0","0","1","2026-04-11"
"12 inch floating shelf","507","533","14653","47","0.32","273","51.22","1","0.37","21.84","63.99","39","149","53","33","6.19","0","0.0","19.99",,"1","16","11","10","1.88","0","0.0","14.99",,"1","5","3","2026-04-11"
"18x24 solid wood frame","136","23","558","26","4.66","10","43.48","2","20.0","41.39","49.99","0","0","2","1","4.35","1","100.0","49.99","49.99","0","0","0","0","0.0","0",,,,"0","0","0","2026-04-11"
"50x40 frame","328","52","1019","1","0.1","12","23.08","1","8.33","23.26","87.99","3","2","2","2","3.85","1","50.0","19.99","87.99","1","1","0","1","1.92","0","0.0","19.99",,"0","1","0","2026-04-11"
"small wall shelf with toundedcorners","325","1","22","1","4.55","1","100.0","1","100.0","24.99","24.99","0","0","0","1","100.0","1","100.0","24.99","24.99","0","0","0","0","0.0","0",,,,"0","0","0","2026-04-11"
"36 inch floating shelves set of 3","104","33","759","24","3.16","19","57.58","2","10.53","99.99","112.99","0","1","7","5","15.15","2","40.0","95.99","112.99","0","0","3","1","3.03","0","0.0","95.99",,"0","0","0","2026-04-11"
"marlow glen picture frame 22x28","673","37","827","21","2.54","41","110.81","1","2.44","54.99","64.99","0","3","13","10","27.03","0","0.0","47.99",,"0","0","6","0","0.0","0",,,,"0","0","0","2026-04-11"
"12"" live edge floating shelf","755","8","176","15","8.52","8","100.0","1","12.5","94.99","94.99","0","1","2","0","0.0","0",,,,"0","0","0","0","0.0","0",,,,"0","0","0","2026-04-11"
"5 x 7 picture frame","337","4589","141751","219","0.15","1907","41.56","2","0.1","9.99","14.99","266","1096","284","852","18.57","0","0.0","8.99",,"150","502","123","417","9.09","0","0.0","8.04",,"92","250","54","2026-04-11"
"24 x 36 fames with glass","281","4","84","2","2.38","3","75.0","1","33.33","83.99","83.99","0","0","0","2","50.0","1","50.0","55.99","83.99","0","0","0","0","0.0","0",,,,"0","0","0","2026-04-11"
"live edge floating shelf 48 inch","362","34","944","73","7.73","20","58.82","3","15.0","99.74","102.99","0","4","5","0","0.0","0",,,,"0","0","0","0","0.0","0",,,,"0","0","0","2026-04-11"
"36 inch picture ledge wood” 👉 “36 inch floating shelf 5 inch deep","711","9","198","18","9.09","6","66.67","1","16.67","39.69","112.99","0","0","2","1","11.11","0","0.0","39.69",,"0","0","0","0","0.0","0",,,,"0","0","0","2026-04-11"
"16x24 matted frame","158","112","3164","33","1.04","49","43.75","1","2.04","34.99","45.99","2","14","23","16","14.29","1","6.25","34.99","45.99","0","6","5","3","2.68","0","0.0","31.99",,"0","0","2","2026-04-11"
"24x36 frame with glass","951","93","3053","45","1.47","46","49.46","0","0.0","79.99",,"0","17","9","11","11.83","0","0.0","69.99",,"0","3","1","4","4.3","0","0.0","74.69",,"0","2","1","2026-04-11"
"picture frame matted to 8x10","235","141","3641","5","0.14","77","54.61","1","1.3","17.99","20.99","9","40","13","33","23.4","1","3.03","20.99","20.99","2","19","6","5","3.55","0","0.0","7.99",,"0","5","0","2026-04-11"
"4x6 wooden picture frames","767","286","6841","14","0.2","120","41.96","1","0.83","15.99","13.99","13","60","24","34","11.89","0","0.0","14.99",,"3","19","7","12","4.2","0","0.0","12.99",,"1","8","2","2026-04-11"
"book shelf for wall mount","874","52","1180","10","0.85","13","25.0","1","7.69","28.49","24.99","2","6","1","4","7.69","0","0.0","45.47",,"0","2","0","1","1.92","0","0.0","20.99",,"0","1","0","2026-04-11"
"marcos para cuadros de lienzo","982","16","375","7","1.87","3","18.75","1","33.33","32.39","18.99","0","0","0","0","0.0","0",,,,"0","0","0","0","0.0","0",,,,"0","0","0","2026-04-11"
"24x34 matted frame for 20x30 picture","318","31","1238","1","0.08","24","77.42","1","4.17","54.36","78.99","0","3","5","11","35.48","1","9.09","41.79","78.99","0","1","2","2","6.45","0","0.0","45.99",,"0","1","1","2026-04-11"
"wall shelves without screws","906","8","176","9","5.11","5","62.5","1","20.0","20.99","26.99","1","2","1","0","0.0","0",,,,"0","0","0","0","0.0","0",,,,"0","0","0","2026-04-11"
"wall shelf with brackets","363","186","5267","70","1.33","62","33.33","3","4.84","24.99","24.99","7","33","12","11","5.91","0","0.0","29.99",,"1","5","4","2","1.08","0","0.0","25.99",,"0","2","0","2026-04-11"
"20x30 picture frame gold vintage","556","34","766","4","0.52","14","41.18","2","14.29","49.99","21.99","0","0","2","0","0.0","0",,,,"0","0","0","0","0.0","0",,,,"0","0","0","2026-04-11"
"4x6 picture frame wooden","47","46","1373","5","0.36","29","63.04","1","3.45","10.38","13.99","0","20","7","12","26.09","1","8.33","11.99","13.99","0","7","4","6","13.04","1","16.67","13.27","13.99","0","4","2","2026-04-11"
"estante flotante de pared","793","786","19383","13","0.07","233","29.64","1","0.43","23.99","1492.15","31","88","29","42","5.34","0","0.0","20.99",,"7","16","9","7","0.89","0","0.0","20.69",,"3","3","0","2026-04-11"
"28 x 40 natural wood frame","934","7","192","8","4.17","5","71.43","1","20.0","74.99","87.99","0","3","0","1","14.29","0","0.0","49.99",,"0","0","0","0","0.0","0",,,,"0","0","0","2026-04-11"
"cowboy boot shelf","238","167","3848","5","0.13","49","29.34","1","2.04","59.99","24.99","5","9","14","9","5.39","1","11.11","29.99","24.99","0","3","2","1","0.6","0","0.0","20.99",,"0","0","0","2026-04-11"
"rustic heavy duty wall shelves","310","8","177","1","0.56","4","50.0","1","25.0","25.49","24.99","1","1","2","2","25.0","1","50.0","24.99","24.99","0","1","1","0","0.0","0",,,,"0","0","0","2026-04-11"
"tv wall shelf","283","402","11309","2","0.02","120","29.85","1","0.83","29.99","24.99","15","48","18","21","5.22","1","4.76","26.58","24.99","5","10","1","4","1.0","0","0.0","19.99",,"0","3","0","2026-04-11"
"18x24 brown wood frame","190","21","451","12","2.66","9","42.86","1","11.11","28.99","49.99","0","1","4","5","23.81","1","20.0","29.99","49.99","0","0","3","2","9.52","0","0.0","23.39",,"0","0","0","2026-04-11"
"36 inch raw edge floating shelves oak deep","261","4","89","3","3.37","5","125.0","1","20.0","114.99","114.99","0","4","0","1","25.0","1","100.0","114.99","114.99","0","1","0","0","0.0","0",,,,"0","0","0","2026-04-11"
"decorative shelves","832","2333","59592","49","0.08","663","28.42","0","0.0","29.99",,"74","213","117","104","4.46","0","0.0","29.99",,"12","43","13","7","0.3","0","0.0","29.99",,"1","5","0","2026-04-11"
"wall shelf 10 inch deep","539","78","1945","42","2.16","36","46.15","1","2.78","26.99","26.99","2","16","9","2","2.56","0","0.0","34.99",,"0","0","1","1","1.28","0","0.0","34.99",,"0","0","1","2026-04-11"
"wood wall shelf for above dryer 8"" depth","822","3","180","12","6.67","1","33.33","1","100.0","44.99","44.99","0","1","0","0","0.0","0",,,,"0","0","0","0","0.0","0",,,,"0","0","0","2026-04-11"
"16x22 frame","142","489","13096","14","0.11","206","42.13","2","0.97","23.99","45.99","2","55","58","79","16.16","1","1.27","23.99","45.99","2","27","21","35","7.16","0","0.0","23.99",,"1","14","8","2026-04-11"
"shelving shelf wall mounted","963","4","88","8","9.09","3","75.0","1","33.33","28.99","28.99","0","2","1","0","0.0","0",,,,"0","0","0","0","0.0","0",,,,"0","0","0","2026-04-11"
"small book shelf for bedroom","473","321","9052","96","1.06","105","32.71","0","0.0","32.99",,"8","43","27","21","6.54","0","0.0","34.99",,"1","9","7","7","2.18","0","0.0","34.99",,"0","5","2","2026-04-11"
"20 inch shelves set of 8","983","8","177","7","3.95","4","50.0","1","25.0","24.99","24.99","0","2","2","0","0.0","0",,,,"0","0","0","0","0.0","0",,,,"0","0","0","2026-04-11"
"wall mounted bookshelf","405","2675","65807","132","0.2","994","37.16","0","0.0","39.99",,"59","388","291","167","6.24","0","0.0","38.97",,"11","79","43","21","0.79","0","0.0","29.97",,"2","10","5","2026-04-11"
"3ft long storage wall shelf","536","9","181","6","3.31","5","55.56","2","40.0","50.99","28.99","0","1","2","2","22.22","0","0.0","50.99",,"0","0","1","0","0.0","0",,,,"0","0","0","2026-04-11"
"8 by 10 wood frame","213","15","522","7","1.34","12","80.0","1","8.33","18.99","18.99","0","2","1","8","53.33","1","12.5","21.99","18.99","0","1","1","2","13.33","0","0.0","23.99",,"0","0","1","2026-04-11"
"wall & tabletop picture frames","494","3631","95065","87","0.09","213","5.87","0","0.0","19.99",,"22","91","59","25","0.69","0","0.0","20.38",,"1","13","5","8","0.22","0","0.0","16.99",,"0","7","0","2026-04-11"
"￼ picture frame 25.5x20","676","24","484","20","4.13","10","41.67","1","10.0","36.25","24.99","0","2","6","1","4.17","0","0.0","49.39",,"0","1","0","0","0.0","0",,,,"0","0","0","2026-04-11"
"11x14 oak picture frame","138","36","928","21","2.26","23","63.89","2","8.7","17.09","20.99","2","14","1","14","38.89","1","7.14","14.99","20.99","1","9","0","5","13.89","0","0.0","22.95",,"0","3","0","2026-04-11"
"white washed deep hanging wall shelf","293","26","573","2","0.35","18","69.23","1","5.56","28.98","24.99","0","0","10","5","19.23","1","20.0","24.99","24.99","0","0","3","0","0.0","0",,,,"0","0","0","2026-04-11"
"27 x 40 frame","847","256","8213","48","0.58","122","47.66","0","0.0","49.99",,"0","19","44","31","12.11","0","0.0","47.99",,"0","4","11","14","5.47","0","0.0","47.99",,"0","3","4","2026-04-11"
"wood shelves with brackets wall mount","634","63","1319","25","1.9","29","46.03","1","3.45","29.99","27.99","3","12","6","3","4.76","0","0.0","26.99",,"0","1","1","1","1.59","0","0.0","15.99",,"0","1","0","2026-04-11"
"picture frames 5x7","581","5064","148864","71","0.05","1810","35.74","0","0.0","13.06",,"281","977","307","766","15.13","0","0.0","9.99",,"142","430","108","324","6.4","0","0.0","9.99",,"67","193","47","2026-04-11"
"no nails wall shelf","904","25","675","9","1.33","6","24.0","1","16.67","16.88","24.99","1","2","1","0","0.0","0",,,,"0","0","0","0","0.0","0",,,,"0","0","0","2026-04-11"
"black wall shelf","109","1431","37685","245","0.65","543","37.95","1","0.18","23.99","24.99","80","239","110","148","10.34","1","0.68","23.99","24.99","17","73","28","27","1.89","0","0.0","20.99",,"7","13","2","2026-04-11"
"36 inch floating shelf light oak 5 inch deep”","760","11","241","15","6.22","11","100.0","1","9.09","56.99","114.99","0","0","9","1","9.09","0","0.0","49.29",,"0","0","1","0","0.0","0",,,,"0","0","0","2026-04-11"
"hanging shelf","377","5594","143725","79","0.05","1691","30.23","2","0.12","19.99","24.99","214","780","357","373","6.67","0","0.0","19.98",,"52","168","75","66","1.18","0","0.0","18.99",,"13","32","13","2026-04-11"
"kovascape 4x6 picture","36","1","12","8","66.67","1","100.0","1","100.0","13.99","13.99","0","0","1","1","100.0","1","100.0","13.99","13.99","0","0","1","1","100.0","1","100.0","13.99","13.99","0","0","1","2026-04-11"
"large wall picture frames","825","69","2254","12","0.53","15","21.74","1","6.67","40.49","53.99","1","7","7","5","7.25","0","0.0","36.99",,"1","3","1","1","1.45","0","0.0","29.99",,"0","0","1","2026-04-11"
"8""x12"" maple wood shelf","525","4","240","8","3.33","3","75.0","2","66.67","89.99","89.99","0","2","0","0","0.0","0",,,,"0","0","0","0","0.0","0",,,,"0","0","0","2026-04-11"
"oak 24x12 wall shelf","960","8","176","8","4.55","7","87.5","1","14.29","49.99","51.99","0","4","0","0","0.0","0",,,,"0","0","0","0","0.0","0",,,,"0","0","0","2026-04-11"
"48 inch live edge shelf","867","9","403","11","2.73","5","55.56","1","20.0","102.99","102.99","0","1","1","0","0.0","0",,,,"0","0","0","0","0.0","0",,,,"0","0","0","2026-04-11"
"8x10 natural wood frame rounded corners","488","7","154","15","9.74","7","100.0","2","28.57","23.99","18.99","0","6","1","1","14.29","0","0.0","23.99",,"0","1","0","1","14.29","0","0.0","23.99",,"0","1","0","2026-04-11"
"realistic wood floating shelves","409","15","332","20","6.02","7","46.67","3","42.86","61.99","114.99","0","0","5","0","0.0","0",,,,"0","0","0","0","0.0","0",,,,"0","0","0","2026-04-11"
"large picture frames for wall","754","705","19430","52","0.27","181","25.67","0","0.0","36.99",,"20","59","46","37","5.25","0","0.0","32.99",,"8","7","12","2","0.28","0","0.0","8.99",,"1","1","0","2026-04-11"
"wooden photo frame","459","320","9798","68","0.69","77","24.06","1","1.3","16.99","16.99","12","47","8","19","5.94","0","0.0","14.95",,"3","12","1","5","1.56","0","0.0","9.99",,"2","3","0","2026-04-11"
"floating shelves live edge","117","147","3676","121","3.29","68","46.26","1","1.47","93.99","94.99","0","13","17","10","6.8","1","10.0","89.99","94.99","0","2","2","2","1.36","0","0.0","45.99",,"0","1","1","2026-04-11"
"small book shelf for bathroom","791","16","336","13","3.87","9","56.25","1","11.11","35.99","24.99","1","6","0","4","25.0","0","0.0","35.99",,"1","1","0","0","0.0","0",,,,"0","0","0","2026-04-11"
"36” live edge shelf walnut","60","2","44","4","9.09","1","50.0","1","100.0","114.99","114.99","0","0","0","1","50.0","1","100.0","114.99","114.99","0","0","0","1","50.0","1","100.0","114.99","114.99","0","0","0","2026-04-11"
"frame matted to 16x24","598","61","1486","31","2.09","33","54.1","1","3.03","34.99","45.99","1","8","9","8","13.11","0","0.0","29.99",,"1","1","3","2","3.28","0","0.0","29.99",,"1","0","0","2026-04-11"
"floating shelves for bathroom","425","3673","85191","46","0.05","1513","41.19","2","0.13","24.64","24.99","273","658","316","311","8.47","0","0.0","23.97",,"65","132","70","48","1.31","0","0.0","23.95",,"17","24","4","2026-04-11"
"live edge floating shelves","1","2604","65855","2279","3.46","1160","44.55","29","2.5","88.74","102.99","29","340","331","122","4.69","2","1.64","61.99","114.99","2","38","33","21","0.81","1","4.76","85.99","114.99","1","8","8","2026-04-11"
"non glare picture frame glass","977","37","1066","7","0.66","13","35.14","1","7.69","22.99","38.99","1","1","3","1","2.7","0","0.0","34.9",,"0","0","0","0","0.0","0",,,,"0","0","0","2026-04-11"
"shelves to stick on wall","857","14","267","11","4.12","8","57.14","1","12.5","14.49","26.99","0","7","0","1","7.14","0","0.0","9.99",,"0","1","0","1","7.14","0","0.0","9.99",,"0","1","0","2026-04-11"
"shelving boards 12"" deep","679","72","1990","57","2.86","29","40.28","0","0.0","27.83",,"1","5","8","4","5.56","0","0.0","25.9",,"0","1","1","0","0.0","0",,,,"0","0","0","2026-04-11"
"walk shelves cheap","866","11","231","11","4.76","1","9.09","1","100.0","24.99","24.99","0","0","0","0","0.0","0",,,,"0","0","0","0","0.0","0",,,,"0","0","0","2026-04-11"
"wall shelf","159","48947","1275193","31","0.0","13787","28.17","1","0.01","22.99","51.99","2018","5837","2348","2668","5.45","1","0.04","20.99","51.99","423","1167","424","513","1.05","0","0.0","20.99",,"124","265","62","2026-04-11"
"22x28 light wood frame","22","14","417","26","6.24","7","50.0","3","42.86","64.99","64.99","0","0","3","1","7.14","1","100.0","64.99","64.99","0","0","1","1","7.14","1","100.0","64.99","64.99","0","0","1","2026-04-11"
"heavy duty white shelf","846","27","626","11","1.76","17","62.96","1","5.88","79.99","24.99","0","3","5","1","3.7","0","0.0","34.99",,"0","1","0","1","3.7","0","0.0","34.99",,"0","1","0","2026-04-11"
"floating storage shelves","743","1311","28989","16","0.06","541","41.27","1","0.18","25.89","48.99","119","214","102","81","6.18","0","0.0","21.99",,"16","38","13","16","1.22","0","0.0","19.79",,"3","9","4","2026-04-11"
"hanging shelf wooden 12 inches deep","965","4","89","8","8.99","2","50.0","1","50.0","24.99","24.99","0","0","2","0","0.0","0",,,,"0","0","0","0","0.0","0",,,,"0","0","0","2026-04-11"
"24 in wood wall shelving","54","6","198","4","2.02","5","83.33","1","20.0","39.99","51.99","0","3","1","1","16.67","1","100.0","51.99","51.99","0","0","0","1","16.67","1","100.0","51.99","51.99","0","0","0","2026-04-11"
"shelves for purses on wall","223","10","213","6","2.82","5","50.0","1","20.0","41.99","41.99","0","2","3","1","10.0","1","100.0","41.99","41.99","0","0","1","0","0.0","0",,,,"0","0","0","2026-04-11"
"live edge floating shelves walnut oak","170","14","282","21","7.45","7","50.0","1","14.29","103.98","131.99","0","0","2","1","7.14","1","100.0","131.99","131.99","0","0","0","0","0.0","0",,,,"0","0","0","2026-04-11"
"white oak wooden picture frame 5 x 7 with glass","237","3","84","5","5.95","3","100.0","1","33.33","7.99","14.99","0","0","3","3","100.0","1","33.33","7.99","14.99","0","0","3","1","33.33","0","0.0","7.99",,"0","0","1","2026-04-11"
"33 x 23.5 frame wooden with glass border","942","8","176","8","4.55","3","37.5","1","33.33","81.99","81.99","0","0","2","0","0.0","0",,,,"0","0","0","0","0.0","0",,,,"0","0","0","2026-04-11"
"34x12 wall shelf","795","14","281","13","4.63","8","57.14","1","12.5","51.99","63.99","0","2","3","0","0.0","0",,,,"0","0","0","0","0.0","0",,,,"0","0","0","2026-04-11"
"24x36 frame wood","813","304","9107","49","0.54","121","39.8","0","0.0","49.99",,"0","18","44","26","8.55","0","0.0","48.99",,"0","6","11","8","2.63","0","0.0","44.99",,"0","3","3","2026-04-11"
"rounded corner picture frame","985","84","2878","44","1.53","24","28.57","0","0.0","25.19",,"1","18","3","0","0.0","0",,,,"0","0","0","0","0.0","0",,,,"0","0","0","2026-04-11"
"42” live edge shelf","502","10","275","12","4.36","45","450.0","2","4.44","106.61","95.99","0","16","4","5","50.0","0","0.0","106.61",,"0","2","0","0","0.0","0",,,,"0","0","0","2026-04-11"
"small wooden shelf","753","830","21540","15","0.07","228","27.47","1","0.44","24.76","24.99","22","86","63","41","4.94","0","0.0","19.99",,"3","22","6","10","1.2","0","0.0","16.99",,"3","5","1","2026-04-11"
"wall shelves 12 inches deep","633","110","2547","62","2.43","56","50.91","0","0.0","29.99",,"7","28","9","9","8.18","0","0.0","33.99",,"0","6","0","3","2.73","0","0.0","33.99",,"0","1","0","2026-04-11"
"picture frame","367","22241","675593","174","0.03","4976","22.37","0","0.0","10.99",,"773","2333","740","1484","6.67","0","0.0","8.99",,"274","699","228","454","2.04","0","0.0","7.99",,"115","218","67","2026-04-11"
"wall shelf decor 12” wide","220","3","60","6","10.0","1","33.33","1","100.0","63.99","63.99","0","0","1","1","33.33","1","100.0","63.99","63.99","0","0","1","0","0.0","0",,,,"0","0","0","2026-04-11"
"15x12 picture frame","911","275","7932","9","0.11","123","44.73","1","0.81","9.99","25.99","2","46","39","51","18.55","0","0.0","8.65",,"1","23","14","30","10.91","0","0.0","7.59",,"1","16","10","2026-04-11"
"live edge shelf","91","453","12625","204","1.62","164","36.2","3","1.83","85.0","114.99","5","42","52","18","3.97","2","11.11","49.99","114.99","3","5","5","2","0.44","0","0.0","13.99",,"0","1","1","2026-04-11"
"floating shelves for wall natural wood","685","69","1731","19","1.1","36","52.17","1","2.78","39.99","114.99","1","5","16","7","10.14","0","0.0","34.99",,"1","1","4","0","0.0","0",,,,"0","0","0","2026-04-11"
"16x24 solid oak frame","195","6","133","10","7.52","13","216.67","1","7.69","43.99","45.99","0","9","2","13","216.67","1","7.69","43.99","45.99","0","9","2","0","0.0","0",,,,"0","0","0","2026-04-11"
"36"" wood floating shelves","194","7","187","11","5.88","4","57.14","1","25.0","83.99","114.99","0","0","3","1","14.29","1","100.0","114.99","114.99","0","0","1","0","0.0","0",,,,"0","0","0","2026-04-11"
"flipbook box","272","15","557","2","0.36","7","46.67","1","14.29","17.99","83.99","0","0","1","1","6.67","1","100.0","83.99","83.99","0","0","0","0","0.0","0",,,,"0","0","0","2026-04-11"
"8 inch deep floating shelf","454","66","1533","69","4.5","41","62.12","1","2.44","29.97","24.99","3","10","17","6","9.09","0","0.0","24.99",,"0","2","2","2","3.03","0","0.0","29.97",,"0","1","0","2026-04-11"
"non reflective frame","946","7","174","8","4.6","1","14.29","1","100.0","64.99","64.99","0","0","1","0","0.0","0",,,,"0","0","0","0","0.0","0",,,,"0","0","0","2026-04-11"
"floating book shelves","734","1557","41760","16","0.04","616","39.56","1","0.16","29.75","24.99","67","286","140","148","9.51","0","0.0","27.97",,"16","71","33","22","1.41","0","0.0","24.58",,"1","18","2","2026-04-11"
"birch picture frames 16x20”","301","4","81","2","2.47","9","225.0","1","11.11","47.49","38.99","0","0","7","5","125.0","1","20.0","44.09","38.99","0","0","3","0","0.0","0",,,,"0","0","0","2026-04-11"
"14x11 walnut frame","80","1","26","1","3.85","1","100.0","1","100.0","24.99","24.99","0","1","0","1","100.0","1","100.0","24.99","24.99","0","1","0","1","100.0","1","100.0","24.99","24.99","0","1","0","2026-04-11"
"3.5x5 wooden picture frames","973","36","725","7","0.97","22","61.11","1","4.55","7.89","13.99","1","11","2","6","16.67","0","0.0","6.99",,"0","4","0","1","2.78","0","0.0","7.89",,"0","0","0","2026-04-11"
"9inx32in wall shelf","368","12","264","24","9.09","9","75.0","4","44.44","35.99","26.99","0","7","2","1","8.33","0","0.0","87.99",,"0","1","0","0","0.0","0",,,,"0","0","0","2026-04-11"
"round walnut frame 24x36","816","6","132","12","9.09","6","100.0","1","16.67","85.49","83.99","0","1","3","1","16.67","0","0.0","94.99",,"0","0","1","0","0.0","0",,,,"0","0","0","2026-04-11"
"16 x 12 wall shelf white","37","5","111","8","7.21","2","40.0","1","50.0","24.99","24.99","0","2","0","2","40.0","1","50.0","24.99","24.99","0","2","0","1","20.0","1","100.0","24.99","24.99","0","1","0","2026-04-11"
"24 x 36 fames with tempered glass","504","7","137","12","8.76","4","57.14","2","50.0","76.99","76.99","0","0","0","1","14.29","0","0.0","74.99",,"0","0","0","0","0.0","0",,,,"0","0","0","2026-04-11"
"4x6 wood picture frames","209","283","6050","8","0.13","133","47.0","1","0.75","16.99","13.99","9","66","27","47","16.61","1","2.13","15.29","13.99","4","21","11","21","7.42","0","0.0","15.95",,"3","10","4","2026-04-11"
"shelves for wall retail","289","8","179","2","1.12","6","75.0","1","16.67","33.95","78.99","0","3","2","1","12.5","1","100.0","78.99","78.99","0","0","0","0","0.0","0",,,,"0","0","0","2026-04-11"
"strong wood shelves","735","13","308","16","5.19","5","38.46","1","20.0","69.99","60.99","1","1","2","0","0.0","0",,,,"0","0","0","0","0.0","0",,,,"0","0","0","2026-04-11"
"11x14 picture frame black","823","328","9039","12","0.13","164","50.0","1","0.61","11.99","20.99","28","84","37","82","25.0","0","0.0","7.98",,"16","44","17","40","12.2","0","0.0","7.98",,"7","27","6","2026-04-11"
"12 x 18 matted picture frame","327","8","230","1","0.43","8","100.0","1","12.5","22.99","45.99","0","0","0","5","62.5","1","20.0","22.99","45.99","0","0","0","0","0.0","0",,,,"0","0","0","2026-04-11"
"11x14 matted frame","469","609","18274","62","0.34","223","36.62","1","0.45","22.99","38.99","23","114","61","63","10.34","0","0.0","19.69",,"7","34","14","26","4.27","0","0.0","11.99",,"2","16","6","2026-04-11"
"rustic wall shelf","701","433","11887","18","0.15","115","26.56","1","0.87","29.99","24.99","6","34","28","30","6.93","0","0.0","27.82",,"1","12","11","4","0.92","0","0.0","29.99",,"0","3","0","2026-04-11"
"24x30 tempered glass","845","10","288","11","3.82","5","50.0","1","20.0","70.19","73.99","0","0","2","1","10.0","0","0.0","58.99",,"0","0","0","0","0.0","0",,,,"0","0","0","2026-04-11"
"book shelf wall mount","680","557","13496","20","0.15","185","33.21","1","0.54","29.97","26.99","23","79","44","36","6.46","0","0.0","29.97",,"4","15","10","6","1.08","0","0.0","20.99",,"1","2","1","2026-04-11"
"14” x 12” shelf","871","5","105","10","9.52","5","100.0","1","20.0","24.99","24.99","1","4","0","2","40.0","0","0.0","16.99",,"0","2","0","1","20.0","0","0.0","25.99",,"0","1","0","2026-04-11"
"picture frames","92","122048","3390380","495","0.01","26399","21.63","2","0.01","18.99","18.99","4118","11853","4318","8489","6.96","1","0.01","17.99","20.99","1562","3921","1409","2335","1.91","0","0.0","15.15",,"525","1229","332","2026-04-11"
"24x36 poster frame wood","140","276","8050","18","0.22","111","40.22","2","1.8","44.99","81.99","1","31","42","31","11.23","1","3.23","44.99","83.99","0","10","10","8","2.9","0","0.0","44.99",,"0","6","2","2026-04-11"
"bathroom shelving wall mounted","233","529","14943","5","0.03","169","31.95","1","0.59","26.82","27.99","20","72","44","29","5.48","1","3.45","23.98","27.99","4","14","7","9","1.7","0","0.0","22.99",,"2","5","2","2026-04-11"
"picture frames 4x6 wood","67","20","561","3","0.53","9","45.0","1","11.11","15.99","13.99","0","9","0","3","15.0","1","33.33","13.99","13.99","0","3","0","2","10.0","1","50.0","13.99","13.99","0","2","0","2026-04-11"
"18 x 8 inch wall mounted shelf","732","8","176","16","9.09","2","25.0","1","50.0","19.99","27.99","0","0","2","0","0.0","0",,,,"0","0","0","0","0.0","0",,,,"0","0","0","2026-04-11"
"24x36 frame with mat for 20x30 picture","831","20","450","12","2.67","20","100.0","1","5.0","39.99","81.99","0","9","7","10","50.0","0","0.0","37.99",,"0","5","4","2","10.0","0","0.0","37.99",,"0","1","0","2026-04-11"
"8 inch deep wall shelf","390","47","1364","104","7.62","9","19.15","1","11.11","29.97","24.99","1","5","1","3","6.38","0","0.0","46.99",,"0","1","0","0","0.0","0",,,,"0","0","0","2026-04-11"
"live edge shelving unit","971","10","202","7","3.47","3","30.0","1","33.33","130.44","114.99","0","0","0","0","0.0","0",,,,"0","0","0","0","0.0","0",,,,"0","0","0","2026-04-11"
"24 x 36 frame","609","2173","69180","30","0.04","846","38.93","1","0.12","44.99","83.99","2","185","268","265","12.2","0","0.0","44.99",,"1","63","80","96","4.42","0","0.0","36.99",,"0","30","28","2026-04-11"
"8in deep shelf","804","22","489","12","2.45","9","40.91","1","11.11","25.19","24.99","0","2","2","0","0.0","0",,,,"0","0","0","0","0.0","0",,,,"0","0","0","2026-04-11"
"shelves 48 x 10","515","22","487","9","1.85","21","95.45","2","9.52","67.99","68.99","0","3","6","2","9.09","0","0.0","54.97",,"0","1","0","0","0.0","0",,,,"0","0","0","2026-04-11"
"wood for shelf","484","66","1789","16","0.89","21","31.82","2","9.52","15.95","94.99","0","4","5","0","0.0","0",,,,"0","0","0","0","0.0","0",,,,"0","0","0","2026-04-11"
"60 inch walnut live edge gravity shelving","35","8","177","9","5.08","5","62.5","1","20.0","168.29","131.99","0","2","1","1","12.5","1","100.0","131.99","131.99","0","0","0","1","12.5","1","100.0","113.49","113.49","0","0","0","2026-04-11"
"frame with museum glass","764","11","295","15","5.08","3","27.27","1","33.33","30.99","81.99","0","1","1","1","9.09","0","0.0","30.99",,"0","0","1","0","0.0","0",,,,"0","0","0","2026-04-11"
"set of 2, 3 ft floating shelf heavy duty","260","6","130","3","2.31","6","100.0","1","16.67","49.49","48.99","0","0","5","2","33.33","1","50.0","48.99","48.99","0","0","1","0","0.0","0",,,,"0","0","0","2026-04-11"
"10 x 7 frame","299","83","2239","2","0.09","51","61.45","1","1.96","8.99","18.99","10","23","10","23","27.71","1","4.35","8.99","18.99","3","11","6","12","14.46","0","0.0","6.99",,"1","6","4","2026-04-11"
"38inches real wood floating shelves aet of 2","211","7","155","7","4.52","5","71.43","1","20.0","89.99","114.99","0","5","0","1","14.29","1","100.0","114.99","114.99","0","1","0","0","0.0","0",,,,"0","0","0","2026-04-11"
"thin picture frame 5x7 wood","727","17","479","17","3.55","6","35.29","1","16.67","14.99","14.99","0","0","0","0","0.0","0",,,,"0","0","0","0","0.0","0",,,,"0","0","0","2026-04-11"
"wall decor","844","200422","4823339","48","0.0","51643","25.77","0","0.0","21.99",,"4634","20145","10485","14913","7.44","0","0.0","18.89",,"1682","6179","2806","942","0.47","0","0.0","12.99",,"176","486","155","2026-04-11"
"wall shelf wood","806","354","10303","12","0.12","125","35.31","1","0.8","29.99","24.99","18","43","14","33","9.32","0","0.0","33.99",,"8","11","3","2","0.56","0","0.0","45.99",,"0","1","0","2026-04-11"
"shelves for room wall long","905","62","1330","9","0.68","24","38.71","1","4.17","34.19","24.99","0","9","12","6","9.68","0","0.0","34.19",,"0","1","4","0","0.0","0",,,,"0","0","0","2026-04-11"
"frames 18x24","49","174","6063","5","0.08","63","36.21","1","1.59","28.49","49.99","2","23","16","19","10.92","1","5.26","28.49","49.99","1","7","6","10","5.75","1","10.0","29.99","49.99","1","4","4","2026-04-11"
"solid wood shelves white oak walnut","208","8","160","8","5.0","4","50.0","1","25.0","75.99","114.99","0","0","2","1","12.5","1","100.0","114.99","114.99","0","0","0","0","0.0","0",,,,"0","0","0","2026-04-11"
"wall shelves with brackets","89","1645","40187","334","0.83","585","35.56","10","1.71","28.51","28.99","86","257","119","80","4.86","1","1.25","26.09","28.99","15","38","12","16","0.97","0","0.0","26.09",,"1","14","0","2026-04-11"
"wall frame","510","986","27992","84","0.3","186","18.86","0","0.0","21.11",,"27","79","31","36","3.65","0","0.0","12.34",,"6","11","9","6","0.61","0","0.0","8.86",,"2","3","1","2026-04-11"
"12 deep wall mount shelves","746","54","1298","16","1.23","18","33.33","1","5.56","43.99","24.99","0","12","5","0","0.0","0",,,,"0","0","0","0","0.0","0",,,,"0","0","0","2026-04-11"
"24 inch shelf","891","628","18099","9","0.05","253","40.29","1","0.4","36.99","51.99","18","76","80","44","7.01","0","0.0","33.99",,"2","18","13","17","2.71","0","0.0","31.99",,"2","8","5","2026-04-11"
"acoustic wall hanging shelf","835","5","85","11","12.94","2","40.0","1","50.0","25.99","26.99","0","1","1","0","0.0","0",,,,"0","0","0","0","0.0","0",,,,"0","0","0","2026-04-11"
"floating shelf real wood","207","26","756","8","1.06","9","34.62","1","11.11","69.99","131.99","0","1","2","2","7.69","1","50.0","54.99","131.99","0","0","0","0","0.0","0",,,,"0","0","0","2026-04-11"
"17 x 24 frame","40","226","6592","6","0.09","84","37.17","1","1.19","25.99","45.99","2","20","20","34","15.04","1","2.94","25.99","45.99","0","9","12","21","9.29","1","4.76","25.99","45.99","0","8","5","2026-04-11"
"nice picture frame","927","52","1708","8","0.47","8","15.38","1","12.5","17.08","17.99","1","3","2","1","1.92","0","0.0","17.08",,"0","1","0","0","0.0","0",,,,"0","0","0","2026-04-11"
"heavy duty floating shelves","17","1013","26912","139","0.52","448","44.23","3","0.67","49.99","26.99","28","151","145","47","4.64","1","2.13","49.98","26.99","3","13","18","4","0.39","1","25.0","26.99","26.99","1","1","2","2026-04-11"
"brown floating shelves live edge","738","4","88","16","18.18","2","50.0","1","50.0","94.99","94.99","0","0","1","0","0.0","0",,,,"0","0","0","0","0.0","0",,,,"0","0","0","2026-04-11"
"2 pack 36 inch floating shelves","232","3","170","5","2.94","6","200.0","1","16.67","79.99","112.99","0","0","0","4","133.33","1","25.0","69.99","112.99","0","0","0","0","0.0","0",,,,"0","0","0","2026-04-11"
"oak 24w 12d wall shelf","893","6","116","9","7.76","2","33.33","1","50.0","21.84","28.99","0","2","0","0","0.0","0",,,,"0","0","0","0","0.0","0",,,,"0","0","0","2026-04-11"
"high weight capacity wall shelf","702","36","686","18","2.62","13","36.11","1","7.69","30.99","26.99","0","5","4","0","0.0","0",,,,"0","0","0","0","0.0","0",,,,"0","0","0","2026-04-11"
"picture frame with mat for 5x7 photo","594","78","1750","32","1.83","39","50.0","1","2.56","13.99","17.99","7","7","23","17","21.79","0","0.0","13.99",,"3","5","8","5","6.41","0","0.0","5.4",,"2","1","2","2026-04-11"
"kitchen shelves wall mounted","398","1816","45907","98","0.21","661","36.4","1","0.15","31.99","28.99","76","235","174","89","4.9","0","0.0","29.99",,"3","32","30","10","0.55","0","0.0","29.99",,"1","1","6","2026-04-11"
"live edge floating shelves black","655","18","399","22","5.51","13","72.22","1","7.69","89.99","114.99","0","3","2","2","11.11","0","0.0","55.99",,"0","0","1","1","5.56","0","0.0","107.95",,"0","0","0","2026-04-11"
"picture frame matted to fit 12x18 photo","256","19","559","3","0.54","9","47.37","1","11.11","35.49","45.99","0","2","1","2","10.53","1","50.0","35.99","45.99","0","1","0","0","0.0","0",,,,"0","0","0","2026-04-11"
"24x36 oak wood frame rounded","915","2","120","8","6.67","1","50.0","1","100.0","76.99","76.99","0","0","0","0","0.0","0",,,,"0","0","0","0","0.0","0",,,,"0","0","0","2026-04-11"
"8x10 frame with thin mat","266","6","103","3","2.91","3","50.0","1","33.33","20.99","20.99","0","1","1","2","33.33","1","50.0","18.85","20.99","0","0","1","0","0.0","0",,,,"0","0","0","2026-04-11"
"rounded edge wood shelves corner","48","9","249","5","2.01","6","66.67","1","16.67","69.95","89.99","0","2","1","3","33.33","1","33.33","89.99","89.99","0","0","0","1","11.11","1","100.0","89.99","89.99","0","0","0","2026-04-11"
"24x16 matted 14 x11 inner picture","239","6","121","4","3.31","3","50.0","1","33.33","28.5","45.99","0","0","1","1","16.67","1","100.0","45.99","45.99","0","0","1","0","0.0","0",,,,"0","0","0","2026-04-11"
"8 in shelf with lip","61","3","180","4","2.22","1","33.33","1","100.0","24.99","24.99","0","1","0","1","33.33","1","100.0","24.99","24.99","0","1","0","1","33.33","1","100.0","24.99","24.99","0","1","0","2026-04-11"
"frame matted to 18x24","165","137","4075","25","0.61","77","56.2","1","1.3","37.99","64.99","0","16","34","22","16.06","1","4.55","34.99","64.99","0","3","13","10","7.3","0","0.0","34.99",,"0","2","8","2026-04-11"
"large picture frames 32x25","910","10","600","9","1.5","2","20.0","1","50.0","45.99","45.99","0","0","0","0","0.0","0",,,,"0","0","0","0","0.0","0",,,,"0","0","0","2026-04-11"
"vittanly 5x7 picture frame","995","32","1035","7","0.68","16","50.0","1","6.25","13.99","14.99","2","8","2","5","15.63","0","0.0","12.98",,"1","3","0","5","15.63","0","0.0","11.48",,"1","3","0","2026-04-11"
"wall closet shelves","715","53","1462","17","1.16","20","37.74","1","5.0","52.24","63.99","3","5","4","3","5.66","0","0.0","52.24",,"0","0","2","0","0.0","0",,,,"0","0","0","2026-04-11"
"16x20 matted frame","774","499","14527","14","0.1","170","34.07","1","0.59","28.99","38.99","7","69","58","45","9.02","0","0.0","28.99",,"2","16","17","16","3.21","0","0.0","28.99",,"2","6","6","2026-04-11"
"5x7 picture frame with matt","189","34","986","12","1.22","12","35.29","1","8.33","14.99","14.99","1","5","2","3","8.82","1","33.33","15.49","14.99","0","1","1","1","2.94","0","0.0","15.49",,"0","0","1","2026-04-11"
"repisa para pared de 16 x 12 pulgadas","184","5","111","14","12.61","3","60.0","1","33.33","24.99","24.99","0","0","0","1","20.0","1","100.0","24.99","24.99","0","0","0","0","0.0","0",,,,"0","0","0","2026-04-11"
