Brand=["KovaScape"],Reporting Range=["Weekly"],Select week=["Week 17 | 2026-04-19 - 2026-04-25 2026"]
"Search Query","Search Query Score","Search Query Volume","Impressions: Total Count","Impressions: Brand Count","Impressions: Brand Share %","Clicks: Total Count","Clicks: Click Rate %","Clicks: Brand Count","Clicks: Brand Share %","Clicks: Price (Median)","Clicks: Brand Price (Median)","Clicks: Same Day Shipping Speed","Clicks: 1D Shipping Speed","Clicks: 2D Shipping Speed","Cart Adds: Total Count","Cart Adds: Cart Add Rate %","Cart Adds: Brand Count","Cart Adds: Brand Share %","Cart Adds: Price (Median)","Cart Adds: Brand Price (Median)","Cart Adds: Same Day Shipping Speed","Cart Adds: 1D Shipping Speed","Cart Adds: 2D Shipping Speed","Purchases: Total Count","Purchases: Purchase Rate %","Purchases: Brand Count","Purchases: Brand Share %","Purchases: Price (Median)","Purchases: Brand Price (Median)","Purchases: Same Day Shipping Speed","Purchases: 1D Shipping Speed","Purchases: 2D Shipping Speed","Reporting Date"
"modern oak matted frame 6x9","217","1","60","1","1.67","1","100.0","1","100.0","16.99","16.99","0","1","0","1","100.0","1","100.0","16.99","16.99","0","1","0","0","0.0","0",,,,"0","0","0","2026-04-25"
"frame para foto","946","9","187","2","1.07","2","22.22","1","50.0","81.99","81.99","0","0","0","0","0.0","0",,,,"0","0","0","0","0.0","0",,,,"0","0","0","2026-04-25"
"winplus+ vintage picture frame 2.5x3.5 luxury antique green photo frame with ...","803","3","172","4","2.33","8","266.67","1","12.5","9.99","81.99","0","4","3","0","0.0","0",,,,"0","0","0","0","0.0","0",,,,"0","0","0","2026-04-25"
"12x19 frame","972","93","3005","2","0.07","56","60.22","1","1.79","30.99","45.99","0","13","15","11","11.83","0","0.0","26.99",,"0","3","3","2","2.15","0","0.0","19.94",,"0","1","1","2026-04-25"
"16 x 24 frame","107","802","26153","13","0.05","307","38.28","1","0.33","25.49","47.99","19","85","122","117","14.59","1","0.85","24.35","47.99","10","39","43","40","4.99","0","0.0","22.99",,"7","13","16","2026-04-25"
"8 inch deep floating shelf","326","69","2034","81","3.98","36","52.17","0","0.0","26.99",,"0","9","17","1","1.45","0","0.0","29.99",,"0","0","0","0","0.0","0",,,,"0","0","0","2026-04-25"
"wood floating shelves 8 inch wide","534","13","271","12","4.43","6","46.15","1","16.67","79.93","89.99","0","0","5","0","0.0","0",,,,"0","0","0","0","0.0","0",,,,"0","0","0","2026-04-25"
"￼photo frame","847","47","980","4","0.41","13","27.66","1","7.69","24.99","24.99","3","2","2","0","0.0","0",,,,"0","0","0","0","0.0","0",,,,"0","0","0","2026-04-25"
"floating shelves for wall kovascape","567","1","22","10","45.45","1","100.0","1","100.0","24.99","24.99","0","0","1","0","0.0","0",,,,"0","0","0","0","0.0","0",,,,"0","0","0","2026-04-25"
"wood bathroom shelves","789","366","9882","4","0.04","128","34.97","1","0.78","27.82","94.99","41","43","25","24","6.56","0","0.0","27.82",,"13","7","3","2","0.55","0","0.0","23.99",,"2","0","0","2026-04-25"
"solid wood live edge floating shelf 36”","277","19","386","71","18.39","8","42.11","1","12.5","94.99","94.99","0","0","7","0","0.0","0",,,,"0","0","0","0","0.0","0",,,,"0","0","0","2026-04-25"
"heavy duty 24x10 shelves","335","1","22","4","18.18","2","200.0","2","100.0","24.99","24.99","0","0","0","0","0.0","0",,,,"0","0","0","0","0.0","0",,,,"0","0","0","2026-04-25"
"wall shelf 12 inch","421","32","955","23","2.41","10","31.25","1","10.0","15.99","26.99","3","0","0","2","6.25","0","0.0","14.5",,"1","0","0","0","0.0","0",,,,"0","0","0","2026-04-25"
"live edge walnut floating shelves","508","37","841","51","6.06","16","43.24","0","0.0","76.49",,"0","5","4","1","2.7","0","0.0","115.97",,"0","1","0","1","2.7","0","0.0","115.97",,"0","1","0","2026-04-25"
"solid wood shelf","339","345","9995","41","0.41","140","40.58","1","0.71","79.99","89.99","3","29","39","16","4.64","0","0.0","69.99",,"0","1","8","2","0.58","0","0.0","59.99",,"0","0","2","2026-04-25"
"40x60cm picture frame","208","19","504","1","0.2","21","110.53","1","4.76","36.99","47.99","0","2","7","13","68.42","1","7.69","36.99","47.99","0","2","5","0","0.0","0",,,,"0","0","0","2026-04-25"
"48 x 12 industrial shelves","816","4","88","4","4.55","2","50.0","1","50.0","72.99","72.99","0","0","2","0","0.0","0",,,,"0","0","0","0","0.0","0",,,,"0","0","0","2026-04-25"
"plastic 11x14 picture frame","743","10","198","5","2.53","1","10.0","1","100.0","27.99","27.99","0","0","1","0","0.0","0",,,,"0","0","0","0","0.0","0",,,,"0","0","0","2026-04-25"
"12 inch deep floating shelf","281","68","2040","30","1.47","40","58.82","2","5.0","35.99","26.99","3","8","21","4","5.88","0","0.0","31.99",,"0","0","2","0","0.0","0",,,,"0","0","0","2026-04-25"
"high weight capacity wall shelves","448","33","730","18","2.47","8","24.24","1","12.5","64.99","26.99","0","6","0","0","0.0","0",,,,"0","0","0","0","0.0","0",,,,"0","0","0","2026-04-25"
"live edge wall mount shelves","342","12","225","40","17.78","7","58.33","1","14.29","80.99","131.99","0","5","0","0","0.0","0",,,,"0","0","0","0","0.0","0",,,,"0","0","0","2026-04-25"
"wall shelf unit 11"" depth","767","9","171","5","2.92","7","77.78","1","14.29","22.99",,"0","0","0","1","11.11","0","0.0","27.99",,"0","0","0","0","0.0","0",,,,"0","0","0","2026-04-25"
"22x28 white frame","638","46","1139","8","0.7","39","84.78","1","2.56","34.99","64.99","0","8","14","20","43.48","0","0.0","34.99",,"0","6","9","6","13.04","0","0.0","29.99",,"0","1","4","2026-04-25"
"floating shelves for collectibles","605","44","1057","9","0.85","16","36.36","1","6.25","26.99","26.99","2","4","3","2","4.55","0","0.0","16.14",,"0","1","0","1","2.27","0","0.0","19.99",,"0","0","0","2026-04-25"
"heavy duty floating shelves for storage wall mounted for kitchen","279","16","402","33","8.21","5","31.25","2","40.0","50.43","27.15","0","0","1","0","0.0","0",,,,"0","0","0","0","0.0","0",,,,"0","0","0","2026-04-25"
"16w x 12d shelves","629","6","180","8","4.44","5","83.33","1","20.0","25.99","26.18","0","0","0","1","16.67","0","0.0","23.95",,"0","0","0","1","16.67","0","0.0","23.95",,"0","0","0","2026-04-25"
"11 x 14 picture frame detail","185","7","156","2","1.28","4","57.14","1","25.0","16.95","20.99","0","3","0","1","14.29","1","100.0","20.99","20.99","0","1","0","0","0.0","0",,,,"0","0","0","2026-04-25"
"18x24 walnut frame","957","80","1967","2","0.1","56","70.0","1","1.79","36.99","28.99","0","12","25","17","21.25","0","0.0","34.29",,"0","3","12","8","10.0","0","0.0","28.49",,"0","1","6","2026-04-25"
"16 x 24 inch frame","27","91","2403","4","0.17","41","45.05","1","2.44","24.35","45.99","0","13","13","9","9.89","1","11.11","29.99","45.99","0","3","2","3","3.3","1","33.33","25.49","45.99","0","1","1","2026-04-25"
"clear picture frames","470","771","22208","16","0.07","257","33.33","1","0.39","16.99","20.99","30","127","57","77","9.99","0","0.0","11.89",,"12","38","18","22","2.85","0","0.0","11.89",,"5","11","5","2026-04-25"
"floating solid wood shelves for wall 22 inches","518","35","772","13","1.68","30","85.71","1","3.33","64.99","112.99","0","0","13","0","0.0","0",,,,"0","0","0","0","0.0","0",,,,"0","0","0","2026-04-25"
"4 x6 frames","670","20","567","7","1.23","11","55.0","1","9.09","12.99","12.99","5","3","1","7","35.0","0","0.0","9.99",,"3","3","1","3","15.0","0","0.0","8.99",,"1","2","0","2026-04-25"
"floating shelves kitchen heavy duty","504","77","2124","14","0.66","37","48.05","1","2.7","44.99","28.99","1","8","13","6","7.79","0","0.0","44.99",,"0","1","2","1","1.3","0","0.0","99.99",,"0","0","1","2026-04-25"
"24 by 8 shelves for bathroom","537","3","180","12","6.67","4","133.33","1","25.0","89.99","89.99","0","0","0","0","0.0","0",,,,"0","0","0","0","0.0","0",,,,"0","0","0","2026-04-25"
"8 x 10 light wood frames","832","4","240","4","1.67","2","50.0","1","50.0","15.99","17.99","0","0","2","1","25.0","0","0.0","15.99",,"0","0","1","1","25.0","0","0.0","15.99",,"0","0","1","2026-04-25"
"flouting shelves nathroom 16x12x1","700","6","132","6","4.55","4","66.67","1","25.0","27.99","26.99","0","1","3","0","0.0","0",,,,"0","0","0","0","0.0","0",,,,"0","0","0","2026-04-25"
"14x17 frame","32","430","13243","3","0.02","179","41.63","1","0.56","25.17","27.99","1","47","72","68","15.81","1","1.47","22.99","27.99","1","21","30","33","7.67","1","3.03","22.99","27.99","1","7","21","2026-04-25"
"wall shelf 12 inches deep pair","216","1","20","1","5.0","1","100.0","1","100.0","26.99","26.99","0","1","0","1","100.0","1","100.0","26.99","26.99","0","1","0","0","0.0","0",,,,"0","0","0","2026-04-25"
"72 inch live edge floating shelf","360","55","1163","74","6.36","19","34.55","0","0.0","159.0",,"0","1","3","1","1.82","0","0.0","177.64",,"0","0","0","0","0.0","0",,,,"0","0","0","2026-04-25"
"solid teak floating shelves","921","5","111","3","2.7","10","200.0","1","10.0","80.99","102.99","0","5","5","0","0.0","0",,,,"0","0","0","0","0.0","0",,,,"0","0","0","2026-04-25"
"wood floating shelves oak walnut maple","632","283","6900","45","0.65","123","43.46","0","0.0","29.99",,"15","51","25","10","3.53","0","0.0","28.49",,"1","3","4","2","0.71","0","0.0","29.99",,"0","2","0","2026-04-25"
"floating wall shelves for living room natural edge wood","110","6","108","12","11.11","5","83.33","1","20.0","90.43","114.99","0","0","5","2","33.33","1","50.0","99.99","114.99","0","0","2","0","0.0","0",,,,"0","0","0","2026-04-25"
"picture frame 16×20","210","7","153","1","0.65","3","42.86","1","33.33","36.99","38.99","0","0","1","1","14.29","1","100.0","38.99","38.99","0","0","0","0","0.0","0",,,,"0","0","0","2026-04-25"
"floating shelves for wall under 24 inches","705","3","66","6","9.09","2","66.67","1","50.0","89.99","89.99","0","0","1","0","0.0","0",,,,"0","0","0","0","0.0","0",,,,"0","0","0","2026-04-25"
"floating wood wall shelves single","495","11","280","14","5.0","6","54.55","1","16.67","53.99","131.99","0","2","0","0","0.0","0",,,,"0","0","0","0","0.0","0",,,,"0","0","0","2026-04-25"
"36 x 12 white shelf","432","20","940","21","2.23","11","55.0","1","9.09","51.29","63.99","0","3","7","2","10.0","0","0.0","64.99",,"0","0","2","0","0.0","0",,,,"0","0","0","2026-04-25"
"live edge thick floating shelf","477","5","94","15","15.96","2","40.0","1","50.0","80.99","102.99","0","0","2","0","0.0","0",,,,"0","0","0","0","0.0","0",,,,"0","0","0","2026-04-25"
"28x40 matted frame","691","44","1053","6","0.57","23","52.27","1","4.35","56.99","81.99","0","3","6","2","4.55","0","0.0","56.79",,"0","0","1","2","4.55","0","0.0","56.79",,"0","0","1","2026-04-25"
"6x8 opening frame","961","12","375","2","0.53","3","25.0","1","33.33","21.99","16.99","0","2","0","0","0.0","0",,,,"0","0","0","0","0.0","0",,,,"0","0","0","2026-04-25"
"headboard shelves","889","66","1552","3","0.19","32","48.48","1","3.13","89.99","26.99","2","9","7","4","6.06","0","0.0","15.99",,"2","0","0","0","0.0","0",,,,"0","0","0","2026-04-25"
"8x10 vintage picture frame","542","732","18545","12","0.06","364","49.73","1","0.27","21.99","17.99","22","176","98","160","21.86","0","0.0","19.99",,"15","64","43","29","3.96","0","0.0","19.99",,"4","16","9","2026-04-25"
"floating shelves wood wall mounted","469","490","11359","53","0.47","231","47.14","0","0.0","26.99",,"48","82","44","28","5.71","0","0.0","23.82",,"7","10","5","8","1.63","0","0.0","20.8",,"4","2","1","2026-04-25"
"12 in deep wood shelf","735","4","88","6","6.82","4","100.0","1","25.0","22.99","26.99","0","3","0","0","0.0","0",,,,"0","0","0","0","0.0","0",,,,"0","0","0","2026-04-25"
"beaded picture frame","132","309","7596","4","0.05","111","35.92","1","0.9","19.99","20.99","9","50","34","26","8.41","1","3.85","20.99","20.99","3","11","9","4","1.29","0","0.0","20.99",,"0","2","2","2026-04-25"
"wooden frame","648","1620","44008","44","0.1","481","29.69","0","0.0","18.99",,"37","254","94","125","7.72","0","0.0","18.99",,"9","63","29","27","1.67","0","0.0","18.39",,"2","19","3","2026-04-25"
"24 inch wooden floating shelf","933","6","120","3","2.5","3","50.0","1","33.33","69.99","94.99","0","0","1","0","0.0","0",,,,"0","0","0","0","0.0","0",,,,"0","0","0","2026-04-25"
"vintage picture frame 8.5 x 11","866","10","321","3","0.93","1","10.0","1","100.0","21.99","21.99","0","0","0","0","0.0","0",,,,"0","0","0","0","0.0","0",,,,"0","0","0","2026-04-25"
"flat edge solid wood floating shelves","835","1","33","4","12.12","1","100.0","1","100.0","112.99","112.99","0","1","0","0","0.0","0",,,,"0","0","0","0","0.0","0",,,,"0","0","0","2026-04-25"
"thick blond colored 16x24 inch frame","928","5","107","3","2.8","4","80.0","1","25.0","45.99","45.99","0","4","0","1","20.0","0","0.0","57.99",,"0","1","0","0","0.0","0",,,,"0","0","0","2026-04-25"
"wood floating shelf","232","1221","33194","155","0.47","508","41.61","1","0.2","35.99","24.99","31","180","138","66","5.41","0","0.0","39.82",,"4","22","20","17","1.39","0","0.0","29.99",,"3","5","3","2026-04-25"
"shelf 12 inches deep","522","40","1108","13","1.17","64","160.0","1","1.56","38.94","26.99","0","7","3","1","2.5","0","0.0","32.31",,"0","0","0","1","2.5","0","0.0","32.31",,"0","0","0","2026-04-25"
"wood frame","394","2516","73263","65","0.09","714","28.38","0","0.0","18.99",,"91","338","153","140","5.56","0","0.0","16.66",,"22","73","26","35","1.39","0","0.0","11.96",,"7","23","3","2026-04-25"
"repisas para pared","757","3341","74605","42","0.06","1153","34.51","0","0.0","23.97",,"144","365","144","148","4.43","0","0.0","20.8",,"28","53","18","25","0.75","0","0.0","19.99",,"8","14","3","2026-04-25"
"15x23 frames","791","28","570","4","0.7","6","21.43","1","16.67","24.99","24.99","0","2","2","1","3.57","0","0.0","31.04",,"0","0","0","0","0.0","0",,,,"0","0","0","2026-04-25"
"8x10 picture frame with mat 11x14","614","166","4022","9","0.22","85","51.2","1","1.18","19.99","20.99","14","39","17","30","18.07","0","0.0","13.99",,"10","18","2","16","9.64","0","0.0","11.99",,"4","10","2","2026-04-25"
"bead edge photo frame","862","3","99","3","3.03","3","100.0","1","33.33","24.99","24.99","0","0","2","1","33.33","0","0.0","24.79",,"0","0","1","0","0.0","0",,,,"0","0","0","2026-04-25"
"no drill wood shelve","913","3","66","3","4.55","2","66.67","1","50.0","65.99","89.99","0","0","1","0","0.0","0",,,,"0","0","0","0","0.0","0",,,,"0","0","0","2026-04-25"
"minimalist picture frame 22x28","955","1","33","2","6.06","4","400.0","1","25.0","56.99","64.99","1","0","1","1","100.0","0","0.0","57.99",,"0","0","0","0","0.0","0",,,,"0","0","0","2026-04-25"
"small bookshelf for wall","675","84","2019","7","0.35","31","36.9","1","3.23","22.09","26.99","3","14","9","9","10.71","0","0.0","17.99",,"1","6","1","0","0.0","0",,,,"0","0","0","2026-04-25"
"wood shelves 12 inches deep organize","653","4","89","7","7.87","2","50.0","1","50.0","26.18","26.18","0","1","1","0","0.0","0",,,,"0","0","0","0","0.0","0",,,,"0","0","0","2026-04-25"
"8x10 collage picture frames easel back","58","5","144","2","1.39","12","240.0","2","16.67","19.54","17.99","0","8","1","4","80.0","2","50.0","17.99","17.99","0","2","0","1","20.0","0","0.0","25.99",,"0","0","0","2026-04-25"
"bathroom storage","346","83634","2023570","3","0.0","26003","31.09","2","0.01","34.19","50.99","3634","8581","3974","7578","9.06","0","0.0","29.97",,"1379","2822","1137","781","0.93","0","0.0","20.69",,"276","328","71","2026-04-25"
"live edge wall shelf","426","61","1681","22","1.31","17","27.87","1","5.88","42.3","94.99","0","7","6","4","6.56","0","0.0","20.79",,"0","2","1","1","1.64","0","0.0","41.99",,"0","0","0","2026-04-25"
"thick shelves for wall","970","30","745","2","0.27","12","40.0","1","8.33","25.49","24.99","1","2","6","3","10.0","0","0.0","27.99",,"0","1","2","0","0.0","0",,,,"0","0","0","2026-04-25"
"8x24 black shelf heavy duty","33","3","54","3","5.56","1","33.33","1","100.0","44.99","44.99","0","1","0","1","33.33","1","100.0","44.99","44.99","0","1","0","1","33.33","1","100.0","40.49","40.49","0","1","0","2026-04-25"
"12in deep shelf","103","24","521","20","3.84","10","41.67","1","10.0","27.99","26.99","0","3","3","1","4.17","1","100.0","26.99","26.99","0","1","0","0","0.0","0",,,,"0","0","0","2026-04-25"
"floating shelves 8 inches wide","516","41","1047","13","1.24","20","48.78","1","5.0","25.99","25.99","5","8","2","0","0.0","0",,,,"0","0","0","0","0.0","0",,,,"0","0","0","2026-04-25"
"8x10 picture frame dark wood","117","104","2403","9","0.37","51","49.04","1","1.96","16.99","17.99","6","19","18","18","17.31","1","5.56","15.99","17.99","4","7","4","6","5.77","0","0.0","6.99",,"1","2","1","2026-04-25"
"solid elm wood floating shelf 24”","472","17","376","16","4.26","21","123.53","1","4.76","89.99","94.99","0","7","5","0","0.0","0",,,,"0","0","0","0","0.0","0",,,,"0","0","0","2026-04-25"
"shelves white 60”","47","12","254","1","0.39","6","50.0","1","16.67","64.99","72.99","0","0","2","1","8.33","1","100.0","72.99","72.99","0","0","1","1","8.33","1","100.0","72.99","72.99","0","0","1","2026-04-25"
"31x20 wood frame","198","1","22","1","4.55","1","100.0","1","100.0","83.99","83.99","0","0","1","1","100.0","1","100.0","83.99","83.99","0","0","1","0","0.0","0",,,,"0","0","0","2026-04-25"
"wooden frames 22x28","173","5","107","2","1.87","5","100.0","1","20.0","61.99","64.99","0","1","3","3","60.0","1","33.33","64.99","64.99","0","0","3","1","20.0","0","0.0","61.99",,"0","0","1","2026-04-25"
"wall mounted heavy duty shelves","872","11","326","3","0.92","7","63.64","1","14.29","50.99","24.99","0","1","2","1","9.09","0","0.0","50.99",,"0","0","0","1","9.09","0","0.0","50.99",,"0","0","0","2026-04-25"
"wood wall mounted shelf with brackets 12” depth","536","7","143","12","8.39","8","114.29","1","12.5","28.37","26.99","0","7","1","2","28.57","0","0.0","28.37",,"0","2","0","0","0.0","0",,,,"0","0","0","2026-04-25"
"8inch deep floating shelves","897","12","283","3","1.06","13","108.33","1","7.69","29.82","89.99","0","2","7","1","8.33","0","0.0","79.89",,"0","0","0","0","0.0","0",,,,"0","0","0","2026-04-25"
"large picture frames with borders","731","4","81","6","7.41","2","50.0","1","50.0","49.99","81.99","0","0","2","0","0.0","0",,,,"0","0","0","0","0.0","0",,,,"0","0","0","2026-04-25"
"5 ft floating shelf, 8 inches deep","499","5","300","14","4.67","3","60.0","1","33.33","39.99",,"0","0","0","0","0.0","0",,,,"0","0","0","0","0.0","0",,,,"0","0","0","2026-04-25"
"18 by 8 black shelf aluminum","833","2","42","4","9.52","2","100.0","1","50.0","44.99","44.99","0","0","0","0","0.0","0",,,,"0","0","0","0","0.0","0",,,,"0","0","0","2026-04-25"
"12in wide floating shelf for small hallway closet","715","7","141","6","4.26","4","57.14","1","25.0","16.99","26.99","0","0","0","0","0.0","0",,,,"0","0","0","0","0.0","0",,,,"0","0","0","2026-04-25"
"photo frame 6x8","599","121","3351","9","0.27","53","43.8","1","1.89","9.59","16.99","8","34","5","27","22.31","0","0.0","9.88",,"3","17","3","11","9.09","0","0.0","8.99",,"2","7","1","2026-04-25"
"solid wood wall shelf","366","104","3105","35","1.13","35","33.65","1","2.86","65.99","78.99","0","9","8","2","1.92","0","0.0","42.95",,"0","2","0","1","0.96","0","0.0","65.99",,"0","1","0","2026-04-25"
"5' floating wood shelf with railing","734","6","130","6","4.62","2","33.33","1","50.0","25.64","131.99","0","0","1","0","0.0","0",,,,"0","0","0","0","0.0","0",,,,"0","0","0","2026-04-25"
"solid wood floating shelves 24 inch","427","18","456","22","4.82","7","38.89","1","14.29","65.99","94.99","0","2","2","3","16.67","0","0.0","65.99",,"0","2","1","0","0.0","0",,,,"0","0","0","2026-04-25"
"plant wall shelves wood","967","16","370","2","0.54","3","18.75","1","33.33","20.8","94.99","0","2","1","0","0.0","0",,,,"0","0","0","0","0.0","0",,,,"0","0","0","2026-04-25"
"24 x 30 frame","256","748","21667","92","0.42","278","37.17","1","0.36","35.99","73.99","0","73","100","101","13.5","0","0.0","35.99",,"0","31","28","41","5.48","0","0.0","34.89",,"0","17","10","2026-04-25"
"oak frame","594","159","5224","46","0.88","45","28.3","0","0.0","14.99",,"4","23","9","9","5.66","0","0.0","14.38",,"1","6","1","3","1.89","0","0.0","14.99",,"1","1","1","2026-04-25"
"wide 11x14 natural wood frame with cream 8x10 matte","30","3","180","3","1.67","3","100.0","1","33.33","14.99","20.99","0","1","2","1","33.33","1","100.0","20.99","20.99","0","0","1","1","33.33","1","100.0","20.99","20.99","0","0","1","2026-04-25"
"8x10 picture frame no mat","491","53","1164","15","1.29","25","47.17","1","4.0","8.49","17.99","9","8","5","11","20.75","0","0.0","7.59",,"3","5","3","7","13.21","0","0.0","6.99",,"2","4","1","2026-04-25"
"wall shelves 12 inches deep","85","133","3582","56","1.56","69","51.88","1","1.45","32.99","26.99","5","41","9","7","5.26","1","14.29","27.99","26.99","1","3","1","2","1.5","0","0.0","27.49",,"1","1","0","2026-04-25"
"black shelf","74","4478","110825","122","0.11","1332","29.75","1","0.08","39.99","24.99","101","317","218","403","9.0","1","0.25","39.99","24.99","39","111","60","50","1.12","0","0.0","24.64",,"10","16","9","2026-04-25"
"wooden wall shelf","343","1607","41440","40","0.1","485","30.18","1","0.21","27.97","26.99","50","149","93","109","6.78","0","0.0","25.99",,"13","32","19","18","1.12","0","0.0","22.99",,"7","8","1","2026-04-25"
"oak 4 x 6 frame real wood","162","4","86","3","3.49","3","75.0","1","33.33","14.99","12.99","0","3","0","3","75.0","1","33.33","14.99","12.99","0","3","0","0","0.0","0",,,,"0","0","0","2026-04-25"
"24 inch black floating shelf","943","50","1326","2","0.15","24","48.0","1","4.17","28.99","24.99","0","9","10","4","8.0","0","0.0","37.99",,"0","1","1","1","2.0","0","0.0","28.99",,"0","1","0","2026-04-25"
"12x 16 wooden frame thick","926","4","87","3","3.45","2","50.0","1","50.0","12.59","25.99","0","1","1","1","25.0","0","0.0","12.59",,"0","1","0","1","25.0","0","0.0","12.59",,"0","1","0","2026-04-25"
"book shelf wall mount","422","616","15698","23","0.15","181","29.38","1","0.55","29.97","26.99","26","75","39","43","6.98","0","0.0","35.99",,"7","21","9","3","0.49","0","0.0","31.27",,"0","1","2","2026-04-25"
"picture frame","559","24004","702627","48","0.01","5791","24.13","0","0.0","11.99",,"977","2679","931","1868","7.78","0","0.0","9.99",,"369","931","251","605","2.52","0","0.0","7.99",,"174","316","65","2026-04-25"
"18 x24 walnut frame","574","13","270","10","3.7","14","107.69","1","7.14","58.79","53.99","0","1","9","2","15.38","0","0.0","28.49",,"0","0","2","0","0.0","0",,,,"0","0","0","2026-04-25"
"industrial floating shelves","490","203","5682","15","0.26","80","39.41","1","1.25","52.99","48.99","4","25","23","11","5.42","0","0.0","43.73",,"0","4","5","2","0.99","0","0.0","18.99",,"0","1","1","2026-04-25"
"12x48 floating shelf","709","16","339","6","1.77","11","68.75","1","9.09","76.99","78.99","0","5","1","2","12.5","0","0.0","63.64",,"0","1","1","0","0.0","0",,,,"0","0","0","2026-04-25"
"oak picture frames","15","288","8506","45","0.53","92","31.94","1","1.09","26.56","21.99","10","46","24","25","8.68","1","4.0","23.96","21.99","1","13","7","4","1.39","1","25.0","21.99","21.99","0","4","0","2026-04-25"
"5x7 frame","393","5794","174043","28","0.02","2252","38.87","1","0.04","9.99","17.45","342","1338","380","1080","18.64","0","0.0","8.79",,"189","654","160","531","9.16","0","0.0","8.24",,"99","337","65","2026-04-25"
"墙上置物架","455","184","3854","18","0.47","84","45.65","1","1.19","22.99","51.99","3","39","35","7","3.8","0","0.0","20.99",,"1","4","2","1","0.54","0","0.0","14.49",,"0","1","0","2026-04-25"
"8"" wide 72"" long 2"" thick live edge slab finished","948","2","36","2","5.56","2","100.0","1","50.0","99.74","179.99","0","1","0","0","0.0","0",,,,"0","0","0","0","0.0","0",,,,"0","0","0","2026-04-25"
"black wood floating shelf 48 width","794","4","240","4","1.67","4","100.0","1","25.0","71.99","72.99","0","0","3","2","50.0","0","0.0","56.97",,"0","0","2","0","0.0","0",,,,"0","0","0","2026-04-25"
"12x8 shelves broad","324","9","453","8","1.77","10","111.11","2","20.0","22.69","26.99","0","4","6","0","0.0","0",,,,"0","0","0","0","0.0","0",,,,"0","0","0","2026-04-25"
"12x16 light oak frame with glass","131","5","110","5","4.55","5","100.0","1","20.0","25.99","25.99","0","4","1","2","40.0","1","50.0","24.99","25.99","0","2","0","1","20.0","0","0.0","24.99",,"0","1","0","2026-04-25"
"24x36 poster frame thick matte","800","3","67","4","5.97","2","66.67","1","50.0","81.99","81.99","0","0","0","0","0.0","0",,,,"0","0","0","0","0.0","0",,,,"0","0","0","2026-04-25"
"12 in depth shelf","328","11","271","7","2.58","7","63.64","2","28.57","63.99","63.99","0","2","3","0","0.0","0",,,,"0","0","0","0","0.0","0",,,,"0","0","0","2026-04-25"
"floating shelf 5foot long solid wood","325","5","142","7","4.93","11","220.0","2","18.18","149.99","131.99","0","0","3","0","0.0","0",,,,"0","0","0","0","0.0","0",,,,"0","0","0","2026-04-25"
"shelving under kitchen upper cabinet wall shelf","623","5","98","8","8.16","2","40.0","1","50.0","19.99","24.99","0","1","0","0","0.0","0",,,,"0","0","0","0","0.0","0",,,,"0","0","0","2026-04-25"
"floating shelves for laundry room light wood","730","3","66","6","9.09","2","66.67","1","50.0","37.78","131.99","0","0","2","0","0.0","0",,,,"0","0","0","0","0.0","0",,,,"0","0","0","2026-04-25"
"wood frame 8x10","311","340","9727","50","0.51","116","34.12","1","0.86","14.79","17.99","18","62","18","43","12.65","0","0.0","9.99",,"9","21","6","16","4.71","0","0.0","9.99",,"3","11","2","2026-04-25"
"12 in shelf","414","71","1585","24","1.51","47","66.2","1","2.13","17.89","26.99","0","25","16","10","14.08","0","0.0","15.99",,"0","3","5","4","5.63","0","0.0","22.99",,"0","1","3","2026-04-25"
"24 x 8 inch metal bathroom shelf","814","4","83","4","4.82","2","50.0","1","50.0","44.99","44.99","0","0","0","0","0.0","0",,,,"0","0","0","0","0.0","0",,,,"0","0","0","2026-04-25"
"frame wall","710","188","4616","6","0.13","44","23.4","1","2.27","27.99","20.99","3","20","9","6","3.19","0","0.0","27.99",,"1","4","1","1","0.53","0","0.0","5.99",,"1","0","0","2026-04-25"
"picture frames","219","130151","3451696","185","0.01","31777","24.42","2","0.01","18.98","24.99","5060","14353","5227","10060","7.73","0","0.0","17.65",,"1903","4708","1618","2783","2.14","0","0.0","15.99",,"682","1468","384","2026-04-25"
"24x30 frame","230","1978","55601","199","0.36","763","38.57","0","0.0","35.99",,"4","203","283","265","13.4","0","0.0","35.2",,"1","73","102","105","5.31","0","0.0","34.99",,"1","42","36","2026-04-25"
"30x40in frame","877","13","276","3","1.09","7","53.85","1","14.29","55.79","24.99","0","1","3","1","7.69","0","0.0","69.99",,"0","0","0","0","0.0","0",,,,"0","0","0","2026-04-25"
"rustic wood floating shelves","431","298","8007","22","0.27","126","42.28","1","0.79","38.99","131.99","11","33","48","20","6.71","0","0.0","28.49",,"2","7","7","5","1.68","0","0.0","18.99",,"0","3","1","2026-04-25"
"18x24 wood frame","443","846","23505","19","0.08","423","50.0","1","0.24","29.99","50.99","9","121","196","143","16.9","0","0.0","28.99",,"2","42","63","49","5.79","0","0.0","28.49",,"0","11","25","2026-04-25"
"deep wall shelves","260","505","14339","120","0.84","204","40.4","0","0.0","29.99",,"14","94","62","25","4.95","0","0.0","35.99",,"1","11","11","6","1.19","0","0.0","28.37",,"0","5","1","2026-04-25"
"floating book shelf wood","266","9","259","5","1.93","25","277.78","3","12.0","89.95","114.99","0","3","14","0","0.0","0",,,,"0","0","0","0","0.0","0",,,,"0","0","0","2026-04-25"
"8’ floating shelf","13","28","589","14","2.38","19","67.86","2","10.53","149.99","179.99","0","4","9","1","3.57","1","100.0","179.99","179.99","0","0","0","1","3.57","1","100.0","179.99","179.99","0","0","0","2026-04-25"
"200 lb capacity wall shelving","347","17","571","3","0.53","21","123.53","2","9.52","58.99","63.99","0","0","0","1","5.88","0","0.0","95.99",,"0","0","0","0","0.0","0",,,,"0","0","0","2026-04-25"
"real wood frame 8x10","668","19","406","7","1.72","11","57.89","1","9.09","26.98","17.99","1","4","3","4","21.05","0","0.0","19.95",,"0","2","1","1","5.26","0","0.0","8.54",,"0","0","0","2026-04-25"
"live edge shelf","238","480","13578","171","1.26","175","36.46","0","0.0","79.99",,"4","49","54","27","5.63","0","0.0","65.99",,"2","6","7","7","1.46","0","0.0","63.99",,"1","2","1","2026-04-25"
"dark brown wide wall shelf","766","5","110","5","4.55","4","80.0","1","25.0","26.99","26.99","0","3","0","0","0.0","0",,,,"0","0","0","0","0.0","0",,,,"0","0","0","2026-04-25"
"antique wall shelves","881","138","3270","3","0.09","46","33.33","1","2.17","28.89","24.99","0","6","15","5","3.62","0","0.0","26.0",,"0","2","1","0","0.0","0",,,,"0","0","0","2026-04-25"
"shelf","52","102265","2642365","340","0.01","26640","26.05","4","0.02","38.99","102.99","2714","7631","4262","5138","5.02","1","0.02","37.79","94.99","637","1505","776","865","0.85","0","0.0","35.99",,"195","315","121","2026-04-25"
"24x36 poster frame wood","463","257","7338","17","0.23","106","41.25","1","0.94","44.99","25.99","0","12","44","29","11.28","0","0.0","44.99",,"0","3","9","10","3.89","0","0.0","42.74",,"0","2","3","2026-04-25"
"picture frames 4x6 wood","202","41","1009","1","0.1","24","58.54","1","4.17","8.99","13.99","1","14","5","18","43.9","1","5.56","8.99","13.99","1","11","5","7","17.07","0","0.0","8.99",,"1","6","0","2026-04-25"
"54 inch floating wall shelf dark wood","526","3","180","12","6.67","3","100.0","1","33.33","169.99","102.99","0","1","0","0","0.0","0",,,,"0","0","0","0","0.0","0",,,,"0","0","0","2026-04-25"
"8 inch deep wall shelf","441","20","434","19","4.38","13","65.0","1","7.69","24.99","24.99","1","8","4","2","10.0","0","0.0","29.97",,"0","1","1","0","0.0","0",,,,"0","0","0","2026-04-25"
"live edge floating shelves 48 inch","223","46","1114","98","8.8","39","84.78","4","10.26","89.99","102.99","0","12","7","2","4.35","0","0.0","84.99",,"0","1","0","0","0.0","0",,,,"0","0","0","2026-04-25"
"22x28 frames","645","42","1659","8","0.48","20","47.62","1","5.0","55.99","64.99","0","5","8","8","19.05","0","0.0","55.99",,"0","2","2","5","11.9","0","0.0","55.99",,"0","2","1","2026-04-25"
"24 x 8” wall shelf wood","871","3","66","3","4.55","3","100.0","1","33.33","37.99","24.99","0","0","0","2","66.67","0","0.0","37.99",,"0","0","0","0","0.0","0",,,,"0","0","0","2026-04-25"
"22x28 frame with mat for 18x24","63","215","5477","45","0.82","120","55.81","6","5.0","34.99","64.99","0","44","32","28","13.02","1","3.57","33.99","64.99","0","7","4","8","3.72","0","0.0","29.99",,"0","1","3","2026-04-25"
"wall shelves utility room mount","940","18","336","3","0.89","15","83.33","1","6.67","21.99",,"1","11","1","1","5.56","0","0.0","19.99",,"0","1","0","0","0.0","0",,,,"0","0","0","2026-04-25"
"rustic floating shelf 17 x 12","764","31","686","42","6.12","28","90.32","0","0.0","45.99",,"0","10","10","2","6.45","0","0.0","14.99",,"0","1","1","0","0.0","0",,,,"0","0","0","2026-04-25"
"walnut floating shelves","224","2047","50645","171","0.34","971","47.44","2","0.21","43.99","94.99","71","384","295","177","8.65","0","0.0","39.99",,"10","58","64","28","1.37","0","0.0","37.97",,"1","12","10","2026-04-25"
"16 x 20 picture frame","371","5591","159846","70","0.04","2236","39.99","0","0.0","23.99",,"138","702","721","875","15.65","0","0.0","23.49",,"69","278","291","346","6.19","0","0.0","23.49",,"35","139","100","2026-04-25"
"deep shelves","82","608","17486","74","0.42","215","35.36","1","0.47","50.99","26.99","7","42","57","22","3.62","1","4.55","40.99","26.99","1","5","5","2","0.33","0","0.0","29.99",,"0","0","1","2026-04-25"
"wall shelves for games","799","8","167","4","2.4","5","62.5","1","20.0","26.99","26.99","2","1","2","2","25.0","0","0.0","23.98",,"0","1","1","0","0.0","0",,,,"0","0","0","2026-04-25"
"28x20 frame","170","174","4215","2","0.05","66","37.93","1","1.52","33.99","49.99","1","16","18","20","11.49","1","5.0","29.99","49.99","0","6","7","8","4.6","0","0.0","26.49",,"0","4","2","2026-04-25"
"ground storage shelf","989","18","354","2","0.56","6","33.33","1","16.67","23.99","26.99","1","2","1","0","0.0","0",,,,"0","0","0","0","0.0","0",,,,"0","0","0","2026-04-25"
"frame for 22x28 with mat","854","4","80","4","5.0","4","100.0","1","25.0","63.64","64.99","0","0","3","1","25.0","0","0.0","63.64",,"0","0","1","0","0.0","0",,,,"0","0","0","2026-04-25"
"11x14 picture frame birch no matting rounded corners","125","3","66","6","9.09","5","166.67","1","20.0","25.99","20.99","0","3","2","3","100.0","1","33.33","25.99","20.99","0","2","1","0","0.0","0",,,,"0","0","0","2026-04-25"
"24 x 30 frame brown","144","9","199","4","2.01","11","122.22","1","9.09","72.99","73.99","0","7","1","5","55.56","1","20.0","64.99","73.99","0","3","0","1","11.11","0","0.0","42.99",,"0","1","0","2026-04-25"
"floating wall shelf wood 12"" deep","886","1","60","3","5.0","1","100.0","1","100.0","28.99","28.99","0","1","0","0","0.0","0",,,,"0","0","0","0","0.0","0",,,,"0","0","0","2026-04-25"
"floating wall shelves","275","3547","98529","72","0.07","1233","34.76","1","0.08","25.49","94.99","188","491","277","199","5.61","0","0.0","23.97",,"30","87","39","45","1.27","0","0.0","23.97",,"9","25","9","2026-04-25"
"high end floating shelves","687","106","2261","6","0.27","38","35.85","1","2.63","89.99","114.99","1","12","15","1","0.94","0","0.0","34.99",,"1","0","0","0","0.0","0",,,,"0","0","0","2026-04-25"
"oak frame matted to 18x24","268","25","551","42","7.62","22","88.0","2","9.09","64.99","64.99","0","0","16","2","8.0","0","0.0","69.99",,"0","0","2","0","0.0","0",,,,"0","0","0","2026-04-25"
"floating shelves for wall","4","71579","1751571","531","0.03","27527","38.46","6","0.02","24.99","94.99","4952","10922","5563","4603","6.43","1","0.02","23.82","94.99","923","1934","819","903","1.26","1","0.11","20.99","94.99","276","383","130","2026-04-25"
"a2 poster frame real glass","790","4","80","4","5.0","3","75.0","1","33.33","33.99","67.99","0","3","0","0","0.0","0",,,,"0","0","0","0","0.0","0",,,,"0","0","0","2026-04-25"
"floating wall shelf","295","1816","51990","93","0.18","583","32.1","0","0.0","26.09",,"87","240","138","104","5.73","0","0.0","25.29",,"20","40","24","23","1.27","0","0.0","20.99",,"8","11","4","2026-04-25"
"bone picture frame","685","96","2338","6","0.26","47","48.96","1","2.13","24.99","43.99","3","22","10","18","18.75","0","0.0","19.99",,"3","6","5","3","3.13","0","0.0","25.99",,"1","1","1","2026-04-25"
"24x36 walnut frame","589","41","1135","9","0.79","21","51.22","1","4.76","83.99","83.99","0","8","6","7","17.07","0","0.0","66.98",,"0","4","0","2","4.88","0","0.0","66.98",,"0","0","0","2026-04-25"
"nielsen frames","572","43","1951","10","0.51","10","23.26","1","10.0","27.99","27.99","0","4","3","0","0.0","0",,,,"0","0","0","0","0.0","0",,,,"0","0","0","2026-04-25"
"deep floating shelves for wall","247","462","11983","77","0.64","330","71.43","2","0.61","39.82","26.99","37","101","134","28","6.06","0","0.0","39.82",,"0","10","13","8","1.73","0","0.0","27.99",,"0","5","2","2026-04-25"
"deepfloating shelf with brackets","140","2","44","4","9.09","2","100.0","1","50.0","26.99","26.99","0","2","0","1","50.0","1","100.0","26.99","26.99","0","1","0","0","0.0","0",,,,"0","0","0","2026-04-25"
"wall decor","423","190339","4637570","60","0.0","47702","25.06","0","0.0","21.99",,"4171","18527","9841","13252","6.96","0","0.0","18.89",,"1489","5307","2558","844","0.44","0","0.0","13.19",,"155","426","140","2026-04-25"
"wall shelf wood","528","337","9120","12","0.13","125","37.09","1","0.8","27.99","94.99","8","49","26","29","8.61","0","0.0","23.99",,"2","11","6","6","1.78","0","0.0","12.82",,"2","0","1","2026-04-25"
"estantes flotantes de pared","388","5326","118921","66","0.06","1831","34.38","0","0.0","23.99",,"261","598","217","296","5.56","0","0.0","23.97",,"44","95","32","39","0.73","0","0.0","19.99",,"10","20","0","2026-04-25"
"shelves rounded edges heavy","738","10","204","6","2.94","4","40.0","1","25.0","32.99","26.99","0","1","2","0","0.0","0",,,,"0","0","0","0","0.0","0",,,,"0","0","0","2026-04-25"
"11x14 picture frame light walnut with glass","39","1","60","1","1.67","1","100.0","1","100.0","20.99","20.99","0","1","0","1","100.0","1","100.0","20.99","20.99","0","1","0","1","100.0","1","100.0","20.99","20.99","0","1","0","2026-04-25"
"36 inch floating shelf","255","440","12917","130","1.01","219","49.77","0","0.0","51.97",,"3","45","92","39","8.86","0","0.0","53.09",,"0","8","15","8","1.82","0","0.0","37.99",,"0","2","5","2026-04-25"
"12 x 48 floating shelf","664","14","307","7","2.28","11","78.57","1","9.09","68.99","26.99","0","2","4","1","7.14","0","0.0","68.99",,"0","0","1","0","0.0","0",,,,"0","0","0","2026-04-25"
"24x32 fram with off white matt","213","10","196","1","0.51","11","110.0","1","9.09","77.99","73.99","0","4","4","1","10.0","1","100.0","73.99","73.99","0","0","1","0","0.0","0",,,,"0","0","0","2026-04-25"
"wood frame with mat for 8.5x11 paper with real glass","215","1","22","1","4.55","2","200.0","1","50.0","25.99","25.99","0","2","0","2","200.0","1","50.0","25.99","25.99","0","2","0","0","0.0","0",,,,"0","0","0","2026-04-25"
"24 inch float i need shelf live edge","979","7","141","2","1.42","4","57.14","1","25.0","85.0","94.99","0","0","1","0","0.0","0",,,,"0","0","0","0","0.0","0",,,,"0","0","0","2026-04-25"
"50x70cm frame","401","1444","36229","27","0.07","635","43.98","1","0.16","30.99","25.99","1","141","184","151","10.46","0","0.0","30.99",,"0","30","43","54","3.74","0","0.0","27.87",,"0","13","19","2026-04-25"
"rustic decor","850","7686","189460","4","0.0","2141","27.86","1","0.05","21.99","28.99","188","840","480","900","11.71","0","0.0","19.99",,"100","383","178","55","0.72","0","0.0","13.99",,"5","31","15","2026-04-25"
"rustic glass frame for 16 x 20","908","5","165","3","1.82","4","80.0","1","25.0","15.34","28.99","0","0","4","0","0.0","0",,,,"0","0","0","0","0.0","0",,,,"0","0","0","2026-04-25"
"walnut frame 8x10","18","38","1029","11","1.07","27","71.05","1","3.7","21.59","17.99","1","12","8","17","44.74","1","5.88","21.59","17.99","1","10","3","3","7.89","1","33.33","9.99","17.99","0","2","0","2026-04-25"
"kids bookshelf wall mount","578","198","4200","10","0.24","91","45.96","1","1.1","29.97","26.99","5","39","21","18","9.09","0","0.0","33.99",,"3","4","4","3","1.52","0","0.0","31.99",,"0","2","0","2026-04-25"
"floating shelves rustic brown","151","71","1515","3","0.2","35","49.3","1","2.86","29.99","24.99","6","5","14","9","12.68","1","11.11","24.99","24.99","3","1","1","0","0.0","0",,,,"0","0","0","2026-04-25"
"floating shelves 36 inch","251","502","12998","136","1.05","281","55.98","0","0.0","58.99",,"3","76","101","47","9.36","0","0.0","51.97",,"0","12","17","11","2.19","0","0.0","47.97",,"0","3","4","2026-04-25"
"23.4x33 frame","355","3","180","2","1.11","25","833.33","2","8.0","71.99","53.99","1","10","6","0","0.0","0",,,,"0","0","0","0","0.0","0",,,,"0","0","0","2026-04-25"
"shelf wall","486","2590","63774","15","0.02","792","30.58","1","0.13","21.99","51.99","104","361","122","153","5.91","0","0.0","19.99",,"31","70","15","34","1.31","0","0.0","19.97",,"9","19","2","2026-04-25"
"wall shelving","333","3260","92009","79","0.09","1147","35.18","0","0.0","29.99",,"149","446","268","162","4.97","0","0.0","27.1",,"21","67","35","28","0.86","0","0.0","20.99",,"9","13","5","2026-04-25"
"5x7 picture frame organic modern","775","6","133","5","3.76","5","83.33","1","20.0","17.99","17.99","2","0","2","1","16.67","0","0.0","34.99",,"0","0","0","1","16.67","0","0.0","34.99",,"0","0","0","2026-04-25"
"deep shelves on wall storage","964","2","44","2","4.55","1","50.0","1","100.0","63.99","63.99","0","0","0","0","0.0","0",,,,"0","0","0","0","0.0","0",,,,"0","0","0","2026-04-25"
"84 inch wood shelf live edge","519","7","142","13","9.15","5","71.43","1","20.0","179.99","179.99","0","0","1","0","0.0","0",,,,"0","0","0","0","0.0","0",,,,"0","0","0","2026-04-25"
"sturdy floating shelves","114","127","3050","10","0.33","62","48.82","1","1.61","28.49","63.99","17","23","12","4","3.15","1","25.0","47.97","63.99","0","2","1","2","1.57","0","0.0","20.99",,"0","0","1","2026-04-25"
"70” live edge wood floating shelf","420","8","175","23","13.14","4","50.0","1","25.0","131.99","131.99","0","1","1","0","0.0","0",,,,"0","0","0","0","0.0","0",,,,"0","0","0","2026-04-25"
"small wall shelf","60","5294","142158","408","0.29","2205","41.65","4","0.18","14.99","24.99","299","1128","411","458","8.65","0","0.0","12.82",,"74","238","75","130","2.46","0","0.0","11.29",,"33","68","22","2026-04-25"
"8.5x11 picture frame","54","3311","96487","487","0.5","1544","46.63","5","0.32","8.99","21.99","286","838","225","786","23.74","0","0.0","6.99",,"170","431","102","440","13.29","0","0.0","6.79",,"103","254","48","2026-04-25"
"live edge shelves","57","713","20268","259","1.28","291","40.81","2","0.69","80.99","94.99","7","68","87","34","4.77","1","2.94","79.99","131.99","0","8","10","3","0.42","0","0.0","80.74",,"0","2","0","2026-04-25"
"floating shelves heavy duty","515","326","9638","50","0.52","125","38.34","0","0.0","69.99",,"12","34","38","11","3.37","0","0.0","44.97",,"1","5","1","2","0.61","0","0.0","19.94",,"0","2","0","2026-04-25"
"frame 8x10","386","973","28810","30","0.1","396","40.7","1","0.25","9.99","17.99","66","221","67","154","15.83","0","0.0","8.99",,"35","85","23","68","6.99","0","0.0","6.64",,"20","39","7","2026-04-25"
"5x7 picture frame real glass","46","21","629","1","0.16","11","52.38","1","9.09","19.98","16.99","0","6","4","4","19.05","1","25.0","13.95","16.99","0","1","2","3","14.29","1","33.33","13.95","16.99","0","1","2","2026-04-25"
"oak wood floating shelf","161","22","517","3","0.58","5","22.73","1","20.0","26.99","114.99","0","3","1","2","9.09","1","50.0","16.68","114.99","0","1","0","0","0.0","0",,,,"0","0","0","2026-04-25"
"wall shelves with brackets","67","1579","39684","381","0.96","565","35.78","3","0.53","28.99","26.99","66","257","130","61","3.86","0","0.0","25.49",,"15","24","8","12","0.76","0","0.0","25.49",,"6","4","1","2026-04-25"
"36"" live edge shelf","770","8","166","5","3.01","6","75.0","1","16.67","99.74","114.99","0","3","0","0","0.0","0",,,,"0","0","0","0","0.0","0",,,,"0","0","0","2026-04-25"
"8 inch deep shelf set","819","4","88","4","4.55","4","100.0","1","25.0","19.99",,"0","3","0","1","25.0","0","0.0","19.99",,"0","1","0","0","0.0","0",,,,"0","0","0","2026-04-25"
"frame with glass front","344","11","335","3","0.9","5","45.45","2","40.0","41.39","83.99","0","2","1","2","18.18","0","0.0","18.99",,"0","1","1","1","9.09","0","0.0","18.99",,"0","0","1","2026-04-25"
"12 deep wall mount shelves","98","44","1020","31","3.04","16","36.36","1","6.25","37.79","72.99","0","4","9","4","9.09","1","25.0","38.94","72.99","0","1","2","1","2.27","0","0.0","38.94",,"0","0","1","2026-04-25"
"24 inch shelf","415","536","15467","24","0.16","178","33.21","1","0.56","33.99","94.99","6","48","56","17","3.17","0","0.0","37.97",,"1","8","7","4","0.75","0","0.0","37.97",,"0","3","1","2026-04-25"
"wood picture frames 14x20","199","19","386","1","0.26","8","42.11","1","12.5","28.99","28.99","0","3","0","5","26.32","1","20.0","28.99","28.99","0","2","0","0","0.0","0",,,,"0","0","0","2026-04-25"
"16x20 frames","354","20437","496245","39","0.01","7844","38.38","1","0.01","24.69","49.99","558","2513","2418","3187","15.59","0","0.0","23.49",,"303","1058","944","1156","5.66","0","0.0","22.99",,"162","429","329","2026-04-25"
"white floating shelf","362","1862","51431","73","0.14","801","43.02","0","0.0","25.29",,"100","334","191","180","9.67","0","0.0","23.97",,"18","82","42","41","2.2","0","0.0","23.97",,"5","24","6","2026-04-25"
"big horizontal walnut frame","350","2","40","2","5.0","5","250.0","2","40.0","67.99","67.99","0","4","0","0","0.0","0",,,,"0","0","0","0","0.0","0",,,,"0","0","0","2026-04-25"
"white shelves marble modern 36 inch contemporary","34","2","45","2","4.44","1","50.0","1","100.0","63.99","63.99","0","0","1","1","50.0","1","100.0","63.99","63.99","0","0","1","1","50.0","1","100.0","63.99","63.99","0","0","1","2026-04-25"
"6x8 black wood shelf","118","10","570","8","1.4","5","50.0","1","20.0","19.99","24.99","0","4","0","1","10.0","1","100.0","24.99","24.99","0","0","0","0","0.0","0",,,,"0","0","0","2026-04-25"
"24 inch x 8 inch x 1.4 inch floating shelves live edge","123","9","455","7","1.54","8","88.89","1","12.5","88.99","94.99","0","0","0","2","22.22","1","50.0","69.99","94.99","0","0","0","0","0.0","0",,,,"0","0","0","2026-04-25"
"8.5x11 picture frame wood","104","38","1105","19","1.72","19","50.0","1","5.26","9.99","21.99","4","10","3","8","21.05","1","12.5","9.99","21.99","1","5","1","4","10.53","0","0.0","8.99",,"1","3","0","2026-04-25"
"wall mounted shelfing","950","3","142","2","1.41","10","333.33","1","10.0","41.9","26.99","0","6","0","0","0.0","0",,,,"0","0","0","0","0.0","0",,,,"0","0","0","2026-04-25"
"solid wood live edge 48"" shelf","88","7","155","14","9.03","8","114.29","2","25.0","109.99","131.99","0","0","3","1","14.29","1","100.0","131.99","131.99","0","0","0","0","0.0","0",,,,"0","0","0","2026-04-25"
"wooden shelf with live edge","506","7","154","14","9.09","4","57.14","1","25.0","102.99","102.99","0","1","1","0","0.0","0",,,,"0","0","0","0","0.0","0",,,,"0","0","0","2026-04-25"
"60 floating shelf live edge","466","8","177","16","9.04","7","87.5","1","14.29","161.99","131.99","0","0","5","0","0.0","0",,,,"0","0","0","0","0.0","0",,,,"0","0","0","2026-04-25"
"metal industrial floating wall shelves","149","9","195","3","1.54","4","44.44","1","25.0","25.99","26.99","0","3","0","2","22.22","1","50.0","26.99","26.99","0","1","0","0","0.0","0",,,,"0","0","0","2026-04-25"
"umbra","787","1932","60924","4","0.01","559","28.93","1","0.18","32.97","24.99","29","186","108","93","4.81","0","0.0","24.99",,"6","37","19","5","0.26","0","0.0","7.5",,"0","3","0","2026-04-25"
"small wall shelves","91","1301","37830","191","0.5","512","39.35","4","0.78","16.99","25.99","87","235","113","109","8.38","0","0.0","16.82",,"22","51","19","30","2.31","0","0.0","13.59",,"12","10","5","2026-04-25"
"22.75x28.75 matted frame glass","203","1","22","1","4.55","1","100.0","1","100.0","64.99","64.99","0","0","0","1","100.0","1","100.0","64.99","64.99","0","0","0","0","0.0","0",,,,"0","0","0","2026-04-25"
"floating shelf 12 inch deep","8","220","6307","95","1.51","96","43.64","2","2.08","44.99","26.99","1","43","36","15","6.82","2","13.33","44.99","26.99","0","5","7","1","0.45","1","100.0","26.99","26.99","0","1","0","2026-04-25"
"24x30 frame walnut","160","6","132","3","2.27","1","16.67","1","100.0","73.99","73.99","0","1","0","1","16.67","1","100.0","73.99","73.99","0","1","0","0","0.0","0",,,,"0","0","0","2026-04-25"
"18x24 light oak wood frame with mat 22x28","329","3","66","6","9.09","2","66.67","2","100.0","64.99","64.99","0","0","2","0","0.0","0",,,,"0","0","0","0","0.0","0",,,,"0","0","0","2026-04-25"
"real wood frame 24x36","868","10","284","3","1.06","7","70.0","1","14.29","83.99","83.99","0","1","3","1","10.0","0","0.0","94.99",,"0","0","0","0","0.0","0",,,,"0","0","0","2026-04-25"
"white shelf boards 8 inch deep","510","3","180","13","7.22","1","33.33","1","100.0","24.99","24.99","0","1","0","0","0.0","0",,,,"0","0","0","0","0.0","0",,,,"0","0","0","2026-04-25"
"book shelves for wall","351","2323","57278","39","0.07","856","36.85","1","0.12","29.97","24.99","76","354","195","159","6.84","0","0.0","29.97",,"19","69","25","19","0.82","0","0.0","32.99",,"3","10","3","2026-04-25"
"cuadro de foto wenge","336","7","155","4","2.58","5","71.43","2","40.0","27.99","27.99","0","4","1","1","14.29","0","0.0","30.59",,"0","1","0","0","0.0","0",,,,"0","0","0","2026-04-25"
"natural wood floating shelves","248","951","24337","110","0.45","417","43.85","1","0.24","54.99","94.99","15","170","108","64","6.73","0","0.0","54.99",,"1","24","17","13","1.37","0","0.0","69.49",,"0","6","1","2026-04-25"
"36 inch wall shelf with brackets","592","30","672","9","1.34","6","20.0","1","16.67","40.99","114.99","0","4","2","0","0.0","0",,,,"0","0","0","0","0.0","0",,,,"0","0","0","2026-04-25"
"silhouette frame","189","44","1233","1","0.08","13","29.55","1","7.69","19.99","20.99","1","8","4","6","13.64","1","16.67","19.99","20.99","1","4","1","1","2.27","0","0.0","24.99",,"1","0","0","2026-04-25"
"hanging tapestry frame 24x22","822","4","132","4","3.03","3","75.0","1","33.33","69.99","64.99","0","3","0","0","0.0","0",,,,"0","0","0","0","0.0","0",,,,"0","0","0","2026-04-25"
"floating shelves grey","106","182","4646","15","0.32","101","55.49","1","0.99","31.99","63.99","3","59","17","19","10.44","1","5.26","28.49","63.99","0","11","3","4","2.2","0","0.0","24.99",,"0","3","0","2026-04-25"
"walnut live edge floating shelves","290","46","1328","60","4.52","18","39.13","1","5.56","98.99","114.99","0","1","2","2","4.35","0","0.0","65.99",,"0","0","1","1","2.17","0","0.0","119.99",,"0","0","0","2026-04-25"
"18x24 dark wood frame rounded","717","6","133","6","4.51","4","66.67","1","25.0","56.99","50.99","0","0","3","2","33.33","0","0.0","62.99",,"0","0","2","0","0.0","0",,,,"0","0","0","2026-04-25"
"18x24 frame with mat","603","1477","42051","46","0.11","593","40.15","0","0.0","34.99",,"16","212","210","161","10.9","0","0.0","31.99",,"5","68","47","61","4.13","0","0.0","30.99",,"3","31","18","2026-04-25"
"8x10 wood frame","303","694","20433","54","0.26","344","49.57","1","0.29","11.98","17.99","34","198","69","136","19.6","0","0.0","9.99",,"12","74","34","50","7.2","0","0.0","9.99",,"6","33","8","2026-04-25"
"oak matte frames","563","5","300","10","3.33","3","60.0","1","33.33","28.99","16.99","0","3","0","0","0.0","0",,,,"0","0","0","0","0.0","0",,,,"0","0","0","2026-04-25"
"shelf boards 8 inch deep","270","32","1325","41","3.09","22","68.75","2","9.09","25.95","24.99","1","11","4","2","6.25","0","0.0","25.95",,"0","0","1","1","3.13","0","0.0","44.97",,"0","0","0","2026-04-25"
"24 inch wide real wood floating shelves","36","2","66","2","3.03","2","100.0","1","50.0","43.99","89.99","0","0","1","1","50.0","1","100.0","89.99","89.99","0","0","0","1","50.0","1","100.0","89.99","89.99","0","0","0","2026-04-25"
"oval picture frames","878","514","15365","3","0.02","121","23.54","1","0.83","19.99","27.99","4","66","22","35","6.81","0","0.0","19.99",,"0","19","10","4","0.78","0","0.0","13.99",,"0","2","1","2026-04-25"
"repisas flotantes de pared","234","12077","266014","146","0.05","4436","36.73","1","0.02","23.82","102.99","623","1364","546","616","5.1","0","0.0","21.99",,"100","215","67","96","0.79","0","0.0","20.99",,"29","38","9","2026-04-25"
"strong adhesive floating shelves","744","10","217","5","2.3","6","60.0","1","16.67","19.99","26.99","0","3","1","0","0.0","0",,,,"0","0","0","0","0.0","0",,,,"0","0","0","2026-04-25"
"8.5 by 11 picture frame wooden","690","11","257","6","2.33","6","54.55","1","16.67","9.99","21.99","0","2","4","3","27.27","0","0.0","9.99",,"0","1","2","3","27.27","0","0.0","9.99",,"0","1","2","2026-04-25"
"wood floating shelves for wall","250","303","7911","64","0.81","104","34.32","2","1.92","29.99","94.99","9","36","43","10","3.3","0","0.0","23.99",,"0","5","3","2","0.66","0","0.0","23.99",,"0","2","0","2026-04-25"
"24x30 frame glass","693","8","207","6","2.9","8","100.0","1","12.5","62.99","73.99","0","5","2","2","25.0","0","0.0","62.99",,"0","2","0","1","12.5","0","0.0","62.99",,"0","1","0","2026-04-25"
"36 by 12 white shelf","834","4","88","4","4.55","4","100.0","1","25.0","63.99","63.99","0","1","1","0","0.0","0",,,,"0","0","0","0","0.0","0",,,,"0","0","0","2026-04-25"
"wood floating shelves 24 inch curves","753","3","63","5","7.94","1","33.33","1","100.0","94.99","94.99","0","0","1","0","0.0","0",,,,"0","0","0","0","0.0","0",,,,"0","0","0","2026-04-25"
"36 in wood shelf","584","14","770","10","1.3","5","35.71","1","20.0","114.99","114.99","0","3","1","0","0.0","0",,,,"0","0","0","0","0.0","0",,,,"0","0","0","2026-04-25"
"repisa kitchen big","934","12","222","3","1.35","7","58.33","1","14.29","48.99","48.99","0","0","0","0","0.0","0",,,,"0","0","0","0","0.0","0",,,,"0","0","0","2026-04-25"
"wall storage 24""x12""","626","2","120","8","6.67","4","200.0","1","25.0","39.99","51.99","0","0","3","0","0.0","0",,,,"0","0","0","0","0.0","0",,,,"0","0","0","2026-04-25"
"floating book shelves for wall kids","527","1037","43617","49","0.11","231","22.28","0","0.0","26.97",,"40","121","46","56","5.4","0","0.0","24.95",,"6","28","17","6","0.58","0","0.0","25.97",,"1","3","1","2026-04-25"
"rustic brown wall mounted shelves 12 inch","384","20","444","30","6.76","9","45.0","1","11.11","29.99","63.99","0","7","1","0","0.0","0",,,,"0","0","0","0","0.0","0",,,,"0","0","0","2026-04-25"
"14x18 wood frame","598","94","2302","9","0.39","74","78.72","1","1.35","29.99","47.99","0","9","26","9","9.57","0","0.0","29.99",,"0","1","4","2","2.13","0","0.0","27.99",,"0","0","0","2026-04-25"
"16x22 picture frame","997","117","3368","2","0.06","61","52.14","1","1.64","23.99","28.99","1","17","21","22","18.8","0","0.0","21.99",,"0","8","7","7","5.98","0","0.0","21.99",,"0","4","2","2026-04-25"
"live edge shelf 48 inch","798","1","21","4","19.05","1","100.0","1","100.0","102.99","102.99","0","0","1","0","0.0","0",,,,"0","0","0","0","0.0","0",,,,"0","0","0","2026-04-25"
"shelving wall for male room","699","3","66","6","9.09","2","66.67","1","50.0","29.99","63.99","0","1","1","0","0.0","0",,,,"0","0","0","0","0.0","0",,,,"0","0","0","2026-04-25"
"30x24 wooden frame rounded","769","4","86","5","5.81","1","25.0","1","100.0","73.99","73.99","0","0","1","0","0.0","0",,,,"0","0","0","0","0.0","0",,,,"0","0","0","2026-04-25"
"floating shelves wood","451","1271","35630","55","0.15","505","39.73","0","0.0","31.99",,"42","206","125","82","6.45","0","0.0","28.49",,"10","31","22","16","1.26","0","0.0","25.49",,"3","6","5","2026-04-25"
"floating walnut shelves wall mounted","154","10","223","3","1.35","8","80.0","1","12.5","55.99","94.99","1","1","6","4","40.0","1","25.0","55.99","94.99","0","1","3","1","10.0","0","0.0","65.99",,"0","1","0","2026-04-25"
"renter friendly wall shelves","299","302","8609","19","0.22","121","40.07","2","1.65","18.99","24.99","12","44","28","14","4.64","0","0.0","18.99",,"1","4","3","2","0.66","0","0.0","14.35",,"0","2","0","2026-04-25"
"24x36 wood frame","407","707","20137","26","0.13","327","46.25","1","0.31","49.99","28.99","0","72","89","89","12.59","0","0.0","50.99",,"0","21","28","20","2.83","0","0.0","49.99",,"0","5","8","2026-04-25"
"white shelves","79","8905","218442","97","0.04","3568","40.07","1","0.03","29.99","48.99","329","1333","667","1091","12.25","1","0.09","28.99","48.99","123","424","192","115","1.29","0","0.0","23.97",,"24","61","17","2026-04-25"
"30x36 walnut frame","93","6","120","6","5.0","5","83.33","2","40.0","84.99","83.99","0","4","1","3","50.0","1","33.33","84.99","83.99","0","2","1","0","0.0","0",,,,"0","0","0","2026-04-25"
"8 1/2 x 11 picture frame","437","1714","53147","20","0.04","791","46.15","1","0.13","9.99","24.99","128","451","131","383","22.35","0","0.0","6.99",,"73","210","58","218","12.72","0","0.0","6.99",,"47","121","28","2026-04-25"
"heavy duty deep hanging shelves","808","4","204","4","1.96","6","150.0","1","16.67","75.99","63.99","0","0","4","0","0.0","0",,,,"0","0","0","0","0.0","0",,,,"0","0","0","2026-04-25"
"picture frames large","428","347","10442","22","0.21","81","23.34","1","1.23","36.99","67.99","7","28","23","21","6.05","0","0.0","38.99",,"1","7","5","3","0.86","0","0.0","43.99",,"0","0","1","2026-04-25"
"24x30 light wood frame with mat","781","4","80","4","5.0","3","75.0","1","33.33","73.99","73.99","0","0","0","0","0.0","0",,,,"0","0","0","0","0.0","0",,,,"0","0","0","2026-04-25"
"30x40 walnut picture frame","896","6","137","3","2.19","5","83.33","1","20.0","60.66","83.99","0","0","2","0","0.0","0",,,,"0","0","0","0","0.0","0",,,,"0","0","0","2026-04-25"
"corner floating shelves wood rounded edge","911","1","60","3","5.0","4","400.0","1","25.0","39.99","89.99","0","2","2","0","0.0","0",,,,"0","0","0","0","0.0","0",,,,"0","0","0","2026-04-25"
"wooden frames","257","1545","49216","92","0.19","488","31.59","1","0.2","22.99","45.99","16","254","101","152","9.84","0","0.0","21.99",,"5","93","23","39","2.52","0","0.0","21.39",,"0","29","3","2026-04-25"
"8x10 picture frame with 5x7 mat opening","130","27","820","5","0.61","15","55.56","1","6.67","13.99","17.99","1","10","3","6","22.22","1","16.67","15.99","17.99","1","5","0","2","7.41","0","0.0","8.99",,"1","1","0","2026-04-25"
"wooden picctireframe 16 c 25","196","1","22","1","4.55","2","200.0","1","50.0","36.09","45.99","0","1","1","2","200.0","1","50.0","36.09","45.99","0","1","1","0","0.0","0",,,,"0","0","0","2026-04-25"
"wall shelf 12 inches wide","396","40","1183","27","2.28","10","25.0","1","10.0","28.37","26.99","2","6","0","3","7.5","0","0.0","28.37",,"1","2","0","2","5.0","0","0.0","15.99",,"1","1","0","2026-04-25"
"urn memorial display shelf","139","109","2173","4","0.18","46","42.2","1","2.17","39.99","26.99","1","30","9","4","3.67","1","25.0","26.99","26.99","1","3","0","0","0.0","0",,,,"0","0","0","2026-04-25"
"wall mounted bookshelf","370","2581","65534","71","0.11","952","36.88","0","0.0","39.99",,"60","363","215","170","6.59","0","0.0","31.99",,"15","64","45","14","0.54","0","0.0","32.99",,"2","3","5","2026-04-25"
"8.5 by 11 picture frame dark wood with glass","658","7","154","7","4.55","5","71.43","1","20.0","25.99","21.99","0","3","2","1","14.29","0","0.0","25.99",,"0","1","0","1","14.29","0","0.0","25.99",,"0","1","0","2026-04-25"
"24 in light wood shelfs","785","5","103","4","3.88","4","80.0","1","25.0","67.99","94.99","0","0","2","0","0.0","0",,,,"0","0","0","0","0.0","0",,,,"0","0","0","2026-04-25"
"8x10 frame 5x7 mat rounded edges","540","5","109","12","11.01","3","60.0","1","33.33","13.0",,"0","0","2","0","0.0","0",,,,"0","0","0","0","0.0","0",,,,"0","0","0","2026-04-25"
"wall & tabletop picture frames","369","4300","111779","71","0.06","227","5.28","0","0.0","21.63",,"17","127","37","54","1.26","0","0.0","19.99",,"9","28","5","9","0.21","0","0.0","16.99",,"4","2","2","2026-04-25"
"14 x 20picture frame with mat & glass","558","11","242","11","4.55","4","36.36","1","25.0","32.99","38.99","0","1","0","0","0.0","0",,,,"0","0","0","0","0.0","0",,,,"0","0","0","2026-04-25"
"shelves ￼","820","88","1793","4","0.22","32","36.36","1","3.13","25.49","26.99","5","8","4","3","3.41","0","0.0","20.99",,"0","3","0","0","0.0","0",,,,"0","0","0","2026-04-25"
"11x14 frame with triangle hanging hook","517","13","780","13","1.67","8","61.54","1","12.5","24.99","20.99","0","4","4","0","0.0","0",,,,"0","0","0","0","0.0","0",,,,"0","0","0","2026-04-25"
"boutique frame","613","304","15625","46","0.29","22","7.24","0","0.0","16.14",,"0","15","4","2","0.66","0","0.0","12.31",,"0","1","1","1","0.33","0","0.0","12.31",,"0","0","1","2026-04-25"
"modern farmhouse frame","801","15","374","4","1.07","7","46.67","1","14.29","19.99","24.99","0","4","3","4","26.67","0","0.0","19.99",,"0","3","1","0","0.0","0",,,,"0","0","0","2026-04-25"
"wall shelving system","867","217","5864","3","0.05","77","35.48","1","1.3","59.95","50.43","3","22","19","6","2.76","0","0.0","49.99",,"0","2","1","0","0.0","0",,,,"0","0","0","2026-04-25"
"black shelves for wall","75","2293","56285","82","0.15","938","40.91","2","0.21","23.99","26.99","177","397","212","311","13.56","1","0.32","21.99","26.99","55","139","64","55","2.4","0","0.0","23.99",,"17","23","11","2026-04-25"
"large picture frame with wooden border","873","3","180","3","1.67","3","100.0","1","33.33","83.59","83.99","0","0","3","0","0.0","0",,,,"0","0","0","0","0.0","0",,,,"0","0","0","2026-04-25"
"frame for print on canvas","40","1","20","1","5.0","1","100.0","1","100.0","24.99","24.99","0","0","1","1","100.0","1","100.0","24.99","24.99","0","0","1","1","100.0","1","100.0","24.99","24.99","0","0","1","2026-04-25"
"diy embroidery frame 12x15","622","24","406","8","1.97","2","8.33","1","50.0","26.99","26.99","0","2","0","1","4.17","0","0.0","29.99",,"0","1","0","0","0.0","0",,,,"0","0","0","2026-04-25"
"shelves for room wall 16x8","485","5","110","15","13.64","4","80.0","1","25.0","19.99","24.99","0","3","0","0","0.0","0",,,,"0","0","0","0","0.0","0",,,,"0","0","0","2026-04-25"
"small shelves","289","2767","75967","60","0.08","908","32.82","1","0.11","23.99","24.99","124","385","170","143","5.17","0","0.0","20.99",,"21","71","21","32","1.16","0","0.0","17.99",,"4","18","6","2026-04-25"
"12im deep 18im wide shelf","777","5","90","5","5.56","1","20.0","1","100.0","26.99","26.99","0","0","1","0","0.0","0",,,,"0","0","0","0","0.0","0",,,,"0","0","0","2026-04-25"
"floating shelves for wall natural wood 24""","637","5","112","8","7.14","7","140.0","1","14.29","80.74","89.99","0","0","0","0","0.0","0",,,,"0","0","0","0","0.0","0",,,,"0","0","0","2026-04-25"
"18' x 24' frame with mat","990","2","120","2","1.67","1","50.0","1","100.0","48.99","48.99","0","0","1","0","0.0","0",,,,"0","0","0","0","0.0","0",,,,"0","0","0","2026-04-25"
"wood heavy duty ￼16 “deep kitchen floating shelf","533","14","310","12","3.87","19","135.71","1","5.26","39.99","26.99","0","11","3","1","7.14","0","0.0","74.99",,"0","0","1","0","0.0","0",,,,"0","0","0","2026-04-25"
"home decor","240","320763","7627547","125","0.0","79415","24.76","1","0.0","19.99","81.99","9805","22722","10312","25840","8.06","0","0.0","17.08",,"4082","8758","3793","1254","0.39","0","0.0","12.98",,"423","539","143","2026-04-25"
"16x20 walnut frame","476","80","2487","16","0.64","45","56.25","1","2.22","34.99","49.99","1","11","23","17","21.25","0","0.0","34.5",,"1","6","8","5","6.25","0","0.0","34.5",,"0","2","3","2026-04-25"
"farmhouse shelves","468","906","24370","16","0.07","287","31.68","1","0.35","37.99","24.99","15","99","73","52","5.74","0","0.0","28.49",,"2","19","11","3","0.33","0","0.0","20.8",,"1","2","0","2026-04-25"
"floating shelves real wood","465","109","2527","16","0.63","58","53.21","1","1.72","55.99","131.99","1","16","31","6","5.5","0","0.0","63.99",,"0","4","2","2","1.83","0","0.0","63.99",,"0","2","0","2026-04-25"
"12 inch shelf","288","518","14259","61","0.43","208","40.15","1","0.48","22.99","26.99","14","89","79","38","7.34","0","0.0","22.99",,"2","20","13","9","1.74","0","0.0","19.99",,"0","5","3","2026-04-25"
"shelves 24 inches by 12 inches","663","7","155","7","4.52","4","57.14","1","25.0","29.99","26.99","0","1","0","0","0.0","0",,,,"0","0","0","0","0.0","0",,,,"0","0","0","2026-04-25"
"live edge 48 inch floating","489","5","105","15","14.29","4","80.0","1","25.0","79.99","102.99","0","2","2","0","0.0","0",,,,"0","0","0","0","0.0","0",,,,"0","0","0","2026-04-25"
"8.5 x 11 wooden picture frames","708","25","631","6","0.95","18","72.0","1","5.56","20.78","24.99","0","9","8","5","20.0","0","0.0","11.99",,"0","3","2","1","4.0","0","0.0","11.99",,"0","1","0","2026-04-25"
"12 x 16 walnut frame with glass","898","3","66","3","4.55","2","66.67","1","50.0","28.99","28.99","0","1","1","1","33.33","0","0.0","29.99",,"0","1","0","1","33.33","0","0.0","29.99",,"0","1","0","2026-04-25"
"6 in wide wall shelf","42","3","60","1","1.67","3","100.0","1","33.33","14.99","24.99","0","1","0","2","66.67","1","50.0","14.99","24.99","0","0","0","1","33.33","1","100.0","24.99","24.99","0","0","0","2026-04-25"
"frame 30x45 inches","906","7","141","3","2.13","13","185.71","1","7.69","79.99","87.99","0","1","1","1","14.29","0","0.0","97.12",,"0","0","0","0","0.0","0",,,,"0","0","0","2026-04-25"
"real wood black shelves","723","6","144","6","4.17","5","83.33","1","20.0","56.97","47.52","0","1","0","1","16.67","0","0.0","56.97",,"0","0","0","1","16.67","0","0.0","56.97",,"0","0","0","2026-04-25"
"8 inch deep shelf","807","212","6388","41","0.64","119","56.13","0","0.0","44.99",,"5","42","28","17","8.02","0","0.0","46.99",,"0","8","7","1","0.47","0","0.0","69.99",,"0","1","0","2026-04-25"
"8.5 x 11 frame","379","5038","155822","68","0.04","2325","46.15","0","0.0","9.99",,"460","1242","357","1085","21.54","0","0.0","6.99",,"276","567","145","623","12.37","0","0.0","6.99",,"170","344","68","2026-04-25"
"decorative wall shelves","109","1450","39701","12","0.03","473","32.62","1","0.21","28.99","24.99","39","166","95","83","5.72","1","1.2","29.99","24.99","5","33","14","10","0.69","0","0.0","26.99",,"1","6","1","2026-04-25"
"heavy duty deep floating shelves","756","15","345","5","1.45","5","33.33","1","20.0","39.82","26.99","0","3","2","1","6.67","0","0.0","29.99",,"0","0","1","0","0.0","0",,,,"0","0","0","2026-04-25"
"real walnut frame 22x28","348","3","180","3","1.67","3","100.0","2","66.67","67.99","67.99","0","0","3","0","0.0","0",,,,"0","0","0","0","0.0","0",,,,"0","0","0","2026-04-25"
"laundry room shelves wall mounted","309","594","15589","14","0.09","221","37.21","2","0.9","39.99","26.99","11","96","60","28","4.71","0","0.0","39.99",,"1","12","8","4","0.67","0","0.0","25.49",,"1","1","1","2026-04-25"
"real wood wall shelf with brackets","500","8","160","14","8.75","6","75.0","1","16.67","46.99","51.99","0","5","0","0","0.0","0",,,,"0","0","0","0","0.0","0",,,,"0","0","0","2026-04-25"
"wall mounted bookshelves","357","686","20150","75","0.37","230","33.53","0","0.0","38.59",,"18","85","62","34","4.96","0","0.0","34.99",,"5","19","4","8","1.17","0","0.0","33.99",,"2","5","1","2026-04-25"
"wood shelf","50","5937","161022","719","0.45","1738","29.27","2","0.12","33.61","114.99","148","600","362","230","3.87","0","0.0","29.99",,"27","76","47","35","0.59","0","0.0","28.49",,"5","15","5","2026-04-25"
"11x14 picture frame gallery","869","11","245","3","1.22","6","54.55","1","16.67","27.99","20.99","0","0","6","1","9.09","0","0.0","27.99",,"0","0","1","0","0.0","0",,,,"0","0","0","2026-04-25"
"white floating shelves","222","5896","145695","137","0.09","2978","50.51","3","0.1","24.99","26.99","486","1335","627","801","13.59","0","0.0","23.97",,"137","387","146","157","2.66","0","0.0","23.97",,"40","84","28","2026-04-25"
"hanging picture frame with matte","178","12","259","2","0.77","6","50.0","1","16.67","20.99","24.99","0","4","2","3","25.0","1","33.33","32.39","24.99","0","2","1","0","0.0","0",,,,"0","0","0","2026-04-25"
"8 inch depth wall shelf","773","32","666","42","6.31","14","43.75","0","0.0","34.99",,"0","7","2","3","9.38","0","0.0","44.09",,"0","3","0","1","3.13","0","0.0","48.99",,"0","1","0","2026-04-25"
"8.5x11 picture frame with glass between picture and frame","618","10","221","9","4.07","7","70.0","1","14.29","20.64","21.99","0","4","3","0","0.0","0",,,,"0","0","0","0","0.0","0",,,,"0","0","0","2026-04-25"
"home accessories","720","5919","146983","6","0.0","1671","28.23","1","0.06","16.99","28.99","345","551","223","617","10.42","0","0.0","13.99",,"138","241","101","27","0.46","0","0.0","12.99",,"12","10","2","2026-04-25"
"wood shelf with gold bar","147","12","280","3","1.07","6","50.0","1","16.67","85.0","94.99","0","0","0","5","41.67","1","20.0","85.0","94.99","0","0","0","0","0.0","0",,,,"0","0","0","2026-04-25"
"wooden 8x10 frame","716","44","1077","6","0.56","19","43.18","1","5.26","17.99","17.99","3","8","2","9","20.45","0","0.0","11.99",,"2","5","0","3","6.82","0","0.0","8.99",,"1","2","0","2026-04-25"
"living room wall shelves 16x8","182","1","18","2","11.11","2","200.0","1","50.0","27.99","27.99","0","1","0","1","100.0","1","100.0","27.99","27.99","0","0","0","0","0.0","0",,,,"0","0","0","2026-04-25"
"24x30 picture frame","890","424","12641","40","0.32","144","33.96","0","0.0","37.99",,"0","36","58","51","12.03","0","0.0","37.99",,"0","14","16","21","4.95","0","0.0","36.99",,"0","7","7","2026-04-25"
"live edge floating shelves 8in depth","280","9","202","32","15.84","12","133.33","2","16.67","99.99","102.99","0","0","11","0","0.0","0",,,,"0","0","0","0","0.0","0",,,,"0","0","0","2026-04-25"
"picture frames 6x8","119","226","7736","8","0.1","104","46.02","1","0.96","9.88","16.99","5","64","24","35","15.49","1","2.86","6.79","16.99","4","21","6","18","7.96","0","0.0","6.26",,"2","11","3","2026-04-25"
"rustic 8 inch floating shelf","546","4","89","12","13.48","3","75.0","1","33.33","16.99",,"0","1","1","0","0.0","0",,,,"0","0","0","0","0.0","0",,,,"0","0","0","2026-04-25"
"heavy duty wall shelf","242","776","21540","118","0.55","310","39.95","1","0.32","44.97","72.99","16","108","73","33","4.25","0","0.0","39.99",,"0","12","8","4","0.52","0","0.0","39.99",,"0","3","1","2026-04-25"
"srong wire wall shelf","688","3","66","6","9.09","2","66.67","1","50.0","50.99","63.99","0","0","0","0","0.0","0",,,,"0","0","0","0","0.0","0",,,,"0","0","0","2026-04-25"
"wall shelf 18x12","852","4","88","4","4.55","2","50.0","1","50.0","20.99","26.99","0","2","0","1","25.0","0","0.0","20.99",,"0","1","0","0","0.0","0",,,,"0","0","0","2026-04-25"
"ruatic gray floating shelves","875","3","66","3","4.55","3","100.0","1","33.33","33.97","27.99","0","1","1","1","33.33","0","0.0","33.97",,"0","1","0","1","33.33","0","0.0","33.97",,"0","1","0","2026-04-25"
"8 inch deep wall mount shelf","711","3","63","6","9.52","2","66.67","1","50.0","24.99","24.99","0","0","2","0","0.0","0",,,,"0","0","0","0","0.0","0",,,,"0","0","0","2026-04-25"
"floating wood shelves","274","2045","53521","109","0.2","803","39.27","0","0.0","47.97",,"69","302","210","143","6.99","0","0.0","39.82",,"15","57","42","23","1.12","0","0.0","63.99",,"4","9","8","2026-04-25"
"bookshelf wall","378","895","23971","68","0.28","299","33.41","0","0.0","29.97",,"22","124","57","59","6.59","0","0.0","28.99",,"3","32","9","11","1.23","0","0.0","29.97",,"1","6","2","2026-04-25"
"white floating shelves kovascape","24","1","22","5","22.73","1","100.0","1","100.0","24.99","24.99","0","1","0","1","100.0","1","100.0","24.99","24.99","0","1","0","1","100.0","1","100.0","24.99","24.99","0","1","0","2026-04-25"
"24x16 frame real glass","771","5","110","5","4.55","5","100.0","1","20.0","42.49","45.99","0","4","0","0","0.0","0",,,,"0","0","0","0","0.0","0",,,,"0","0","0","2026-04-25"
"floating wall shelves large weight capacity with brackets","56","28","617","7","1.13","25","89.29","3","12.0","58.99","72.99","0","9","2","3","10.71","2","66.67","71.99","44.99","0","0","0","0","0.0","0",,,,"0","0","0","2026-04-25"
"floating shelves for wall 12 inch deep","399","89","2599","64","2.46","47","52.81","0","0.0","44.99",,"2","24","9","7","7.87","0","0.0","59.99",,"0","3","3","2","2.25","0","0.0","59.99",,"0","0","1","2026-04-25"
"solid wood shelves for wall","307","116","4444","88","1.98","49","42.24","0","0.0","65.99",,"2","12","17","4","3.45","0","0.0","39.99",,"0","1","3","0","0.0","0",,,,"0","0","0","2026-04-25"
"kichen shelves","570","18","452","10","2.21","9","50.0","1","11.11","38.99","102.99","2","2","3","0","0.0","0",,,,"0","0","0","0","0.0","0",,,,"0","0","0","2026-04-25"
"wall shelves no drilling","286","199","5660","25","0.44","116","58.29","2","1.72","16.88","26.99","17","55","23","11","5.53","0","0.0","14.89",,"1","7","2","4","2.01","0","0.0","11.29",,"1","2","1","2026-04-25"
"48' x 12"" large floating shelves for wall heavy duty","304","10","257","17","6.61","5","50.0","2","40.0","67.99","78.99","0","0","3","0","0.0","0",,,,"0","0","0","0","0.0","0",,,,"0","0","0","2026-04-25"
"float shelf","745","103","2715","5","0.18","39","37.86","1","2.56","20.99","112.99","15","11","10","8","7.77","0","0.0","24.99",,"4","2","2","1","0.97","0","0.0","36.97",,"0","1","0","2026-04-25"
"48 inch floating shelf","397","943","23623","27","0.11","465","49.31","1","0.22","62.99","102.99","4","94","169","56","5.94","0","0.0","59.98",,"1","11","15","14","1.48","0","0.0","50.99",,"0","2","2","2026-04-25"
"white floating shelves 8 inches deep","619","10","240","8","3.33","6","60.0","1","16.67","29.99","24.99","0","1","0","1","10.0","0","0.0","42.69",,"0","0","0","0","0.0","0",,,,"0","0","0","2026-04-25"
"live efge 60 invh floating shelf","585","5","110","10","9.09","3","60.0","1","33.33","131.99","131.99","0","1","1","1","20.0","0","0.0","116.99",,"0","1","0","0","0.0","0",,,,"0","0","0","2026-04-25"
"wall floating shelf wood","317","9","187","11","5.88","5","55.56","2","40.0","69.99","131.99","0","0","3","0","0.0","0",,,,"0","0","0","0","0.0","0",,,,"0","0","0","2026-04-25"
"wall shelves set of 2 kitchen","671","18","388","7","1.8","4","22.22","1","25.0","26.99","26.99","0","1","2","0","0.0","0",,,,"0","0","0","0","0.0","0",,,,"0","0","0","2026-04-25"
"shelf 16wx12dx","919","5","112","3","2.68","8","160.0","1","12.5","32.99","26.99","0","4","1","0","0.0","0",,,,"0","0","0","0","0.0","0",,,,"0","0","0","2026-04-25"
"wall picture frame with rounded corners","597","4","218","9","4.13","6","150.0","1","16.67","20.99","20.99","0","4","2","1","25.0","0","0.0","23.39",,"0","1","0","0","0.0","0",,,,"0","0","0","2026-04-25"
"8 in deep wall shelf","111","13","279","12","4.3","7","53.85","1","14.29","19.99","24.99","0","2","4","1","7.69","1","100.0","24.99","24.99","0","0","0","0","0.0","0",,,,"0","0","0","2026-04-25"
"heavy duty 12 inch deep shelf","200","1","26","1","3.85","1","100.0","1","100.0","26.99","26.99","0","0","1","1","100.0","1","100.0","26.99","26.99","0","0","1","0","0.0","0",,,,"0","0","0","2026-04-25"
"24x36 poster frame","392","19318","470305","29","0.01","7162","37.07","1","0.01","39.99","27.99","49","1982","2233","3006","15.56","0","0.0","39.99",,"12","836","922","1082","5.6","0","0.0","39.99",,"7","347","362","2026-04-25"
"floating bookshelves for wall","977","518","13284","39","0.29","225","43.44","0","0.0","26.99",,"24","94","68","52","10.04","0","0.0","24.95",,"7","23","13","9","1.74","0","0.0","24.95",,"3","4","0","2026-04-25"
"5 ft live edge wood floating shelf","993","1","20","2","10.0","1","100.0","1","100.0","131.99","131.99","0","0","1","0","0.0","0",,,,"0","0","0","0","0.0","0",,,,"0","0","0","2026-04-25"
"8.5 by 11 picture frame wood","12","88","2326","45","1.93","45","51.14","3","6.67","11.99","21.99","2","27","9","18","20.45","1","5.56","9.89","21.99","2","8","5","7","7.95","1","14.29","11.99","21.99","1","1","4","2026-04-25"
"walnut frame 24x36","474","51","1197","16","1.34","19","37.25","1","5.26","84.99","83.99","0","1","10","3","5.88","0","0.0","89.99",,"0","0","1","1","1.96","0","0.0","131.99",,"0","0","1","2026-04-25"
"heavy duty floating shelves","285","1153","32418","100","0.31","527","45.71","0","0.0","49.99",,"51","158","143","50","4.34","0","0.0","39.9",,"7","19","13","13","1.13","0","0.0","25.64",,"5","6","1","2026-04-25"
"8.5x11 picture frame with mat","55","94","2961","37","1.25","41","43.62","3","7.32","12.59","21.99","7","19","6","19","20.21","2","10.53","8.99","21.99","4","8","4","8","8.51","0","0.0","8.99",,"3","4","0","2026-04-25"
"adhesive shelf heavy duty","874","8","195","3","1.54","5","62.5","1","20.0","23.99","72.99","0","1","1","0","0.0","0",,,,"0","0","0","0","0.0","0",,,,"0","0","0","2026-04-25"
"floating shelf 8 inch deep","306","73","1979","52","2.63","34","46.58","1","2.94","24.69","102.99","3","14","6","2","2.74","0","0.0","19.99",,"0","2","0","1","1.37","0","0.0","20.99",,"0","1","0","2026-04-25"
"frame","291","14141","386538","96","0.02","3108","21.98","0","0.0","15.37",,"540","1415","538","780","5.52","0","0.0","9.99",,"188","379","116","310","2.19","0","0.0","9.99",,"97","147","48","2026-04-25"
"22x28 picture frame","505","219","6833","51","0.75","91","41.55","0","0.0","34.99",,"0","31","23","24","10.96","0","0.0","30.99",,"0","10","4","6","2.74","0","0.0","31.99",,"0","3","0","2026-04-25"
"custom frames for artwork","458","249","7380","18","0.24","93","37.35","1","1.08","42.99","26.99","1","5","3","0","0.0","0",,,,"0","0","0","0","0.0","0",,,,"0","0","0","2026-04-25"
"12 inch shelves for wall","231","67","1638","49","2.99","50","74.63","4","8.0","25.99","26.99","1","11","25","3","4.48","0","0.0","19.99",,"0","1","2","0","0.0","0",,,,"0","0","0","2026-04-25"
"gold picture frames","297","11216","290166","19","0.01","3598","32.08","2","0.06","19.99","20.99","254","1734","802","1378","12.29","0","0.0","19.79",,"95","706","299","146","1.3","0","0.0","18.49",,"21","89","21","2026-04-25"
"living edge floating bar shelf 48”","714","2","44","6","13.64","1","50.0","1","100.0","102.99","102.99","0","1","0","0","0.0","0",,,,"0","0","0","0","0.0","0",,,,"0","0","0","2026-04-25"
"picture frames 8x10","600","6985","207711","46","0.02","2598","37.19","0","0.0","15.99",,"404","1337","423","982","14.06","0","0.0","14.99",,"185","537","143","406","5.81","0","0.0","14.99",,"87","240","50","2026-04-25"
"22x28 frame matted to 18x24","763","21","471","5","1.06","10","47.62","1","10.0","32.99","64.99","0","1","4","5","23.81","0","0.0","30.39",,"0","1","1","1","4.76","0","0.0","32.99",,"0","0","0","2026-04-25"
"belle maison frame","520","142","3807","13","0.34","23","16.2","1","4.35","23.73","27.99","0","8","7","1","0.7","0","0.0","19.99",,"0","1","0","0","0.0","0",,,,"0","0","0","2026-04-25"
"black brown shelves","484","11","343","15","4.37","8","72.73","1","12.5","27.99","48.99","0","5","1","1","9.09","0","0.0","17.97",,"0","1","0","0","0.0","0",,,,"0","0","0","2026-04-25"
"wall shelf white computer 8 inch deep","137","4","132","4","3.03","4","100.0","1","25.0","24.24","24.24","0","2","1","1","25.0","1","100.0","24.24","24.24","0","0","1","0","0.0","0",,,,"0","0","0","2026-04-25"
"24x36 frames with glass","694","7","265","6","2.26","6","85.71","1","16.67","69.63","83.99","0","2","2","1","14.29","0","0.0","54.17",,"0","1","0","1","14.29","0","0.0","54.17",,"0","1","0","2026-04-25"
"wood shelves","61","6895","184160","214","0.12","2145","31.11","2","0.09","29.99","94.99","241","751","409","340","4.93","1","0.29","28.83","94.99","38","140","59","42","0.61","0","0.0","27.99",,"5","23","4","2026-04-25"
"gray live edge floating shelves","712","6","133","6","4.51","8","133.33","1","12.5","119.99","114.99","0","0","4","1","16.67","0","0.0","119.99",,"0","0","0","0","0.0","0",,,,"0","0","0","2026-04-25"
"shelf with edge","129","26","549","5","0.91","18","69.23","1","5.56","42.3","114.99","0","3","8","2","7.69","1","50.0","42.3","114.99","0","0","2","1","3.85","0","0.0","42.3",,"0","0","1","2026-04-25"
"light brown 8x10 frame textured","891","3","66","3","4.55","3","100.0","1","33.33","12.74","17.99","1","0","2","0","0.0","0",,,,"0","0","0","0","0.0","0",,,,"0","0","0","2026-04-25"
"matted to 8 by 10","187","5","105","2","1.9","3","60.0","1","33.33","8.99","20.99","0","3","0","1","20.0","1","100.0","20.99","20.99","0","1","0","0","0.0","0",,,,"0","0","0","2026-04-25"
"6x8 light eood frame with frame fir table","831","4","84","4","4.76","3","75.0","1","33.33","7.99","16.99","0","3","0","1","25.0","0","0.0","6.99",,"0","1","0","1","25.0","0","0.0","6.99",,"0","1","0","2026-04-25"
"23x18 frame with mat","747","6","114","5","4.39","8","133.33","1","12.5","45.99","45.99","0","7","0","0","0.0","0",,,,"0","0","0","0","0.0","0",,,,"0","0","0","2026-04-25"
"frame for wall art","929","54","1510","3","0.2","9","16.67","1","11.11","30.59","81.99","1","2","3","1","1.85","0","0.0","19.99",,"1","0","0","0","0.0","0",,,,"0","0","0","2026-04-25"
"deep wood shelf with brackets","601","3","66","9","13.64","2","66.67","1","50.0","26.99","26.99","0","2","0","0","0.0","0",,,,"0","0","0","0","0.0","0",,,,"0","0","0","2026-04-25"
"solid wood shelves 50 inch","740","2","46","5","10.87","1","50.0","1","100.0","114.99","114.99","0","0","1","0","0.0","0",,,,"0","0","0","0","0.0","0",,,,"0","0","0","2026-04-25"
"12x16 frame glass","21","80","1997","9","0.45","57","71.25","1","1.75","18.99","25.99","4","23","24","14","17.5","1","7.14","18.99","25.99","1","8","3","5","6.25","1","20.0","17.99","25.99","1","2","1","2026-04-25"
"24 x 36 walnut frame","413","28","1008","24","2.38","11","39.29","1","9.09","69.63","83.99","0","1","4","3","10.71","0","0.0","66.98",,"0","0","2","1","3.57","0","0.0","74.51",,"0","0","1","2026-04-25"
"gaming shelves for wall","124","54","1430","7","0.49","18","33.33","1","5.56","29.99","26.99","1","8","6","3","5.56","1","33.33","26.99","26.99","0","2","0","0","0.0","0",,,,"0","0","0","2026-04-25"
"floating dark wood wall shelf","804","4","83","4","4.82","4","100.0","1","25.0","19.94","94.99","0","0","0","0","0.0","0",,,,"0","0","0","0","0.0","0",,,,"0","0","0","2026-04-25"
"8 x 11 wood frame round","640","8","175","8","4.57","11","137.5","1","9.09","26.99","20.99","0","0","0","0","0.0","0",,,,"0","0","0","0","0.0","0",,,,"0","0","0","2026-04-25"
"gallery wall frames","702","1605","43934","6","0.01","556","34.64","1","0.18","39.99","19.99","57","312","98","86","5.36","0","0.0","32.39",,"13","51","15","8","0.5","0","0.0","27.99",,"1","7","0","2026-04-25"
"20 x 30 matted","983","2","42","2","4.76","2","100.0","1","50.0","46.97","55.99","0","0","2","0","0.0","0",,,,"0","0","0","0","0.0","0",,,,"0","0","0","2026-04-25"
"4x6 picture frame","9","35853","908344","23","0.0","13801","38.49","2","0.01","11.69","13.57","1940","7591","2707","6336","17.67","2","0.03","9.99","13.57","1028","3572","1160","2823","7.87","1","0.04","9.49","13.99","590","1644","437","2026-04-25"
"wooden shelves 12 inches deep","176","4","80","2","2.5","3","75.0","1","33.33","70.99","26.99","0","2","1","1","25.0","1","100.0","26.99","26.99","0","0","1","0","0.0","0",,,,"0","0","0","2026-04-25"
"floating shelf wood","609","368","10288","46","0.45","110","29.89","0","0.0","28.49",,"12","43","21","21","5.71","0","0.0","34.99",,"5","7","6","4","1.09","0","0.0","39.82",,"1","2","1","2026-04-25"
"11x14 oak frame glass","460","10","198","17","8.59","4","40.0","1","25.0","21.99","20.99","0","3","1","0","0.0","0",,,,"0","0","0","0","0.0","0",,,,"0","0","0","2026-04-25"
"rounded corner wood frame","554","16","311","11","3.54","15","93.75","1","6.67","29.99","20.99","4","8","2","3","18.75","0","0.0","36.99",,"1","0","1","0","0.0","0",,,,"0","0","0","2026-04-25"
"what size picture frame do i buy for a 4”x6” photo","922","3","66","3","4.55","3","100.0","1","33.33","6.99","16.99","0","2","1","0","0.0","0",,,,"0","0","0","0","0.0","0",,,,"0","0","0","2026-04-25"
"12 x 16 frame without mat","810","9","212","4","1.89","6","66.67","1","16.67","8.99","24.99","2","3","1","1","11.11","0","0.0","8.99",,"1","0","0","0","0.0","0",,,,"0","0","0","2026-04-25"
"kitchen shelves wall mounted","237","1520","40702","99","0.24","606","39.87","2","0.33","36.99","78.99","71","225","134","104","6.84","0","0.0","29.99",,"16","32","27","15","0.99","0","0.0","24.99",,"4","4","5","2026-04-25"
"cream color shelf 24""","823","6","360","4","1.11","4","66.67","1","25.0","69.99","89.99","0","0","0","0","0.0","0",,,,"0","0","0","0","0.0","0",,,,"0","0","0","2026-04-25"
"white heavy duty floating shelves with lip 48","642","8","411","8","1.95","2","25.0","1","50.0","62.99","72.99","0","0","0","0","0.0","0",,,,"0","0","0","0","0.0","0",,,,"0","0","0","2026-04-25"
"22x28 matted to 18x24 vintage frame wood","944","10","223","2","0.9","7","70.0","1","14.29","54.99","64.99","0","1","1","3","30.0","0","0.0","54.99",,"0","0","0","0","0.0","0",,,,"0","0","0","2026-04-25"
"blck book shelves","166","3","77","3","3.9","3","100.0","1","33.33","74.99","26.99","0","0","0","3","100.0","1","33.33","74.99","26.99","0","0","0","0","0.0","0",,,,"0","0","0","2026-04-25"
"wooden shelves metal brackets farmhouse","939","20","440","3","0.68","4","20.0","1","25.0","26.99","26.99","0","0","1","0","0.0","0",,,,"0","0","0","0","0.0","0",,,,"0","0","0","2026-04-25"
"gray shelf","547","268","6928","11","0.16","78","29.1","1","1.28","44.32","28.99","6","21","14","17","6.34","0","0.0","51.42",,"1","4","3","1","0.37","0","0.0","99.99",,"0","0","0","2026-04-25"
"industrial wall shelves greige","545","13","289","12","4.15","9","69.23","1","11.11","45.99","51.99","0","3","2","6","46.15","0","0.0","43.7",,"0","3","2","0","0.0","0",,,,"0","0","0","2026-04-25"
"16x12 wall mount shelf","153","3","63","3","4.76","1","33.33","1","100.0","26.99","26.99","0","0","1","1","33.33","1","100.0","26.99","26.99","0","0","1","0","0.0","0",,,,"0","0","0","2026-04-25"
"rustic wall shelves 18 inches","138","8","179","4","2.23","11","137.5","1","9.09","22.99","26.99","0","8","2","5","62.5","1","20.0","24.99","26.99","0","4","0","0","0.0","0",,,,"0","0","0","2026-04-25"
"repisas flotantes de pared de 9 de ancho","571","11","243","10","4.12","9","81.82","1","11.11","28.99","24.99","3","2","1","1","9.09","0","0.0","30.99",,"0","0","0","0","0.0","0",,,,"0","0","0","2026-04-25"
"floating tables for living room","830","14","304","4","1.32","2","14.29","1","50.0","69.99","102.99","0","0","0","0","0.0","0",,,,"0","0","0","0","0.0","0",,,,"0","0","0","2026-04-25"
"laundry room shelf","120","2404","60911","8","0.01","749","31.16","1","0.13","36.99","26.99","51","281","187","134","5.57","1","0.75","35.99","26.99","14","51","33","19","0.79","0","0.0","27.99",,"4","8","4","2026-04-25"
"￼heavy duty wall shelf","356","2","44","2","4.55","2","100.0","2","100.0","26.99","26.99","0","0","2","0","0.0","0",,,,"0","0","0","0","0.0","0",,,,"0","0","0","2026-04-25"
"floating shelf 11 inches deep 24 inch wide","793","3","71","4","5.63","3","100.0","1","33.33","28.12","28.12","0","3","0","0","0.0","0",,,,"0","0","0","0","0.0","0",,,,"0","0","0","2026-04-25"
"wood floating shelves","225","4659","117125","240","0.2","2145","46.04","0","0.0","29.99",,"262","849","493","327","7.02","0","0.0","28.49",,"39","144","71","49","1.05","0","0.0","27.99",,"13","26","6","2026-04-25"
"live edge wood shelves","254","197","5921","94","1.59","86","43.65","1","1.16","65.99","94.99","2","30","12","6","3.05","0","0.0","44.99",,"0","5","0","2","1.02","0","0.0","25.99",,"0","2","0","2026-04-25"
"72 inch shelf wood","844","6","321","4","1.25","2","33.33","1","50.0","93.49","174.99","0","0","2","0","0.0","0",,,,"0","0","0","0","0.0","0",,,,"0","0","0","2026-04-25"
"floating shelve 8 inch","133","2","44","4","9.09","1","50.0","1","100.0","24.99","24.99","0","1","0","1","50.0","1","100.0","24.99","24.99","0","1","0","0","0.0","0",,,,"0","0","0","2026-04-25"
"white shelves for wall 17 x 8","197","1","20","1","5.0","1","100.0","1","100.0","24.99","24.99","0","1","0","1","100.0","1","100.0","24.99","24.99","0","1","0","0","0.0","0",,,,"0","0","0","2026-04-25"
"8x10 with 5x7 mat ireland","193","2","61","1","1.64","2","100.0","1","50.0","17.99","17.99","0","1","1","2","100.0","1","50.0","17.99","17.99","0","1","1","0","0.0","0",,,,"0","0","0","2026-04-25"
"11x17 picture wood color","175","4","94","2","2.13","7","175.0","1","14.29","29.99","24.99","0","3","4","2","50.0","1","50.0","24.99","24.99","0","1","1","0","0.0","0",,,,"0","0","0","2026-04-25"
"frame for canvas painting large","152","9","189","3","1.59","3","33.33","1","33.33","72.99","83.99","0","0","0","1","11.11","1","100.0","83.99","83.99","0","0","0","0","0.0","0",,,,"0","0","0","2026-04-25"
"live edge wood shelf 48”","523","7","155","13","8.39","5","71.43","1","20.0","131.36","102.99","0","0","3","0","0.0","0",,,,"0","0","0","0","0.0","0",,,,"0","0","0","2026-04-25"
"small floating shelf","436","2890","72956","57","0.08","1224","42.35","0","0.0","14.49",,"163","726","191","248","8.58","0","0.0","12.99",,"27","150","40","68","2.35","0","0.0","11.99",,"13","41","8","2026-04-25"
"12 inch depth shelves","294","20","465","20","4.3","22","110.0","2","9.09","39.82","26.99","0","8","12","0","0.0","0",,,,"0","0","0","0","0.0","0",,,,"0","0","0","2026-04-25"
"16x24 wood, rustic gold","587","5","300","10","3.33","5","100.0","1","20.0","44.09","52.99","0","0","3","1","20.0","0","0.0","42.49",,"0","0","1","1","20.0","0","0.0","42.49",,"0","0","1","2026-04-25"
"vintage grey oak floating shelf 36 inch","521","14","311","13","4.18","11","78.57","1","9.09","58.99","114.99","0","0","8","3","21.43","0","0.0","45.99",,"0","0","2","0","0.0","0",,,,"0","0","0","2026-04-25"
"27 x 40 frame with mat","593","54","1538","9","0.59","24","44.44","1","4.17","52.24",,"0","7","1","10","18.52","0","0.0","50.1",,"0","4","1","7","12.96","0","0.0","56.79",,"0","4","1","2026-04-25"
"office wall shelf","617","276","8254","9","0.11","87","31.52","1","1.15","28.49","48.99","8","35","27","19","6.88","0","0.0","28.49",,"2","9","4","5","1.81","0","0.0","20.99",,"2","1","1","2026-04-25"
"18x20 frame glass","975","7","139","2","1.44","4","57.14","1","25.0","47.99","47.99","0","0","3","2","28.57","0","0.0","21.99",,"0","0","2","0","0.0","0",,,,"0","0","0","2026-04-25"
"16x20 frame","265","6885","195192","80","0.04","2745","39.87","1","0.04","23.49","43.99","169","857","808","1087","15.79","0","0.0","22.99",,"88","374","319","414","6.01","0","0.0","22.99",,"36","172","114","2026-04-25"
"anti reflective glass picture frames for 24 x 30 art print","158","6","170","3","1.76","8","133.33","1","12.5","66.99","73.99","0","3","2","2","33.33","1","50.0","73.99","73.99","0","1","0","0","0.0","0",,,,"0","0","0","2026-04-25"
"shelves for wall plant","22","8","411","8","1.95","3","37.5","1","33.33","56.49","63.99","1","1","0","1","12.5","1","100.0","63.99","63.99","0","0","0","1","12.5","1","100.0","63.99","63.99","0","0","0","2026-04-25"
"12x16 mat to 8.5x11","498","6","350","14","4.0","3","50.0","1","33.33","24.99","24.99","0","1","0","0","0.0","0",,,,"0","0","0","0","0.0","0",,,,"0","0","0","2026-04-25"
"12 inch deep wall shelf","620","66","1725","45","2.61","19","28.79","0","0.0","39.99",,"0","7","6","1","1.52","0","0.0","85.49",,"0","0","0","0","0.0","0",,,,"0","0","0","2026-04-25"
"36 x 12 hanging shelf heavy duty","312","12","266","13","4.89","8","66.67","2","25.0","59.99","63.99","0","1","2","0","0.0","0",,,,"0","0","0","0","0.0","0",,,,"0","0","0","2026-04-25"
"62 x82cm frame","987","2","8","2","25.0","1","50.0","1","100.0","67.99","67.99","0","0","0","0","0.0","0",,,,"0","0","0","0","0.0","0",,,,"0","0","0","2026-04-25"
"12 inch by 8 inch shelf","703","3","180","6","3.33","6","200.0","1","16.67","19.99","26.99","0","4","2","0","0.0","0",,,,"0","0","0","0","0.0","0",,,,"0","0","0","2026-04-25"
"27” w x 12” d shelf","380","14","308","31","10.06","7","50.0","1","14.29","52.99","51.99","0","3","3","0","0.0","0",,,,"0","0","0","0","0.0","0",,,,"0","0","0","2026-04-25"
"floating book shelves 8 inch depth","606","3","99","9","9.09","4","133.33","1","25.0","29.97",,"0","0","0","0","0.0","0",,,,"0","0","0","0","0.0","0",,,,"0","0","0","2026-04-25"
"picture frames 8.5 x 11","49","4716","144523","233","0.16","1813","38.44","3","0.17","10.4","21.99","366","908","312","854","18.11","2","0.23","10.4","19.99","202","441","128","503","10.67","0","0.0","9.99",,"130","264","74","2026-04-25"
"1 wood floating shelf","821","8","168","4","2.38","3","37.5","1","33.33","89.99","131.99","0","1","0","2","25.0","0","0.0","14.82",,"0","1","0","0","0.0","0",,,,"0","0","0","2026-04-25"
"estante flotante de pared","359","676","15924","37","0.23","194","28.7","1","0.52","26.99","174.99","14","67","24","26","3.85","0","0.0","20.99",,"6","6","2","3","0.44","0","0.0","20.99",,"2","0","0","2026-04-25"
"tv shelf for wall","673","851","21893","7","0.03","315","37.02","1","0.32","49.0","26.99","22","90","60","44","5.17","0","0.0","26.99",,"6","13","11","10","1.18","0","0.0","18.99",,"0","6","3","2026-04-25"
"8 foot solid wood floating shelf","719","3","65","6","9.23","1","33.33","1","100.0","126.99","126.99","0","0","1","0","0.0","0",,,,"0","0","0","0","0.0","0",,,,"0","0","0","2026-04-25"
"24 inch floating shelves walnut","695","14","303","6","1.98","11","78.57","1","9.09","58.49","89.99","0","5","2","4","28.57","0","0.0","44.99",,"0","2","1","1","7.14","0","0.0","58.49",,"0","1","0","2026-04-25"
"48 floating shelf","480","160","4722","15","0.32","81","50.63","1","1.23","68.79","102.99","0","16","42","10","6.25","0","0.0","64.99",,"0","4","5","2","1.25","0","0.0","39.99",,"0","0","1","2026-04-25"
"wall shelves 12 inch length","1000","2","38","2","5.26","3","150.0","1","33.33","39.82","26.99","0","1","2","0","0.0","0",,,,"0","0","0","0","0.0","0",,,,"0","0","0","2026-04-25"
"8 x10 wicker frames","214","6","121","1","0.83","4","66.67","1","25.0","17.99","17.99","0","0","3","2","33.33","1","50.0","17.99","17.99","0","0","2","0","0.0","0",,,,"0","0","0","2026-04-25"
"floating shelves white previously purchased","338","2","42","4","9.52","2","100.0","2","100.0","24.99","24.99","0","2","0","0","0.0","0",,,,"0","0","0","0","0.0","0",,,,"0","0","0","2026-04-25"
"wall shelves that can homd heavy weight","899","3","27","3","11.11","1","33.33","1","100.0","60.99","60.99","0","0","0","0","0.0","0",,,,"0","0","0","0","0.0","0",,,,"0","0","0","2026-04-25"
"wooden wall shelf 36 in","628","4","88","8","9.09","3","75.0","1","33.33","79.99","114.99","0","2","0","0","0.0","0",,,,"0","0","0","0","0.0","0",,,,"0","0","0","2026-04-25"
"12 inch deep shelf","258","168","5472","91","1.66","53","31.55","1","1.89","39.09","26.99","7","18","12","7","4.17","0","0.0","34.81",,"1","3","2","1","0.6","0","0.0","29.99",,"0","1","0","2026-04-25"
"24x36 light wood frame","142","27","726","4","0.55","16","59.26","1","6.25","47.99","76.99","0","5","5","8","29.63","1","12.5","46.49","76.99","0","3","3","1","3.7","0","0.0","47.99",,"0","0","1","2026-04-25"
"wall mounted shelves","249","5781","148782","109","0.07","1762","30.48","1","0.06","27.99","24.99","244","736","347","271","4.69","0","0.0","24.99",,"47","113","54","47","0.81","0","0.0","22.99",,"13","23","8","2026-04-25"
"12""d wall shelves","795","2","66","4","6.06","2","100.0","1","50.0","63.99","63.99","0","0","2","0","0.0","0",,,,"0","0","0","0","0.0","0",,,,"0","0","0","2026-04-25"
"thick wood floating shelves","376","127","3288","31","0.94","61","48.03","1","1.64","58.88","131.99","9","13","19","6","4.72","0","0.0","48.39",,"1","1","1","0","0.0","0",,,,"0","0","0","2026-04-25"
"8 inch shelf for wall","980","2","52","2","3.85","1","50.0","1","100.0","24.99","24.99","0","0","0","0","0.0","0",,,,"0","0","0","0","0.0","0",,,,"0","0","0","2026-04-25"
"wood floating shelf 36 inch","19","31","967","11","1.14","13","41.94","1","7.69","79.99","114.99","0","1","4","4","12.9","1","25.0","79.99","114.99","0","0","2","2","6.45","1","50.0","79.99","114.99","0","0","1","2026-04-25"
"24x30 frame with glass","418","39","901","23","2.55","12","30.77","1","8.33","61.74","73.99","0","0","3","1","2.56","0","0.0","62.99",,"0","0","0","1","2.56","0","0.0","62.99",,"0","0","0","2026-04-25"
"round wooden picture frame","586","46","995","10","1.01","14","30.43","1","7.14","16.99","17.99","1","7","1","0","0.0","0",,,,"0","0","0","0","0.0","0",,,,"0","0","0","2026-04-25"
"floating shelves for wall 8 inch deep","390","53","1058","29","2.74","25","47.17","1","4.0","29.97","48.99","0","9","5","5","9.43","0","0.0","29.99",,"0","2","1","2","3.77","0","0.0","29.97",,"0","1","1","2026-04-25"
"white shelfs","404","685","17769","26","0.15","302","44.09","1","0.33","25.99","48.99","14","97","47","104","15.18","0","0.0","23.99",,"3","34","16","4","0.58","0","0.0","28.61",,"0","2","0","2026-04-25"
"large shelf wall","212","23","617","1","0.16","12","52.17","1","8.33","29.99","60.99","0","7","2","2","8.7","1","50.0","47.97","60.99","0","0","1","0","0.0","0",,,,"0","0","0","2026-04-25"
"walnut picture frame 24x28","643","13","399","8","2.01","11","84.62","1","9.09","54.99","67.99","0","0","7","1","7.69","0","0.0","59.99",,"0","0","1","0","0.0","0",,,,"0","0","0","2026-04-25"
"shelving for kitchen wall 8 iches depth","544","3","180","12","6.67","1","33.33","1","100.0","24.99","24.99","0","0","0","0","0.0","0",,,,"0","0","0","0","0.0","0",,,,"0","0","0","2026-04-25"
"floating wood shelves with brackets","580","39","870","10","1.15","20","51.28","1","5.0","50.99","131.99","0","10","7","0","0.0","0",,,,"0","0","0","0","0.0","0",,,,"0","0","0","2026-04-25"
"wooden book shelf","894","607","17329","3","0.02","213","35.09","1","0.47","110.99","63.99","1","25","24","25","4.12","0","0.0","79.98",,"0","11","4","4","0.66","0","0.0","47.49",,"0","2","1","2026-04-25"
"live edge solid wood shelves","287","21","410","24","5.85","17","80.95","2","11.76","80.99","102.99","0","5","1","1","4.76","0","0.0","74.69",,"0","0","0","0","0.0","0",,,,"0","0","0","2026-04-25"
"shelf brackets for living room","195","1","60","1","1.67","2","200.0","1","50.0","22.99",,"0","0","1","1","100.0","1","100.0",,,"0","0","0","0","0.0","0",,,,"0","0","0","2026-04-25"
"8 inch wide shelves for wall with gold brackets","885","3","66","3","4.55","2","66.67","1","50.0","24.99","24.99","0","1","1","0","0.0","0",,,,"0","0","0","0","0.0","0",,,,"0","0","0","2026-04-25"
"medium shelves for wall","146","8","141","4","2.84","4","50.0","1","25.0","25.99","26.99","0","2","0","4","50.0","1","25.0","25.99","26.99","0","2","0","0","0.0","0",,,,"0","0","0","2026-04-25"
"16x22 frame","621","556","15602","8","0.05","199","35.79","1","0.5","23.99","45.99","1","57","65","78","14.03","0","0.0","22.99",,"1","25","24","44","7.91","0","0.0","22.99",,"1","17","13","2026-04-25"
"natural wood floating shelf 72 inch","487","19","1133","15","1.32","22","115.79","1","4.55","109.0","174.99","0","1","9","3","15.79","0","0.0","109.99",,"0","0","1","0","0.0","0",,,,"0","0","0","2026-04-25"
"wood art deal floating shelves","596","18","407","9","2.21","7","38.89","1","14.29","85.0","94.99","0","1","2","1","5.56","0","0.0","85.0",,"0","0","0","1","5.56","0","0.0","85.0",,"0","0","0","2026-04-25"
"32in kitchen shelving","538","23","512","12","2.34","17","73.91","1","5.88","63.99","63.99","0","0","9","0","0.0","0",,,,"0","0","0","0","0.0","0",,,,"0","0","0","2026-04-25"
"black shelves","83","5395","129075","181","0.14","1895","35.13","5","0.26","29.99","26.99","251","660","330","606","11.23","0","0.0","26.99",,"83","214","98","77","1.43","0","0.0","20.99",,"15","32","16","2026-04-25"
"picture frames 13×10","916","18","408","3","0.74","22","122.22","1","4.55","19.99","27.99","4","13","1","0","0.0","0",,,,"0","0","0","0","0.0","0",,,,"0","0","0","2026-04-25"
"wood shelf 12 inch deep","742","4","154","5","3.25","2","50.0","1","50.0","18.95","26.99","0","1","0","0","0.0","0",,,,"0","0","0","0","0.0","0",,,,"0","0","0","2026-04-25"
"16 x 20 frame","442","1335","45838","56","0.12","467","34.98","0","0.0","23.49",,"33","157","125","192","14.38","0","0.0","22.99",,"18","74","48","89","6.67","0","0.0","22.99",,"11","41","18","2026-04-25"
"17 incb by 8 inch floating shelves","164","3","66","3","4.55","2","66.67","1","50.0","19.97",,"0","0","0","1","33.33","1","100.0",,,"0","0","0","0","0.0","0",,,,"0","0","0","2026-04-25"
"half circle wall shelf","941","62","1399","3","0.21","36","58.06","1","2.78","23.99","63.99","4","19","2","7","11.29","0","0.0","19.99",,"1","2","0","0","0.0","0",,,,"0","0","0","2026-04-25"
"live edge wood floating shelves","532","58","1494","49","3.28","23","39.66","0","0.0","63.99",,"1","6","8","6","10.34","0","0.0","45.99",,"0","4","1","1","1.72","0","0.0","49.99",,"0","0","1","2026-04-25"
"live raw edge wood shelf","398","14","309","27","8.74","7","50.0","1","14.29","93.99","131.99","0","0","1","0","0.0","0",,,,"0","0","0","0","0.0","0",,,,"0","0","0","2026-04-25"
"raw edge wood floating shelves for wall","419","38","933","23","2.47","30","78.95","1","3.33","95.99","114.99","0","0","13","1","2.63","0","0.0","65.99",,"0","0","0","0","0.0","0",,,,"0","0","0","2026-04-25"
"wall shelves heavy duty 8 in depth","127","3","66","6","9.09","3","100.0","1","33.33","47.49","27.99","0","0","1","2","66.67","1","50.0","27.99","27.99","0","0","1","0","0.0","0",,,,"0","0","0","2026-04-25"
"live edge floating wood shelves","654","42","1050","44","4.19","15","35.71","0","0.0","84.59",,"0","6","6","1","2.38","0","0.0","134.41",,"0","0","0","0","0.0","0",,,,"0","0","0","2026-04-25"
"repisas flotantes color madera natural 24x8","907","3","78","3","3.85","4","133.33","1","25.0","69.99","94.99","0","0","0","0","0.0","0",,,,"0","0","0","0","0.0","0",,,,"0","0","0","2026-04-25"
"11x14 picture frame rounded corners","86","70","1812","88","4.86","41","58.57","7","17.07","24.49","20.99","0","3","21","2","2.86","0","0.0","17.99",,"0","0","1","2","2.86","0","0.0","17.99",,"0","0","1","2026-04-25"
"8.5 by 11 picture frame","3","9362","235279","497","0.21","4230","45.18","6","0.14","7.99","21.99","874","2267","615","2094","22.37","2","0.1","6.79","21.99","553","1089","263","1187","12.68","1","0.08","5.93","21.99","358","632","127","2026-04-25"
"48 inch live edge wall shelf","364","20","634","35","5.52","16","80.0","1","6.25","89.99","102.99","0","6","5","1","5.0","0","0.0","89.99",,"0","1","0","0","0.0","0",,,,"0","0","0","2026-04-25"
"16 x 24 wood picture frame","122","38","1042","7","0.67","26","68.42","1","3.85","36.99","45.99","0","2","13","9","23.68","1","11.11","39.19","45.99","0","1","2","2","5.26","0","0.0","33.98",,"0","0","1","2026-04-25"
"no screw wall shelves","805","55","1219","4","0.33","19","34.55","1","5.26","19.99","26.99","7","3","2","1","1.82","0","0.0","15.99",,"0","0","0","0","0.0","0",,,,"0","0","0","2026-04-25"
"18x24 frame rounded corner","172","1","33","2","6.06","10","1000.0","1","10.0","62.99","50.99","0","7","3","2","200.0","1","50.0","50.99","50.99","0","1","1","1","100.0","0","0.0","62.99",,"0","1","0","2026-04-25"
"8x10 frame with mat","372","1430","40667","70","0.17","622","43.5","0","0.0","14.99",,"114","335","111","220","15.38","0","0.0","9.99",,"52","110","33","88","6.15","0","0.0","7.98",,"26","43","14","2026-04-25"
"8 foot floating shelf live edge","968","2","40","2","5.0","2","100.0","1","50.0","18.95","131.99","0","0","1","0","0.0","0",,,,"0","0","0","0","0.0","0",,,,"0","0","0","2026-04-25"
"photo frames for wall","479","4171","103675","15","0.01","1292","30.98","1","0.08","22.99","67.99","188","569","211","320","7.67","0","0.0","21.63",,"58","149","51","43","1.03","0","0.0","21.63",,"16","17","5","2026-04-25"
"deep floating shelves","301","1086","30806","92","0.3","493","45.4","0","0.0","39.82",,"20","214","168","48","4.42","0","0.0","39.82",,"2","19","17","6","0.55","0","0.0","29.99",,"1","3","2","2026-04-25"
"wall shelves for books","361","652","17650","36","0.2","279","42.79","1","0.36","29.97","72.99","24","121","70","53","8.13","0","0.0","29.97",,"3","23","13","5","0.77","0","0.0","39.99",,"0","2","1","2026-04-25"
"24x36 glass frame","553","93","2398","11","0.46","56","60.22","1","1.79","69.99","78.99","0","11","26","14","15.05","0","0.0","69.99",,"0","3","8","6","6.45","0","0.0","69.99",,"0","2","3","2026-04-25"
"wall storage","341","6185","154802","40","0.03","1709","27.63","1","0.06","25.49","48.99","277","699","325","451","7.29","0","0.0","20.99",,"89","207","73","55","0.89","0","0.0","16.99",,"14","26","11","2026-04-25"
"artwork frames for kids art","28","637","15224","4","0.03","367","57.61","1","0.27","21.99","20.99","57","209","69","113","17.74","1","0.88","21.99","20.99","13","69","23","37","5.81","1","2.7","21.99","20.99","5","26","5","2026-04-25"
"24x36 mat board for 18x24 pictures","177","11","225","2","0.89","3","27.27","1","33.33","33.99","81.99","0","2","0","1","9.09","1","100.0","81.99","81.99","0","1","0","0","0.0","0",,,,"0","0","0","2026-04-25"
"8-9in off wall shelf","581","6","132","10","7.58","1","16.67","1","100.0","24.99","24.99","0","0","1","0","0.0","0",,,,"0","0","0","0","0.0","0",,,,"0","0","0","2026-04-25"
"live edge floating shelf","218","297","8024","217","2.7","141","47.47","2","1.42","84.99","94.99","1","45","39","15","5.05","0","0.0","65.99",,"0","4","7","1","0.34","0","0.0","99.99",,"0","0","1","2026-04-25"
"wall mounted shelving for boys bedroom heavy duty","930","4","83","3","3.61","3","75.0","1","33.33","105.99","51.99","0","0","2","0","0.0","0",,,,"0","0","0","0","0.0","0",,,,"0","0","0","2026-04-25"
"white shelf","73","7908","199166","307","0.15","2534","32.04","3","0.12","47.99","48.99","142","783","484","817","10.33","0","0.0","47.99",,"44","251","158","66","0.83","0","0.0","23.97",,"13","35","6","2026-04-25"
"walnut floating shelf","400","446","12502","27","0.22","166","37.22","1","0.6","49.99","94.99","6","56","46","45","10.09","0","0.0","37.97",,"1","17","15","9","2.02","0","0.0","34.99",,"0","2","5","2026-04-25"
"picture frames collage wall decor","308","10580","259442","14","0.01","3354","31.7","2","0.06","26.99","20.99","322","1481","690","951","8.99","0","0.0","24.99",,"112","467","183","135","1.28","0","0.0","23.73",,"12","86","21","2026-04-25"
"small shelf for wall","220","4044","106492","220","0.21","1569","38.8","1","0.06","14.99","24.99","209","827","239","345","8.53","0","0.0","13.59",,"51","185","52","109","2.7","0","0.0","11.99",,"19","58","21","2026-04-25"
"wall+book+shelf+22+inch+wide+9+inch+deep","530","4","240","12","5.0","2","50.0","1","50.0","24.99","24.99","0","0","2","0","0.0","0",,,,"0","0","0","0","0.0","0",,,,"0","0","0","2026-04-25"
"22x28 poster frame","951","815","22467","39","0.17","334","40.98","0","0.0","29.99",,"3","98","134","147","18.04","0","0.0","29.99",,"1","39","58","58","7.12","0","0.0","29.99",,"1","21","23","2026-04-25"
"gold industrial pipe shelves","904","7","162","3","1.85","5","71.43","1","20.0","79.99","44.99","0","0","5","0","0.0","0",,,,"0","0","0","0","0.0","0",,,,"0","0","0","2026-04-25"
"27x40 inch poster frame","373","2175","53374","33","0.06","921","42.34","1","0.11","47.99","27.99","1","184","258","353","16.23","0","0.0","47.99",,"0","72","108","124","5.7","0","0.0","47.99",,"0","27","50","2026-04-25"
"48 in wood floating shelf","737","7","152","6","3.95","10","142.86","1","10.0","85.99","114.99","0","0","10","1","14.29","0","0.0","85.99",,"0","0","1","0","0.0","0",,,,"0","0","0","2026-04-25"
"shelves that come out 12”","315","3","66","12","18.18","2","66.67","2","100.0","26.99","26.99","0","1","0","0","0.0","0",,,,"0","0","0","0","0.0","0",,,,"0","0","0","2026-04-25"
"wood shelf for wall","81","1035","27527","42","0.15","352","34.01","2","0.57","27.82","24.99","37","141","66","57","5.51","1","1.75","25.64","24.99","6","25","11","9","0.87","0","0.0","16.99",,"2","5","1","2026-04-25"
"wood wall shelf","264","1173","32776","118","0.36","362","30.86","0","0.0","28.49",,"25","116","74","51","4.35","0","0.0","27.18",,"5","19","10","7","0.6","0","0.0","19.99",,"1","4","1","2026-04-25"
"24x30 frame with mat","72","237","8065","132","1.64","76","32.07","1","1.32","56.69","73.99","0","14","33","12","5.06","1","8.33","43.97","73.99","0","1","6","2","0.84","0","0.0","29.9",,"0","1","1","2026-04-25"
"heavy duty white shelves with brackets","845","2","44","4","9.09","2","100.0","1","50.0","27.99","72.99","0","0","1","1","50.0","0","0.0","27.99",,"0","0","1","0","0.0","0",,,,"0","0","0","2026-04-25"
"walnut frame eith mat opening 8” x 12”","165","3","66","3","4.55","2","66.67","1","50.0","28.99","28.99","0","0","1","2","66.67","1","50.0","28.99","28.99","0","0","1","1","33.33","0","0.0","37.99",,"0","0","1","2026-04-25"
"18 by 8 black shelf","641","4","88","8","9.09","1","25.0","1","100.0","44.99","44.99","0","0","0","0","0.0","0",,,,"0","0","0","0","0.0","0",,,,"0","0","0","2026-04-25"
"8 inch deep metal floating shelf","937","4","89","3","3.37","1","25.0","1","100.0",,,"0","0","0","0","0.0","0",,,,"0","0","0","0","0.0","0",,,,"0","0","0","2026-04-25"
"two wood floating shelves","337","17","349","4","1.15","12","70.59","2","16.67","62.99","114.99","0","6","4","3","17.65","0","0.0","63.99",,"0","2","1","0","0.0","0",,,,"0","0","0","2026-04-25"
"24 x 36 floating oak wood frame for canvas","179","2","120","2","1.67","2","100.0","1","50.0","83.99","83.99","0","2","0","1","50.0","1","100.0","83.99","83.99","0","1","0","0","0.0","0",,,,"0","0","0","2026-04-25"
"floating shelf live edge","917","65","1716","40","2.33","20","30.77","0","0.0","84.99",,"0","10","3","2","3.08","0","0.0","80.99",,"0","1","1","0","0.0","0",,,,"0","0","0","2026-04-25"
"floating wood shelves wall mounted","101","170","3513","25","0.71","71","41.76","1","1.41","29.99","94.99","14","22","16","10","5.88","1","10.0","26.99","94.99","3","2","1","3","1.76","0","0.0","26.99",,"2","0","0","2026-04-25"
"real wood picture frames 18x24","143","3","65","4","6.15","2","66.67","1","50.0","45.99","50.99","0","2","0","2","66.67","1","50.0","45.99","50.99","0","2","0","0","0.0","0",,,,"0","0","0","2026-04-25"
"heavy duty wall mount shelf","502","63","1838","14","0.76","16","25.4","1","6.25","75.99","89.99","0","8","4","3","4.76","0","0.0","138.99",,"0","0","1","0","0.0","0",,,,"0","0","0","2026-04-25"
"wood wall mounted shelf","984","25","538","2","0.37","11","44.0","1","9.09","29.99","26.99","0","3","6","2","8.0","0","0.0","31.99",,"0","2","0","0","0.0","0",,,,"0","0","0","2026-04-25"
"heavy duty floating shelf","300","320","9298","55","0.59","122","38.13","1","0.82","39.82","72.99","11","43","38","11","3.44","0","0.0","39.82",,"1","5","3","0","0.0","0",,,,"0","0","0","2026-04-25"
"solid wood picture frame","932","91","2321","3","0.13","29","31.87","1","3.45","20.98","13.99","3","11","12","5","5.49","0","0.0","20.99",,"0","2","2","0","0.0","0",,,,"0","0","0","2026-04-25"
"wall shelf floating 7” wood","966","2","44","2","4.55","1","50.0","1","100.0","24.99","24.99","0","0","0","0","0.0","0",,,,"0","0","0","0","0.0","0",,,,"0","0","0","2026-04-25"
"36 x 48 walnut frame","887","3","64","3","4.69","1","33.33","1","100.0","83.99","83.99","0","0","1","0","0.0","0",,,,"0","0","0","0","0.0","0",,,,"0","0","0","2026-04-25"
"shelves bigger than 14 inches by 10 in deep","191","6","123","1","0.81","9","150.0","1","11.11","26.99","26.99","0","7","2","2","33.33","1","50.0","26.99","26.99","0","1","1","0","0.0","0",,,,"0","0","0","2026-04-25"
"folding shelf wall mount","956","12","448","2","0.45","5","41.67","1","20.0","24.99","24.99","0","2","1","0","0.0","0",,,,"0","0","0","0","0.0","0",,,,"0","0","0","2026-04-25"
"hanging book shelf for wall","646","125","2992","8","0.27","47","37.6","1","2.13","28.99","26.99","0","30","10","14","11.2","0","0.0","27.96",,"0","10","3","3","2.4","0","0.0","24.95",,"0","3","0","2026-04-25"
"rounded edge wood floating shelves","483","8","177","15","8.47","5","62.5","1","20.0","104.49","112.99","0","3","0","0","0.0","0",,,,"0","0","0","0","0.0","0",,,,"0","0","0","2026-04-25"
"24x36 frame","381","9010","247614","31","0.01","3164","35.12","1","0.03","42.99","83.99","15","796","1006","1020","11.32","0","0.0","42.75",,"0","282","334","319","3.54","0","0.0","42.49",,"0","108","114","2026-04-25"
"rustic wood floating shelf with metal brackets","750","1","22","5","22.73","1","100.0","1","100.0","63.99","63.99","0","0","0","0","0.0","0",,,,"0","0","0","0","0.0","0",,,,"0","0","0","2026-04-25"
"weight bearing shelves 12 inch depth","973","1","60","2","3.33","3","300.0","1","33.33","63.99","63.99","0","0","0","0","0.0","0",,,,"0","0","0","0","0.0","0",,,,"0","0","0","2026-04-25"
"wooden picture frames 8x10","387","439","13401","30","0.22","155","35.31","1","0.65","17.99","17.99","18","85","28","52","11.85","0","0.0","17.99",,"6","27","9","11","2.51","0","0.0","16.99",,"0","6","3","2026-04-25"
"light wood floating shelves","405","515","13835","63","0.46","283","54.95","0","0.0","34.99",,"7","139","74","57","11.07","0","0.0","27.99",,"1","27","20","6","1.17","0","0.0","27.99",,"0","3","3","2026-04-25"
"solid wood shelves 50 invh","812","2","44","4","9.09","5","250.0","1","20.0","102.99","102.99","0","0","4","0","0.0","0",,,,"0","0","0","0","0.0","0",,,,"0","0","0","2026-04-25"
"waterproof floating shelf heavy duty","661","6","127","7","5.51","1","16.67","1","100.0","94.99","94.99","0","1","0","0","0.0","0",,,,"0","0","0","0","0.0","0",,,,"0","0","0","2026-04-25"
"floating shelves 8 inches deep","221","172","4199","109","2.6","104","60.47","4","3.85","28.99","48.99","3","44","38","9","5.23","0","0.0","29.97",,"1","5","2","2","1.16","0","0.0","19.94",,"0","2","0","2026-04-25"
"8x 10 frame no mat real glass","535","6","360","12","3.33","4","66.67","1","25.0","17.99","17.99","0","0","3","1","16.67","0","0.0","19.99",,"0","0","1","1","16.67","0","0.0","19.99",,"0","0","1","2026-04-25"
"thin wood picture frame","494","37","1257","14","1.11","22","59.46","1","4.55","28.99","47.99","0","11","9","2","5.41","0","0.0","9.99",,"0","2","0","0","0.0","0",,,,"0","0","0","2026-04-25"
"12x24 picture frame","848","963","23848","4","0.02","440","45.69","1","0.23","21.99","47.99","2","112","146","169","17.55","0","0.0","21.99",,"1","53","67","68","7.06","0","0.0","21.99",,"0","31","25","2026-04-25"
"16 x20 matted 11x14 picture frame","903","3","99","3","3.03","3","100.0","1","33.33","26.99","20.99","0","2","1","0","0.0","0",,,,"0","0","0","0","0.0","0",,,,"0","0","0","2026-04-25"
"small shelves for wall","319","1462","39235","47","0.12","562","38.44","1","0.18","16.99","24.99","80","298","71","128","8.76","0","0.0","16.71",,"15","76","16","33","2.26","0","0.0","16.99",,"3","21","6","2026-04-25"
"wall shelf 8 inch deep","552","63","1598","48","3.0","35","55.56","0","0.0","29.97",,"4","11","15","4","6.35","0","0.0","21.29",,"1","1","2","0","0.0","0",,,,"0","0","0","2026-04-25"
"36x24 frame matted","949","2","120","2","1.67","1","50.0","1","100.0","83.99","83.99","0","0","0","0","0.0","0",,,,"0","0","0","0","0.0","0",,,,"0","0","0","2026-04-25"
"frames","406","26817","758674","63","0.01","6205","23.14","0","0.0","19.99",,"1073","2925","965","1810","6.75","0","0.0","19.7",,"367","888","253","554","2.07","0","0.0","16.99",,"147","273","83","2026-04-25"
"22x28 frame with 18x24 opening mat","112","4","240","12","5.0","4","100.0","1","25.0","59.99","64.99","0","3","1","1","25.0","1","100.0","64.99","64.99","0","1","0","0","0.0","0",,,,"0","0","0","2026-04-25"
"22x28 mat for 18x24 picture","676","22","623","7","1.12","4","18.18","1","25.0","32.99","64.99","0","0","1","2","9.09","0","0.0","32.99",,"0","0","0","0","0.0","0",,,,"0","0","0","2026-04-25"
"20x30 picture frames for wall with glass","859","6","122","3","2.46","5","83.33","1","20.0","56.69","55.99","0","2","3","1","16.67","0","0.0","79.0",,"0","0","1","0","0.0","0",,,,"0","0","0","2026-04-25"
"8x11 picture frame","23","3591","96230","7","0.01","1436","39.99","1","0.07","6.99","21.99","237","834","225","731","20.36","1","0.14","5.99","21.99","131","423","99","358","9.97","1","0.28","5.99","21.99","65","224","43","2026-04-25"
"solid wood live edge floating shelves 9 x 36","840","2","44","4","9.09","2","100.0","1","50.0","114.99","114.99","0","0","1","0","0.0","0",,,,"0","0","0","0","0.0","0",,,,"0","0","0","2026-04-25"
"6x8 frame with stand","35","2","66","2","3.03","1","50.0","1","100.0","16.99","16.99","0","1","0","1","50.0","1","100.0","16.99","16.99","0","1","0","1","50.0","1","100.0","16.99","16.99","0","1","0","2026-04-25"
"wood shelf for exercise room","171","4","114","2","1.75","1","25.0","1","100.0","89.99","89.99","0","0","1","1","25.0","1","100.0","89.99","89.99","0","0","1","0","0.0","0",,,,"0","0","0","2026-04-25"
"aesthetic photo frames 24x36","914","3","66","3","4.55","3","100.0","1","33.33","83.99","83.99","0","0","3","0","0.0","0",,,,"0","0","0","0","0.0","0",,,,"0","0","0","2026-04-25"
"glass spacer, photos and glass","780","2","120","4","3.33","2","100.0","1","50.0","48.95","81.99","0","0","0","0","0.0","0",,,,"0","0","0","0","0.0","0",,,,"0","0","0","2026-04-25"
"frames 8x10","273","5341","146599","36","0.02","1951","36.53","2","0.1","15.99","17.99","403","963","322","744","13.93","0","0.0","15.99",,"194","356","107","311","5.82","0","0.0","14.68",,"111","143","34","2026-04-25"
"floating book shelves for wall 10inch depth","655","8","177","7","3.95","4","50.0","1","25.0","24.99","24.99","3","1","0","0","0.0","0",,,,"0","0","0","0","0.0","0",,,,"0","0","0","2026-04-25"
"￼live edge floating shelves 36 inches wide 12 inches deep","416","8","176","24","13.64","8","100.0","1","12.5","114.99","114.99","0","5","0","0","0.0","0",,,,"0","0","0","0","0.0","0",,,,"0","0","0","2026-04-25"
"5x7 light oak wood picture frame","893","3","180","3","1.67","1","33.33","1","100.0","14.99","14.99","0","0","0","0","0.0","0",,,,"0","0","0","0","0.0","0",,,,"0","0","0","2026-04-25"
"8x10 picture frame with glass front","150","30","1092","3","0.27","16","53.33","1","6.25","16.99","17.99","0","11","2","4","13.33","1","25.0","15.88","17.99","0","1","1","1","3.33","0","0.0","15.88",,"0","0","1","2026-04-25"
"12 inch wide kitchen shelves for plates","636","6","122","8","6.56","2","33.33","1","50.0","78.99","78.99","0","0","0","0","0.0","0",,,,"0","0","0","0","0.0","0",,,,"0","0","0","2026-04-25"
"cute wall shelves sturdy","796","9","198","4","2.02","3","33.33","1","33.33","24.99","24.99","0","1","1","1","11.11","0","0.0","28.95",,"0","0","1","0","0.0","0",,,,"0","0","0","2026-04-25"
"8.5x14 matted frame","954","15","403","2","0.5","10","66.67","1","10.0","15.99","25.99","0","0","7","2","13.33","0","0.0","9.99",,"0","0","2","2","13.33","0","0.0","9.99",,"0","0","2","2026-04-25"
"floating shelves 36 inch long","43","1","22","1","4.55","1","100.0","1","100.0","114.99","114.99","0","0","1","1","100.0","1","100.0","114.99","114.99","0","0","1","1","100.0","1","100.0","114.99","114.99","0","0","1","2026-04-25"
"22x28 frame","6","1892","52378","405","0.77","835","44.13","5","0.6","33.99","64.99","6","219","310","299","15.8","1","0.33","31.99","64.99","4","84","114","108","5.71","1","0.93","32.29","64.99","2","31","44","2026-04-25"
"25 by 8 inch wall shelf","855","2","44","4","9.09","2","100.0","1","50.0","27.99","27.99","0","0","0","0","0.0","0",,,,"0","0","0","0","0.0","0",,,,"0","0","0","2026-04-25"
"picture frame 16x24","556","314","9386","11","0.12","116","36.94","1","0.86","24.99","47.99","5","35","43","35","11.15","0","0.0","24.99",,"1","14","11","11","3.5","0","0.0","24.72",,"0","8","1","2026-04-25"
"wooden 8x10 picture frames","411","1050","22807","24","0.11","416","39.62","1","0.24","16.99","17.99","46","245","73","172","16.38","0","0.0","14.79",,"20","105","31","76","7.24","0","0.0","12.99",,"16","43","12","2026-04-25"
"8x10 photo matt for 16x20 frame","748","25","522","5","0.96","7","28.0","1","14.29","35.49","28.99","0","2","1","3","12.0","0","0.0","20.69",,"0","1","0","0","0.0","0",,,,"0","0","0","2026-04-25"
"floating bookshelf","276","3979","97340","109","0.11","1583","39.78","0","0.0","26.99",,"188","754","313","361","9.07","0","0.0","24.95",,"45","176","67","56","1.41","0","0.0","20.99",,"9","32","8","2026-04-25"
"book shelf wide","186","350","10096","2","0.02","111","31.71","1","0.9","99.99","26.99","0","12","20","12","3.43","1","8.33","94.99","26.99","0","2","2","1","0.29","0","0.0","39.39",,"0","1","0","2026-04-25"
"48 inch live edge floating shelf","263","36","837","82","9.8","28","77.78","1","3.57","97.99","102.99","0","4","13","1","2.78","0","0.0","79.99",,"0","0","1","0","0.0","0",,,,"0","0","0","2026-04-25"
"floating shelves 2” height 8” deep","674","9","186","7","3.76","12","133.33","1","8.33","57.99","89.99","0","2","7","0","0.0","0",,,,"0","0","0","0","0.0","0",,,,"0","0","0","2026-04-25"
"3 32x 12 shelves","634","3","66","8","12.12","2","66.67","1","50.0","47.49","63.99","0","0","1","0","0.0","0",,,,"0","0","0","0","0.0","0",,,,"0","0","0","2026-04-25"
"mounted shelves","382","583","15438","31","0.2","170","29.16","1","0.59","25.49","26.99","25","63","34","25","4.29","0","0.0","26.99",,"4","12","2","4","0.69","0","0.0","16.71",,"0","3","0","2026-04-25"
"wood shelf 24x8 with bracket","652","2","44","7","15.91","1","50.0","1","100.0","44.99","44.99","0","1","0","0","0.0","0",,,,"0","0","0","0","0.0","0",,,,"0","0","0","2026-04-25"
"8inch black wood shelves","818","2","40","4","10.0","1","50.0","1","100.0","24.99","24.99","0","0","0","0","0.0","0",,,,"0","0","0","0","0.0","0",,,,"0","0","0","2026-04-25"
"small shelf","59","12678","330932","239","0.07","3889","30.68","2","0.05","24.0","24.99","428","1676","816","768","6.06","1","0.13","21.99","24.99","94","344","170","151","1.19","0","0.0","19.99",,"35","81","21","2026-04-25"
"18” wood floating shelf","569","11","245","10","4.08","23","209.09","1","4.35","65.99","94.99","0","4","15","0","0.0","0",,,,"0","0","0","0","0.0","0",,,,"0","0","0","2026-04-25"
"wall bookshelves","7","955","26160","103","0.39","318","33.3","2","0.63","29.97","26.99","21","153","71","54","5.65","2","3.7","24.98","26.99","6","29","11","7","0.73","1","14.29","26.99","26.99","1","4","2","2026-04-25"
"60 inch live edge floating shelf","227","61","1366","121","8.86","26","42.62","3","11.54","132.99","131.99","0","2","6","0","0.0","0",,,,"0","0","0","0","0.0","0",,,,"0","0","0","2026-04-25"
"16x24 frame","239","9814","241534","94","0.04","4142","42.21","2","0.05","24.99","45.99","220","1406","1430","1861","18.96","0","0.0","24.35",,"102","636","650","689","7.02","0","0.0","22.99",,"54","246","247","2026-04-25"
"16x28 frame","440","214","5511","19","0.34","78","36.45","1","1.28","35.25","47.99","0","14","22","12","5.61","0","0.0","31.98",,"0","1","7","6","2.8","0","0.0","31.98",,"0","1","3","2026-04-25"
"buy boder for a picture","684","2","40","6","15.0","1","50.0","1","100.0","53.99","53.99","0","0","1","0","0.0","0",,,,"0","0","0","0","0.0","0",,,,"0","0","0","2026-04-25"
"shelf boards 12 inch deep","318","188","5238","85","1.62","65","34.57","0","0.0","22.99",,"4","15","7","4","2.13","0","0.0","29.99",,"1","1","0","2","1.06","0","0.0","29.99",,"1","1","0","2026-04-25"
"wood grain floating shelves for wall","751","19","423","5","1.18","10","52.63","1","10.0","26.99","24.99","2","1","3","1","5.26","0","0.0","17.09",,"1","0","0","1","5.26","0","0.0","17.09",,"1","0","0","2026-04-25"
"oak picture frames 8x10","410","97","2596","25","0.96","32","32.99","1","3.13","17.99","17.99","3","22","6","9","9.28","0","0.0","17.99",,"3","6","0","2","2.06","0","0.0","9.99",,"1","1","0","2026-04-25"
"toffee wood color flooting ahelvees","566","10","220","10","4.55","9","90.0","1","11.11","54.99","112.99","0","5","1","1","10.0","0","0.0","54.99",,"0","0","0","0","0.0","0",,,,"0","0","0","2026-04-25"
"24x8 wall shelves","986","9","200","2","1.0","3","33.33","1","33.33","24.99","24.99","0","1","1","1","11.11","0","0.0","48.99",,"0","0","1","0","0.0","0",,,,"0","0","0","2026-04-25"
"5 inch deep 24 inch long floating shelf","525","10","214","12","5.61","11","110.0","1","9.09","34.82","89.99","0","0","0","1","10.0","0","0.0","49.99",,"0","0","0","0","0.0","0",,,,"0","0","0","2026-04-25"
"kitchen shelf","457","10470","254310","55","0.02","3660","34.96","0","0.0","49.98",,"382","1228","650","672","6.42","0","0.0","47.99",,"78","218","130","98","0.94","0","0.0","39.99",,"15","42","18","2026-04-25"
"18 x 24 wood frame","561","180","5168","11","0.21","91","50.56","1","1.1","31.49","50.99","4","15","42","28","15.56","0","0.0","31.49",,"2","4","14","12","6.67","0","0.0","34.29",,"1","3","6","2026-04-25"
"36 inch floating shelves for kitchen","461","19","419","17","4.06","17","89.47","1","5.88","79.99","112.99","0","1","7","3","15.79","0","0.0","79.99",,"0","1","2","2","10.53","0","0.0","64.79",,"0","0","2","2026-04-25"
"24x28 frame matted to 20x24","758","45","1142","5","0.44","23","51.11","1","4.35","44.99","64.99","0","5","7","5","11.11","0","0.0","32.99",,"0","1","2","3","6.67","0","0.0","36.99",,"0","1","1","2026-04-25"
"slim metal frame 16x20","128","9","267","5","1.87","5","55.56","1","20.0","39.98","43.99","0","0","3","1","11.11","1","100.0","43.99","43.99","0","0","1","0","0.0","0",,,,"0","0","0","2026-04-25"
"b08c2bc2lv","741","523","1894","5","0.26","451","86.23","1","0.22","64.99","28.99","1","18","17","0","0.0","0",,,,"0","0","0","0","0.0","0",,,,"0","0","0","2026-04-25"
"heavy duty wood wall shelf","838","9","193","4","2.07","5","55.56","1","20.0","36.89","26.99","0","1","1","0","0.0","0",,,,"0","0","0","0","0.0","0",,,,"0","0","0","2026-04-25"
"24 x30 picture frame with mat","813","3","66","4","6.06","3","100.0","1","33.33","66.99","73.99","0","0","0","1","33.33","0","0.0","63.99",,"0","0","0","0","0.0","0",,,,"0","0","0","2026-04-25"
"11x14 frame rounded corners","148","7","145","3","2.07","4","57.14","1","25.0","20.99","20.99","1","0","0","2","28.57","1","50.0","17.99","20.99","1","0","0","0","0.0","0",,,,"0","0","0","2026-04-25"
"12x16 wooden picture frames with glass","134","2","120","4","3.33","1","50.0","1","100.0","25.99","25.99","0","1","0","1","50.0","1","100.0","25.99","25.99","0","1","0","0","0.0","0",,,,"0","0","0","2026-04-25"
"scalloped edge frame","135","29","698","4","0.57","9","31.03","1","11.11","25.99","28.99","0","4","3","3","10.34","1","33.33","35.98","28.99","0","2","1","0","0.0","0",,,,"0","0","0","2026-04-25"
"7 inch white shelf","947","6","239","2","0.84","6","100.0","1","16.67","33.99","48.99","0","3","1","0","0.0","0",,,,"0","0","0","0","0.0","0",,,,"0","0","0","2026-04-25"
"heavy duty shelves with brackets","783","4","80","4","5.0","1","25.0","1","100.0","24.99","24.99","0","1","0","0","0.0","0",,,,"0","0","0","0","0.0","0",,,,"0","0","0","2026-04-25"
"vintage frames","496","4161","105903","14","0.01","1421","34.15","1","0.07","22.99","28.99","93","722","316","470","11.3","0","0.0","19.99",,"29","272","89","41","0.99","0","0.0","19.99",,"4","24","10","2026-04-25"
"18x24 photo frame glass","971","8","178","2","1.12","2","25.0","1","50.0","53.99","53.99","0","0","2","0","0.0","0",,,,"0","0","0","0","0.0","0",,,,"0","0","0","2026-04-25"
"flat edge floating shelves","825","1","22","4","18.18","1","100.0","1","100.0","89.99","89.99","0","0","0","0","0.0","0",,,,"0","0","0","0","0.0","0",,,,"0","0","0","2026-04-25"
"8.5 x 6.5 frame","184","22","678","2","0.29","7","31.82","1","14.29","12.79","21.99","1","1","4","1","4.55","1","100.0","21.99","21.99","0","0","1","0","0.0","0",,,,"0","0","0","2026-04-25"
"live edge wood shelf","482","91","2972","52","1.75","30","32.97","0","0.0","80.99",,"0","6","8","0","0.0","0",,,,"0","0","0","0","0.0","0",,,,"0","0","0","2026-04-25"
"رفوف حائط","991","31","619","2","0.32","6","19.35","1","16.67","20.99","26.99","2","1","0","0","0.0","0",,,,"0","0","0","0","0.0","0",,,,"0","0","0","2026-04-25"
"72 inch floating shelf","727","487","12559","43","0.34","232","47.64","0","0.0","127.49",,"1","78","40","23","4.72","0","0.0","125.99",,"0","7","3","4","0.82","0","0.0","107.09",,"0","2","0","2026-04-25"
"heavy duty wood laundry room wall shelf","686","5","111","6","5.41","3","60.0","1","33.33","47.69","65.99","0","0","1","0","0.0","0",,,,"0","0","0","0","0.0","0",,,,"0","0","0","2026-04-25"
"frame 15x20","828","79","2482","4","0.16","29","36.71","1","3.45","21.99","47.99","0","8","13","6","7.59","0","0.0","21.99",,"0","3","1","4","5.06","0","0.0","21.99",,"0","2","1","2026-04-25"
"12 inch floating shelf","99","482","13534","30","0.22","233","48.34","1","0.43","22.99","26.99","23","121","58","33","6.85","1","3.03","17.89","26.99","3","17","10","10","2.07","0","0.0","15.99",,"0","8","2","2026-04-25"
"floating shelves 8 inch 4 feet","602","8","133","9","6.77","4","50.0","1","25.0","38.99","60.99","0","2","0","0","0.0","0",,,,"0","0","0","0","0.0","0",,,,"0","0","0","2026-04-25"
"12x16 frame with mat","267","1318","35035","79","0.23","552","41.88","1","0.18","18.99","25.99","52","250","148","177","13.43","0","0.0","17.99",,"22","87","38","75","5.69","0","0.0","12.76",,"10","36","17","2026-04-25"
"wall shelf for bedroom","246","4025","97194","115","0.12","1256","31.2","1","0.08","23.99","26.99","194","515","267","269","6.68","0","0.0","20.99",,"54","108","49","46","1.14","0","0.0","19.94",,"10","24","4","2026-04-25"
"24x32 frame","444","1011","27902","19","0.07","471","46.59","1","0.21","38.99","73.99","0","141","171","150","14.84","0","0.0","37.99",,"0","43","60","52","5.14","0","0.0","34.99",,"0","17","25","2026-04-25"
"57 inch floating wood shelves love edge","136","2","44","4","9.09","1","50.0","1","100.0","131.99","131.99","0","0","1","1","50.0","1","100.0","131.99","131.99","0","0","1","0","0.0","0",,,,"0","0","0","2026-04-25"
"montauk wood shelves","340","3","24","3","12.5","3","100.0","2","66.67","94.99","94.99","0","2","0","0","0.0","0",,,,"0","0","0","0","0.0","0",,,,"0","0","0","2026-04-25"
"picture frame 24 x 36 dark wood","181","3","73","2","2.74","2","66.67","1","50.0","48.99","75.65","0","0","0","1","33.33","1","100.0","75.65","75.65","0","0","0","0","0.0","0",,,,"0","0","0","2026-04-25"
"wall shelves for bedroom","321","9025","218958","47","0.02","3246","35.97","1","0.03","24.99","26.99","543","1387","628","673","7.46","0","0.0","23.97",,"121","266","126","101","1.12","0","0.0","20.99",,"26","47","17","2026-04-25"
"small floating wood book shelf","679","8","254","7","2.76","6","75.0","1","16.67","37.99",,"0","3","1","0","0.0","0",,,,"0","0","0","0","0.0","0",,,,"0","0","0","2026-04-25"
"12 shelves for wall","435","42","1057","20","1.89","21","50.0","1","4.76","29.99","26.99","2","11","7","1","2.38","0","0.0","39.99",,"0","0","0","0","0.0","0",,,,"0","0","0","2026-04-25"
"12 inch deep floating shelves for wall in dark walnut cherry wood","726","6","198","6","3.03","5","83.33","1","20.0","43.99","26.99","0","0","0","0","0.0","0",,,,"0","0","0","0","0.0","0",,,,"0","0","0","2026-04-25"
"wall mounted shelf","649","1750","51485","44","0.09","577","32.97","0","0.0","22.99",,"92","232","135","93","5.31","0","0.0","21.99",,"19","47","11","27","1.54","0","0.0","20.8",,"6","13","3","2026-04-25"
"12 x 20 shelf","824","46","1649","4","0.24","23","50.0","1","4.35","28.99","26.99","1","3","10","1","2.17","0","0.0","27.98",,"1","0","0","0","0.0","0",,,,"0","0","0","2026-04-25"
"white modern shelving unit","37","1","23","1","4.35","2","200.0","1","50.0","26.99","26.99","0","2","0","1","100.0","1","100.0","26.99","26.99","0","1","0","1","100.0","1","100.0","26.99","26.99","0","1","0","2026-04-25"
"invisible shelf floating","610","99","2195","9","0.41","30","30.3","1","3.33","19.94","114.99","6","14","4","5","5.05","0","0.0","17.99",,"0","2","1","0","0.0","0",,,,"0","0","0","2026-04-25"
"one wood floating shelf","669","9","184","7","3.8","4","44.44","1","25.0","27.99","131.99","0","3","0","0","0.0","0",,,,"0","0","0","0","0.0","0",,,,"0","0","0","2026-04-25"
"1612 shelves","746","5","90","5","5.56","4","80.0","1","25.0","26.99","26.99","0","4","0","1","20.0","0","0.0","45.99",,"0","1","0","0","0.0","0",,,,"0","0","0","2026-04-25"
"22x28 glass picture frame","704","3","66","6","9.09","3","100.0","1","33.33","57.99","64.99","0","0","1","0","0.0","0",,,,"0","0","0","0","0.0","0",,,,"0","0","0","2026-04-25"
"31.5 floating shelf","920","5","102","3","2.94","2","40.0","1","50.0","25.95","27.99","0","0","0","1","20.0","0","0.0","25.95",,"0","0","0","0","0.0","0",,,,"0","0","0","2026-04-25"
"solid wood long wall shelf","612","7","415","9","2.17","3","42.86","1","33.33","78.99","78.99","0","0","0","0","0.0","0",,,,"0","0","0","0","0.0","0",,,,"0","0","0","2026-04-25"
"8.5 by 11 table top","910","3","66","3","4.55","3","100.0","1","33.33","32.99","19.99","0","3","0","1","33.33","0","0.0","32.99",,"0","1","0","1","33.33","0","0.0","32.99",,"0","1","0","2026-04-25"
"heavy duty floating decorative shelf white","190","1","20","1","5.0","1","100.0","1","100.0","26.99","26.99","0","1","0","1","100.0","1","100.0","26.99","26.99","0","1","0","0","0.0","0",,,,"0","0","0","2026-04-25"
"wall shelf 8 inches deep","105","12","334","17","5.09","4","33.33","1","25.0","19.99",,"0","2","1","1","8.33","1","100.0",,,"0","0","0","0","0.0","0",,,,"0","0","0","2026-04-25"
"7” wide live edge floating shelves","363","12","265","35","13.21","15","125.0","1","6.67","108.14","131.99","0","3","5","0","0.0","0",,,,"0","0","0","0","0.0","0",,,,"0","0","0","2026-04-25"
"gold trim picture frames 8x10","815","8","193","4","2.07","5","62.5","1","20.0","17.99","17.99","1","3","1","1","12.5","0","0.0","21.99",,"0","1","0","0","0.0","0",,,,"0","0","0","2026-04-25"
"20x36 frame with glass","851","3","180","4","2.22","3","100.0","1","33.33","47.99","47.99","0","0","0","0","0.0","0",,,,"0","0","0","0","0.0","0",,,,"0","0","0","2026-04-25"
"hanging book sheleves","666","7","420","7","1.67","7","100.0","1","14.29","19.99","26.99","0","6","1","1","14.29","0","0.0","15.99",,"0","1","0","0","0.0","0",,,,"0","0","0","2026-04-25"
"22x28 frame with 18x24 opening","447","12","514","18","3.5","9","75.0","1","11.11","62.99","64.99","0","6","3","2","16.67","0","0.0","62.99",,"0","1","1","1","8.33","0","0.0","65.54",,"0","0","1","2026-04-25"
"8.5 x 11 matted framed","974","2","66","2","3.03","2","100.0","1","50.0","19.99","19.99","0","0","1","0","0.0","0",,,,"0","0","0","0","0.0","0",,,,"0","0","0","2026-04-25"
"shelves for living room","331","2619","69003","43","0.06","763","29.13","1","0.13","50.34","114.99","50","187","130","146","5.57","0","0.0","50.01",,"12","38","25","8","0.31","0","0.0","35.99",,"0","3","0","2026-04-25"
"floating book shelves for wall","583","7190","170396","47","0.03","3013","41.91","0","0.0","26.99",,"364","1400","702","716","9.96","0","0.0","25.87",,"88","352","144","132","1.84","0","0.0","24.95",,"20","79","26","2026-04-25"
"picture frame matted to 6x8","778","18","723","5","0.69","15","83.33","1","6.67","16.99","16.99","3","5","7","6","33.33","0","0.0","9.99",,"1","4","1","5","27.78","0","0.0","9.99",,"1","3","1","2026-04-25"
"8.5 by 11 picture frame rounded natural wood","846","3","64","4","6.25","4","133.33","1","25.0","22.99","21.99","0","0","1","0","0.0","0",,,,"0","0","0","0","0.0","0",,,,"0","0","0","2026-04-25"
"24x36 wood frame walnut","651","10","298","7","2.35","8","80.0","1","12.5","33.89","28.99","0","0","0","2","20.0","0","0.0","42.99",,"0","0","0","0","0.0","0",,,,"0","0","0","2026-04-25"
"cool 8.5x11 picture frame","981","7","177","2","1.13","3","42.86","1","33.33","19.99","21.99","0","1","1","1","14.29","0","0.0","19.99",,"0","0","1","0","0.0","0",,,,"0","0","0","2026-04-25"
"36 inch floating shelf single","524","35","1029","12","1.17","18","51.43","1","5.56","39.99","112.99","0","2","6","2","5.71","0","0.0","30.99",,"0","1","0","2","5.71","0","0.0","30.99",,"0","1","0","2026-04-25"
"4ftx 18 in white shelf for wall","915","3","60","3","5.0","2","66.67","1","50.0","39.94","72.99","0","0","0","0","0.0","0",,,,"0","0","0","0","0.0","0",,,,"0","0","0","2026-04-25"
"floating book shelf wood corner","228","1","60","6","10.0","12","1200.0","6","50.0","89.99","114.99","0","1","7","0","0.0","0",,,,"0","0","0","0","0.0","0",,,,"0","0","0","2026-04-25"
"repisas pequeñas para pared","157","65","1376","3","0.22","30","46.15","1","3.33","20.99","26.99","2","9","3","4","6.15","1","25.0","16.71","26.99","1","2","0","1","1.54","0","0.0","22.99",,"0","1","0","2026-04-25"
"2 pack floating shelves live edge light","425","13","289","22","7.61","11","84.62","1","9.09","93.99","114.99","0","0","5","0","0.0","0",,,,"0","0","0","0","0.0","0",,,,"0","0","0","2026-04-25"
"6x8 photo frame","503","167","4993","14","0.28","66","39.52","1","1.52","9.99","16.99","2","39","17","16","9.58","0","0.0","7.99",,"0","11","4","5","2.99","0","0.0","6.79",,"0","4","1","2026-04-25"
"12x48 white shelf for wall","635","5","101","8","7.92","7","140.0","1","14.29","65.99","72.99","0","0","0","1","20.0","0","0.0","65.99",,"0","0","0","0","0.0","0",,,,"0","0","0","2026-04-25"
"floating bookshelves","445","1608","47020","56","0.12","698","43.41","0","0.0","27.99",,"63","306","181","125","7.77","0","0.0","26.99",,"13","59","29","20","1.24","0","0.0","24.95",,"4","10","5","2026-04-25"
"hanging shelves for wall","565","2084","54461","10","0.02","779","37.38","1","0.13","23.97","48.99","115","329","144","136","6.53","0","0.0","23.99",,"21","54","28","29","1.39","0","0.0","20.99",,"9","9","4","2026-04-25"
"picture frames 18x24 with mat","858","26","945","4","0.42","14","53.85","1","7.14","51.99","67.99","1","7","5","5","19.23","0","0.0","29.99",,"1","1","3","3","11.54","0","0.0","25.49",,"1","1","1","2026-04-25"
"8x10 picture frame wood","611","921","24757","46","0.19","444","48.21","0","0.0","12.99",,"46","259","86","184","19.98","0","0.0","11.98",,"19","111","32","72","7.82","0","0.0","9.99",,"9","50","11","2026-04-25"
"18x24 light oak wood frame with mat","38","3","65","1","1.54","2","66.67","1","50.0","63.99","64.99","0","0","2","1","33.33","1","100.0","64.99","64.99","0","0","1","1","33.33","1","100.0","64.99","64.99","0","0","1","2026-04-25"
"mid century modern wall mounted book shelf ondulated","582","3","99","10","10.1","2","66.67","1","50.0","28.49","46.99","0","1","0","0","0.0","0",,,,"0","0","0","0","0.0","0",,,,"0","0","0","2026-04-25"
"27x20 picture frame","713","63","1372","6","0.44","31","49.21","1","3.23","28.49","64.99","0","9","9","16","25.4","0","0.0","28.49",,"0","5","3","4","6.35","0","0.0","24.99",,"0","2","0","2026-04-25"
"floating book shelves for wall 20 in","895","3","66","3","4.55","2","66.67","1","50.0","24.24","24.24","0","0","2","0","0.0","0",,,,"0","0","0","0","0.0","0",,,,"0","0","0","2026-04-25"
"floating shelf","77","29575","792302","336","0.04","10887","36.81","2","0.02","23.99","89.99","1869","4424","2240","1716","5.8","0","0.0","20.99",,"314","716","326","450","1.52","0","0.0","19.99",,"111","229","62","2026-04-25"
"frames for canvas paintings","608","1298","35772","9","0.03","439","33.82","1","0.23","22.99","20.99","16","162","159","44","3.39","0","0.0","21.99",,"4","16","19","7","0.54","0","0.0","21.99",,"0","3","2","2026-04-25"
"22 x28 frame","659","14","640","7","1.09","11","78.57","1","9.09","34.99","64.99","0","3","7","3","21.43","0","0.0","34.99",,"0","0","3","1","7.14","0","0.0","34.99",,"0","0","1","2026-04-25"
"floating shelf greige 12 inch deep","728","19","421","6","1.43","21","110.53","1","4.76","39.99","28.99","0","4","10","2","10.53","0","0.0","24.99",,"0","0","1","0","0.0","0",,,,"0","0","0","2026-04-25"
"set of 2: rustic modern round floating shelves with heavy-duty paulownia wood & industrial pipe brackets - wall-mounted shelving suitable for bedroom, bathroom, living room - install, space-saving display rack (books, photos, decor)","163","4","75","3","4.0","2","50.0","1","50.0","23.98","24.99","0","0","0","1","25.0","1","100.0","24.99","24.99","0","0","0","0","0.0","0",,,,"0","0","0","2026-04-25"
"solid wood shelf board","591","63","2234","46","2.06","35","55.56","0","0.0","40.04",,"0","8","10","1","1.59","0","0.0","149.99",,"0","0","0","0","0.0","0",,,,"0","0","0","2026-04-25"
"floating shelves light wood","438","182","4458","19","0.43","85","46.7","1","1.18","31.99","114.99","4","42","22","20","10.99","0","0.0","26.99",,"2","8","7","3","1.65","0","0.0","26.99",,"0","2","1","2026-04-25"
"wood shelf l-brackets","809","12","245","4","1.63","6","50.0","1","16.67","39.95","112.99","0","0","0","1","8.33","0","0.0","39.95",,"0","0","0","0","0.0","0",,,,"0","0","0","2026-04-25"
"frames with mat","459","146","4177","17","0.41","49","33.56","1","2.04","19.99","25.99","14","19","10","17","11.64","0","0.0","15.99",,"9","5","2","7","4.79","0","0.0","7.98",,"6","1","0","2026-04-25"
"11x14 oak frame","17","47","1432","12","0.84","19","40.43","1","5.26","14.99","20.99","0","15","4","8","17.02","1","12.5","14.99","20.99","0","5","3","5","10.64","1","20.0","20.99","20.99","0","4","1","2026-04-25"
"12x10 floating shelf","402","46","1105","26","2.35","31","67.39","1","3.23","22.49","26.99","0","16","13","2","4.35","0","0.0","22.49",,"0","0","1","1","2.17","0","0.0","22.77",,"0","0","0","2026-04-25"
"20x24 rustic wood frame","624","13","278","8","2.88","7","53.85","1","14.29","48.99","43.99","0","1","2","3","23.08","0","0.0","56.98",,"0","1","0","1","7.69","0","0.0","56.98",,"0","1","0","2026-04-25"
"12x16 picture frame","236","4295","107645","71","0.07","1943","45.24","3","0.15","12.59","25.99","317","938","377","903","21.02","0","0.0","9.99",,"168","446","151","344","8.01","0","0.0","8.99",,"71","187","44","2026-04-25"
"wall shelves for living room","69","3908","99923","122","0.12","1348","34.49","2","0.15","27.99","26.99","194","554","286","204","5.22","1","0.49","25.49","114.99","38","88","38","30","0.77","0","0.0","26.99",,"10","10","7","2026-04-25"
"black book shelf","529","1698","44629","49","0.11","597","35.16","0","0.0","62.58",,"8","127","98","176","10.37","0","0.0","56.0",,"3","35","32","13","0.77","0","0.0","64.35",,"0","5","0","2026-04-25"
"floating shelves","5","135582","3429343","1181","0.03","54772","40.4","6","0.01","24.99","102.99","9540","22115","10642","8972","6.62","1","0.01","22.97","102.99","1694","3635","1607","1727","1.27","0","0.0","20.99",,"507","767","250","2026-04-25"
"lily and faye frames","358","38","646","37","5.73","5","13.16","1","20.0","29.99","20.99","0","2","2","1","2.63","0","0.0","29.99",,"0","0","1","0","0.0","0",,,,"0","0","0","2026-04-25"
"4 x 6 oak picture frame","31","3","180","3","1.67","2","66.67","1","50.0","12.99","12.99","0","2","0","1","33.33","1","100.0","12.99","12.99","0","1","0","1","33.33","1","100.0","12.99","12.99","0","1","0","2026-04-25"
"big 12 inch deep shelves","692","4","89","6","6.74","6","150.0","1","16.67","28.37","26.99","0","3","3","0","0.0","0",,,,"0","0","0","0","0.0","0",,,,"0","0","0","2026-04-25"
"picture frames with mats for pictures 9 x 11","755","30","664","5","0.75","14","46.67","1","7.14","17.99","28.99","6","3","4","0","0.0","0",,,,"0","0","0","0","0.0","0",,,,"0","0","0","2026-04-25"
"36 8 rustic brown shelbes","721","6","132","6","4.55","5","83.33","1","20.0","47.52","47.52","0","0","0","0","0.0","0",,,,"0","0","0","0","0.0","0",,,,"0","0","0","2026-04-25"
"12x16 thin frames","320","9","191","10","5.24","7","77.78","2","28.57","24.99","24.99","0","6","1","0","0.0","0",,,,"0","0","0","0","0.0","0",,,,"0","0","0","2026-04-25"
"book shelf for wall","271","5326","133357","78","0.06","1652","31.02","1","0.06","29.97","26.99","135","709","337","377","7.08","0","0.0","27.97",,"31","176","75","49","0.92","0","0.0","19.99",,"7","32","4","2026-04-25"
"floating live edge shelves","293","86","2250","57","2.53","41","47.67","1","2.44","80.99","94.99","1","20","8","7","8.14","0","0.0","80.74",,"0","4","2","3","3.49","0","0.0","80.74",,"0","2","0","2026-04-25"
"solid oak picture frames","116","12","232","9","3.88","6","50.0","1","16.67","14.99","25.99","0","3","0","2","16.67","1","50.0","14.99","25.99","0","1","0","0","0.0","0",,,,"0","0","0","2026-04-25"
"repisas para baño","802","3817","84784","4","0.0","1548","40.56","1","0.06","24.99","26.99","201","519","228","184","4.82","0","0.0","21.99",,"38","66","22","33","0.86","0","0.0","19.99",,"10","15","3","2026-04-25"
"22x28 wooden picture frame","305","13","376","16","4.26","9","69.23","2","22.22","37.99","64.99","0","1","1","3","23.08","0","0.0","30.99",,"0","0","1","1","7.69","0","0.0","19.46",,"0","0","0","2026-04-25"
"11x14 frame real glass kovascape","20","2","36","10","27.78","1","50.0","1","100.0","20.99","20.99","0","0","1","1","50.0","1","100.0","20.99","20.99","0","0","1","1","50.0","1","100.0","20.99","20.99","0","0","1","2026-04-25"
"matted to 6x8 frames","141","4","88","4","4.55","4","100.0","1","25.0","19.79","16.99","3","1","0","1","25.0","1","100.0","16.99","16.99","0","1","0","0","0.0","0",,,,"0","0","0","2026-04-25"
"11x14 picture frame","233","33219","819438","117","0.01","15148","45.6","2","0.01","9.49","20.99","2886","7975","2479","6597","19.86","0","0.0","7.99",,"1525","3516","928","3027","9.11","0","0.0","6.99",,"809","1675","354","2026-04-25"
"55” live edge floating shelves","417","16","351","60","17.09","17","106.25","0","0.0","118.91",,"0","1","12","0","0.0","0",,,,"0","0","0","0","0.0","0",,,,"0","0","0","2026-04-25"
"wall shelves","87","65524","1676296","233","0.01","22711","34.66","3","0.01","23.99","89.99","3748","9659","4157","4665","7.12","0","0.0","22.99",,"816","2028","801","757","1.16","0","0.0","20.8",,"213","344","107","2026-04-25"
"wall mount shelf white with brackets","45","1","22","1","4.55","1","100.0","1","100.0","26.99","26.99","0","0","1","1","100.0","1","100.0","26.99","26.99","0","0","1","1","100.0","1","100.0","24.29","24.29","0","0","1","2026-04-25"
"36 inch floating shelves","65","1080","29396","286","0.97","577","53.43","6","1.04","56.09","114.99","13","176","225","103","9.54","0","0.0","53.09",,"0","34","42","21","1.94","0","0.0","52.99",,"0","7","10","2026-04-25"
"5x7 wall frame","639","393","11324","8","0.07","179","45.55","1","0.56","11.72","16.99","24","108","30","60","15.27","0","0.0","9.99",,"12","29","14","18","4.58","0","0.0","7.99",,"3","10","4","2026-04-25"
"black shelf rubbermaid 29.9cm x 90.9cm","14","2","84","8","9.52","2","100.0","2","100.0","63.99","63.99","0","1","0","1","50.0","1","100.0","63.99","63.99","0","1","0","1","50.0","1","100.0","63.99","63.99","0","1","0","2026-04-25"
"wall mount bookshelf","84","1257","30959","70","0.23","440","35.0","1","0.23","32.73","26.99","33","175","131","78","6.21","1","1.28","30.98","26.99","8","39","18","6","0.48","0","0.0","27.1",,"1","3","2","2026-04-25"
"wall shelves 8 inches deep","345","66","1862","40","2.15","29","43.94","1","3.45","33.95","24.99","0","16","8","3","4.55","0","0.0","37.97",,"0","2","1","0","0.0","0",,,,"0","0","0","2026-04-25"
"book shelf tall thin","992","9","185","2","1.08","3","33.33","1","33.33","29.99","24.99","0","0","1","0","0.0","0",,,,"0","0","0","0","0.0","0",,,,"0","0","0","2026-04-25"
"welland mission floating shelf 24 inch","207","2","34","1","2.94","1","50.0","1","100.0","94.99","94.99","0","0","1","1","50.0","1","100.0","94.99","94.99","0","0","1","0","0.0","0",,,,"0","0","0","2026-04-25"
"12x16 walnut frame with matte","701","3","180","6","3.33","1","33.33","1","100.0","28.99","28.99","0","1","0","0","0.0","0",,,,"0","0","0","0","0.0","0",,,,"0","0","0","2026-04-25"
"metal and wood floating shelves industrial","493","72","1565","14","0.89","28","38.89","1","3.57","65.99","24.99","1","8","5","2","2.78","0","0.0","17.97",,"1","0","0","0","0.0","0",,,,"0","0","0","2026-04-25"
"black floating shelves 8 inch deep","657","30","604","7","1.16","24","80.0","1","4.17","29.81","24.99","0","4","16","0","0.0","0",,,,"0","0","0","0","0.0","0",,,,"0","0","0","2026-04-25"
"60"" live edge wood shelf board","454","9","174","18","10.34","1","11.11","1","100.0","131.99","131.99","0","0","0","0","0.0","0",,,,"0","0","0","0","0.0","0",,,,"0","0","0","2026-04-25"
"16 ft x 8 shelf","870","3","66","3","4.55","3","100.0","1","33.33","24.99","24.99","0","2","0","0","0.0","0",,,,"0","0","0","0","0.0","0",,,,"0","0","0","2026-04-25"
"deep floating shelf","430","300","8843","59","0.67","117","39.0","0","0.0","29.99",,"10","61","34","19","6.33","0","0.0","29.99",,"1","10","7","6","2.0","0","0.0","27.99",,"1","3","1","2026-04-25"
"floating shelves for wall 36 inche 8 deep","817","2","44","4","9.09","1","50.0","1","100.0","48.99","48.99","0","0","0","0","0.0","0",,,,"0","0","0","0","0.0","0",,,,"0","0","0","2026-04-25"
"27x40 inch poster frame with mat","607","66","1574","9","0.57","41","62.12","1","2.44","56.79","96.99","0","8","6","8","12.12","0","0.0","56.79",,"0","3","2","4","6.06","0","0.0","44.99",,"0","2","1","2026-04-25"
"solid wood floating shelves with metal brackets","26","4","104","4","3.85","2","50.0","1","50.0","24.99","24.99","0","2","0","1","25.0","1","100.0","24.99","24.99","0","1","0","1","25.0","1","100.0","24.99","24.99","0","1","0","2026-04-25"
"24x30 frame matted to 18x24","429","51","1597","22","1.38","81","158.82","1","1.23","63.99","73.99","0","6","35","16","31.37","0","0.0","69.99",,"0","4","6","1","1.96","0","0.0","69.99",,"0","0","1","2026-04-25"
"black wall shelves","48","2018","51665","295","0.57","870","43.11","5","0.57","24.99","24.99","130","382","172","276","13.68","2","0.72","24.99","24.99","40","122","51","41","2.03","0","0.0","22.99",,"9","22","8","2026-04-25"
"4’ shelf gold","121","12","239","7","2.93","4","33.33","1","25.0","30.99","60.99","0","1","1","1","8.33","1","100.0","60.99","60.99","0","0","0","0","0.0","0",,,,"0","0","0","2026-04-25"
"wood shelve","531","62","1668","12","0.72","14","22.58","1","7.14","25.49","89.99","1","7","3","2","3.23","0","0.0","12.82",,"0","2","0","0","0.0","0",,,,"0","0","0","2026-04-25"
"natural wood color shelves","689","7","304","6","1.97","2","28.57","1","50.0","89.99","89.99","0","1","0","1","14.29","0","0.0","169.99",,"0","0","0","0","0.0","0",,,,"0","0","0","2026-04-25"
"art frame 22x28 with mat white","857","4","88","4","4.55","4","100.0","1","25.0","59.99","64.99","0","0","4","1","25.0","0","0.0","59.99",,"0","0","1","0","0.0","0",,,,"0","0","0","2026-04-25"
"wall mount shelf 8in x 26 in","827","4","80","4","5.0","3","75.0","1","33.33","19.99","44.99","0","1","1","0","0.0","0",,,,"0","0","0","0","0.0","0",,,,"0","0","0","2026-04-25"
"12 inch heavy duty shelf","25","3","142","5","3.52","4","133.33","1","25.0","26.99","26.99","0","4","0","1","33.33","1","100.0","26.99","26.99","0","1","0","1","33.33","1","100.0","26.99","26.99","0","1","0","2026-04-25"
"wall mounted wood shelf for porch","352","16","331","2","0.6","5","31.25","2","40.0","28.49","48.99","0","2","0","0","0.0","0",,,,"0","0","0","0","0.0","0",,,,"0","0","0","2026-04-25"
"wood picture frame 8x10","576","67","1766","10","0.57","32","47.76","1","3.13","14.92","17.99","0","16","9","7","10.45","0","0.0","9.99",,"0","6","0","2","2.99","0","0.0","9.99",,"0","2","0","2026-04-25"
"matted picture frames","501","854","21877","14","0.06","295","34.54","1","0.34","24.56","83.99","34","121","94","65","7.61","0","0.0","19.99",,"8","25","15","12","1.41","0","0.0","19.99",,"4","6","1","2026-04-25"
"picture frame for nursery with stand","884","3","54","3","5.56","1","33.33","1","100.0","27.99","27.99","0","0","1","0","0.0","0",,,,"0","0","0","0","0.0","0",,,,"0","0","0","2026-04-25"
"8x10 picture frame","1","66319","1675912","1200","0.07","27774","41.88","11","0.04","12.99","17.99","5177","14743","4620","12857","19.39","4","0.03","9.99","17.99","2917","6864","1885","5877","8.86","1","0.02","8.99","17.99","1592","3177","739","2026-04-25"
"10x14 mat frame rounded wood","999","2","44","2","4.55","1","50.0","1","100.0","45.99","45.99","0","0","0","0","0.0","0",,,,"0","0","0","0","0.0","0",,,,"0","0","0","2026-04-25"
"12 inch deep floating shelves","302","282","7388","54","0.73","156","55.32","1","0.64","50.99","26.99","10","70","47","16","5.67","0","0.0","53.99",,"0","11","2","4","1.42","0","0.0","29.99",,"0","3","1","2026-04-25"
"walnut frame 16x20","108","59","1495","12","0.8","35","59.32","1","2.86","39.59","49.99","0","8","14","16","27.12","1","6.25","33.99","49.99","0","2","9","3","5.08","0","0.0","25.99",,"0","1","1","2026-04-25"
"20x28 picture frame matted natural oak fonish","962","2","44","2","4.55","2","100.0","1","50.0","64.99","64.99","0","0","1","1","50.0","0","0.0","64.99",,"0","0","1","0","0.0","0",,,,"0","0","0","2026-04-25"
"wood floating shelves live edge","754","33","1555","42","2.7","31","93.94","0","0.0","99.99",,"1","1","9","1","3.03","0","0.0","129.69",,"0","0","0","1","3.03","0","0.0","129.69",,"0","0","0","2026-04-25"
"11x14 picture frame with mat","78","5590","147515","402","0.27","2286","40.89","0","0.0","17.99",,"362","1152","455","759","13.58","0","0.0","15.99",,"145","391","131","317","5.67","0","0.0","14.0",,"77","174","35","2026-04-25"
"4 x 6 timeless picture frame","332","7","131","6","4.58","6","85.71","2","33.33","12.99","12.99","0","6","0","0","0.0","0",,,,"0","0","0","0","0.0","0",,,,"0","0","0","2026-04-25"
"5x7 in a 8x10 frame","856","5","110","4","3.64","3","60.0","1","33.33","15.99","17.99","0","2","1","0","0.0","0",,,,"0","0","0","0","0.0","0",,,,"0","0","0","2026-04-25"
"solid wood. shelf 10 inches","467","8","177","16","9.04","5","62.5","1","20.0","71.99","102.99","0","0","2","0","0.0","0",,,,"0","0","0","0","0.0","0",,,,"0","0","0","2026-04-25"
"floating shelf for wall|wood","241","158","3352","50","1.49","76","48.1","3","3.95","29.99","114.99","9","27","25","11","6.96","0","0.0","29.99",,"1","5","4","1","0.63","0","0.0","16.82",,"0","0","0","2026-04-25"
"floating shelves for wall heavy weight","888","49","1155","3","0.26","25","51.02","1","4.0","45.99","24.99","0","11","7","3","6.12","0","0.0","85.49",,"0","1","1","0","0.0","0",,,,"0","0","0","2026-04-25"
"solid walnut shelf","334","25","655","5","0.76","14","56.0","2","14.29","97.99","97.99","0","7","6","0","0.0","0",,,,"0","0","0","0","0.0","0",,,,"0","0","0","2026-04-25"
"22 x 28 picture frame with mat","880","10","255","3","1.18","5","50.0","1","20.0","55.69","53.99","0","0","1","2","20.0","0","0.0","25.99",,"0","0","0","0","0.0","0",,,,"0","0","0","2026-04-25"
"live wood 46” shelf","729","4","89","6","6.74","3","75.0","1","33.33","94.99","102.99","0","0","1","0","0.0","0",,,,"0","0","0","0","0.0","0",,,,"0","0","0","2026-04-25"
"floating shelf 48 x 8 inch deep white","433","13","242","21","8.68","8","61.54","1","12.5","56.99","48.99","0","1","5","2","15.38","0","0.0","38.59",,"0","0","1","1","7.69","0","0.0","56.99",,"0","0","1","2026-04-25"
"live edge floating shelves 12 inches deep","509","16","353","13","3.68","12","75.0","1","8.33","87.99","94.99","0","0","10","0","0.0","0",,,,"0","0","0","0","0.0","0",,,,"0","0","0","2026-04-25"
"wood frame natural","994","10","204","2","0.98","4","40.0","1","25.0","21.86","20.99","0","3","0","0","0.0","0",,,,"0","0","0","0","0.0","0",,,,"0","0","0","2026-04-25"
"microwave shelf wall mount wood","683","23","425","6","1.41","5","21.74","1","20.0","52.24","24.99","0","1","2","0","0.0","0",,,,"0","0","0","0","0.0","0",,,,"0","0","0","2026-04-25"
"wooden diploma frame","892","116","3473","3","0.09","57","49.14","1","1.75","24.99","21.99","3","19","18","16","13.79","0","0.0","18.99",,"2","8","3","2","1.72","0","0.0","8.09",,"0","1","0","2026-04-25"
"12 wood shelves","627","9","238","8","3.36","12","133.33","1","8.33","35.99","26.99","0","2","0","0","0.0","0",,,,"0","0","0","0","0.0","0",,,,"0","0","0","2026-04-25"
"wood wall shelves","377","1340","35156","31","0.09","513","38.28","1","0.19","27.99","51.99","65","237","115","89","6.64","0","0.0","27.82",,"9","41","20","17","1.27","0","0.0","21.99",,"4","9","3","2026-04-25"
"12 inch book display wall shelf","560","15","333","48","14.41","10","66.67","0","0.0","26.99",,"0","7","2","6","40.0","0","0.0","26.99",,"0","4","1","0","0.0","0",,,,"0","0","0","2026-04-25"
"wall picture frame with mat for 16 x 24 picture","590","15","800","9","1.13","21","140.0","1","4.76","42.49","47.99","0","9","7","0","0.0","0",,,,"0","0","0","0","0.0","0",,,,"0","0","0","2026-04-25"
"honey oak floating shelves 36 inch","478","5","110","15","13.64","5","100.0","1","20.0","102.99","112.99","0","0","0","1","20.0","0","0.0","102.99",,"0","0","0","0","0.0","0",,,,"0","0","0","2026-04-25"
"12"" white shelves","385","14","303","30","9.9","9","64.29","1","11.11","26.99","26.99","0","1","7","0","0.0","0",,,,"0","0","0","0","0.0","0",,,,"0","0","0","2026-04-25"
"walnut oversize mat frame 18x24","952","2","120","2","1.67","2","100.0","1","50.0","29.74","53.99","0","0","2","0","0.0","0",,,,"0","0","0","0","0.0","0",,,,"0","0","0","2026-04-25"
"24x30 frame with mat glass","736","4","160","6","3.75","4","100.0","1","25.0","67.99","73.99","0","1","0","0","0.0","0",,,,"0","0","0","0","0.0","0",,,,"0","0","0","2026-04-25"
"wood shelf 12x16","965","2","120","2","1.67","2","100.0","1","50.0","18.99","26.99","0","2","0","1","50.0","0","0.0","18.99",,"0","1","0","0","0.0","0",,,,"0","0","0","2026-04-25"
"floating shelf 8"" depth raised edge","722","3","180","6","3.33","3","100.0","1","33.33","19.99",,"0","2","0","1","33.33","0","0.0","19.99",,"0","1","0","1","33.33","0","0.0","19.99",,"0","1","0","2026-04-25"
"walnut picture frame 8x10","573","50","1400","10","0.71","25","50.0","1","4.0","20.99","17.99","0","12","2","10","20.0","0","0.0","17.99",,"0","6","1","3","6.0","0","0.0","17.99",,"0","3","0","2026-04-25"
"12x16 walnut frame","89","36","1007","14","1.39","15","41.67","2","13.33","24.72","28.99","0","8","4","7","19.44","1","14.29","22.99","28.99","0","4","1","5","13.89","0","0.0","22.99",,"0","2","1","2026-04-25"
"shelf brackets 12 inch","836","2431","67308","4","0.01","875","35.99","1","0.11","27.49","26.18","62","460","190","281","11.56","0","0.0","27.49",,"22","149","65","110","4.52","0","0.0","27.49",,"9","67","25","2026-04-25"
"heavy duty wall shelves","94","621","15681","42","0.27","260","41.87","1","0.38","50.99","72.99","14","69","59","46","7.41","1","2.17","45.99","72.99","3","16","9","7","1.13","0","0.0","27.54",,"3","1","1","2026-04-25"
"48 inch live edge walnut floating shelves","543","4","88","12","13.64","4","100.0","1","25.0","78.99","102.99","0","0","4","0","0.0","0",,,,"0","0","0","0","0.0","0",,,,"0","0","0","2026-04-25"
"walnut frame 26x36","201","1","22","1","4.55","1","100.0","1","100.0","75.65","75.65","0","0","1","1","100.0","1","100.0","75.65","75.65","0","0","1","0","0.0","0",,,,"0","0","0","2026-04-25"
"18x24 matted to 12 x 18 picture frame","784","3","170","4","2.35","3","100.0","1","33.33","44.09","45.99","0","0","1","0","0.0","0",,,,"0","0","0","0","0.0","0",,,,"0","0","0","2026-04-25"
"50” x 10” live edge floating shelves","792","2","44","4","9.09","1","50.0","1","100.0","102.99","102.99","0","0","1","0","0.0","0",,,,"0","0","0","0","0.0","0",,,,"0","0","0","2026-04-25"
"22x14 matted picture frame","902","9","190","3","1.58","6","66.67","1","16.67","26.99","45.99","0","3","1","2","22.22","0","0.0","26.99",,"0","1","0","2","22.22","0","0.0","26.99",,"0","1","0","2026-04-25"
"large shelf for wall","633","232","5956","8","0.13","55","23.71","1","1.82","39.98","24.99","3","12","19","9","3.88","0","0.0","29.99",,"1","6","1","3","1.29","0","0.0","29.99",,"1","2","0","2026-04-25"
"matted to 6 x 8 frame","945","2","40","2","5.0","2","100.0","1","50.0","19.02","20.99","0","0","1","0","0.0","0",,,,"0","0","0","0","0.0","0",,,,"0","0","0","2026-04-25"
"wall shelves no brackets needed","985","2","44","2","4.55","1","50.0","1","100.0","24.99","24.99","0","0","1","0","0.0","0",,,,"0","0","0","0","0.0","0",,,,"0","0","0","2026-04-25"
"modern natural photo frame","630","5","290","8","2.76","4","80.0","1","25.0","24.99","45.99","0","0","3","0","0.0","0",,,,"0","0","0","0","0.0","0",,,,"0","0","0","2026-04-25"
"shelves for kitchen wall","403","529","13804","26","0.19","233","44.05","1","0.43","24.98","24.99","35","94","42","37","6.99","0","0.0","24.99",,"8","15","4","4","0.76","0","0.0","19.99",,"0","2","1","2026-04-25"
"standard size picture frame","901","7","136","3","2.21","5","71.43","1","20.0","18.99","24.99","0","4","0","2","28.57","0","0.0","5.89",,"0","1","0","1","14.29","0","0.0","18.99",,"0","0","0","2026-04-25"
"48 x 12 industrial wall hanging shelf","512","10","560","13","2.32","1","10.0","1","100.0","72.99","72.99","0","0","0","0","0.0","0",,,,"0","0","0","0","0.0","0",,,,"0","0","0","2026-04-25"
"bookshelf wall mount","551","493","13236","48","0.36","137","27.79","0","0.0","29.97",,"11","62","22","26","5.27","0","0.0","29.97",,"4","11","5","6","1.22","0","0.0","17.99",,"1","2","1","2026-04-25"
"live edge floating shelves 60 inches long","90","25","1064","50","4.7","20","80.0","1","5.0","149.99","131.99","0","4","2","1","4.0","1","100.0","131.99","131.99","0","0","0","0","0.0","0",,,,"0","0","0","2026-04-25"
"marcos cuadros para sala","749","5","107","5","4.67","1","20.0","1","100.0","20.99","20.99","0","0","0","0","0.0","0",,,,"0","0","0","0","0.0","0",,,,"0","0","0","2026-04-25"
"shelves for wall","349","6791","171024","39","0.02","2163","31.85","1","0.05","23.99","89.99","294","891","433","539","7.94","0","0.0","20.99",,"88","223","101","85","1.25","0","0.0","19.99",,"26","35","13","2026-04-25"
"floating shelves 12 inches deep","80","379","10695","87","0.81","188","49.6","1","0.53","44.99","78.99","3","92","62","20","5.28","1","5.0","44.99","78.99","0","10","4","7","1.85","0","0.0","39.82",,"0","4","1","2026-04-25"
"wood shelving","383","704","22186","67","0.3","191","27.13","0","0.0","67.99",,"11","35","41","31","4.4","0","0.0","79.98",,"2","2","9","3","0.43","0","0.0","79.98",,"1","0","0","2026-04-25"
"green tree gallery frames","539","225","6761","12","0.18","36","16.0","1","2.78","17.99","20.99","0","12","9","3","1.33","0","0.0","26.38",,"0","2","1","1","0.44","0","0.0","26.38",,"0","1","0","2026-04-25"
"10x16 wooden frame","811","13","287","4","1.39","8","61.54","1","12.5","20.99","20.99","1","5","2","1","7.69","0","0.0","7.39",,"0","1","0","1","7.69","0","0.0","7.39",,"0","1","0","2026-04-25"
"art frame 22x28 with mat","938","3","63","3","4.76","5","166.67","1","20.0","59.99","64.99","0","0","5","2","66.67","0","0.0","49.99",,"0","0","2","0","0.0","0",,,,"0","0","0","2026-04-25"
"small white shelf eith black brackets","996","2","34","2","5.88","1","50.0","1","100.0","26.99","26.99","0","0","0","0","0.0","0",,,,"0","0","0","0","0.0","0",,,,"0","0","0","2026-04-25"
"2 wood floating shelves","879","23","465","3","0.65","17","73.91","1","5.88","43.99","89.99","0","6","8","2","8.7","0","0.0","12.82",,"0","1","1","0","0.0","0",,,,"0","0","0","2026-04-25"
"60 live edge floating shelves","284","16","291","26","8.93","7","43.75","2","28.57","147.0","131.99","0","1","2","0","0.0","0",,,,"0","0","0","0","0.0","0",,,,"0","0","0","2026-04-25"
"wall wood shelf","507","92","2084","14","0.67","37","40.22","1","2.7","28.99","24.99","3","22","2","5","5.43","0","0.0","29.99",,"1","2","1","1","1.09","0","0.0","26.99",,"0","0","1","2026-04-25"
"deep wall shelf 16.5 inches deep","876","3","60","3","5.0","3","100.0","1","33.33","27.99","26.99","0","0","0","0","0.0","0",,,,"0","0","0","0","0.0","0",,,,"0","0","0","2026-04-25"
"shelves 9.8","995","2","40","2","5.0","2","100.0","1","50.0","22.99","26.99","0","1","0","0","0.0","0",,,,"0","0","0","0","0.0","0",,,,"0","0","0","2026-04-25"
"dark wood floating shelves","226","691","17497","201","1.15","301","43.56","1","0.33","34.98","114.99","25","114","96","59","8.54","0","0.0","34.98",,"3","22","19","9","1.3","0","0.0","29.99",,"1","5","1","2026-04-25"
"12 inch wall shelf","330","223","6617","43","0.65","91","40.81","1","1.1","19.99","26.99","4","50","16","13","5.83","0","0.0","15.99",,"1","6","1","4","1.79","0","0.0","15.99",,"0","3","0","2026-04-25"
"8x13 wall shelf","797","4","88","4","4.55","3","75.0","1","33.33","18.89",,"0","1","1","1","25.0","0","0.0","19.99",,"0","0","1","1","25.0","0","0.0","19.99",,"0","0","1","2026-04-25"
"l shape floating shelf 36 inch","667","3","67","7","10.45","1","33.33","1","100.0","112.99","112.99","0","1","0","0","0.0","0",,,,"0","0","0","0","0.0","0",,,,"0","0","0","2026-04-25"
"individual shelves for wall 24""x9""","927","11","244","3","1.23","7","63.64","1","14.29","62.99","89.99","0","5","1","0","0.0","0",,,,"0","0","0","0","0.0","0",,,,"0","0","0","2026-04-25"
"thin minimalist oak frames 8x10","167","5","111","3","2.7","3","60.0","1","33.33","17.99","17.99","0","3","0","2","40.0","1","50.0","17.99","17.99","0","2","0","0","0.0","0",,,,"0","0","0","2026-04-25"
"matted picture frame 29x23","772","4","77","5","6.49","2","50.0","1","50.0","49.99","64.99","0","0","2","0","0.0","0",,,,"0","0","0","0","0.0","0",,,,"0","0","0","2026-04-25"
"12 deep floating shelves","839","171","4044","41","1.01","75","43.86","0","0.0","56.49",,"1","32","34","11","6.43","0","0.0","59.99",,"0","3","6","2","1.17","0","0.0","42.99",,"0","1","1","2026-04-25"
"5x7 picture wall frame","188","25","590","2","0.34","9","36.0","1","11.11","9.99","16.99","0","6","0","3","12.0","1","33.33","9.99","16.99","0","2","0","1","4.0","0","0.0","6.64",,"0","1","0","2026-04-25"
"amazon basic 12 inch deep black shelf","707","4","181","6","3.31","2","50.0","1","50.0","26.99","26.99","0","2","0","0","0.0","0",,,,"0","0","0","0","0.0","0",,,,"0","0","0","2026-04-25"
"hanging shelves 8 inches deep","905","3","100","3","3.0","1","33.33","1","100.0","24.99","24.99","0","0","0","0","0.0","0",,,,"0","0","0","0","0.0","0",,,,"0","0","0","2026-04-25"
"oak shelves with black brackets","557","16","339","11","3.24","8","50.0","1","12.5","27.99","27.99","0","3","3","1","6.25","0","0.0","37.99",,"0","0","0","0","0.0","0",,,,"0","0","0","2026-04-25"
"rounded edge wood frame 16x24 (2 pack)","174","1","22","2","9.09","1","100.0","1","100.0","47.99","47.99","0","0","1","1","100.0","1","100.0","47.99","47.99","0","0","1","0","0.0","0",,,,"0","0","0","2026-04-25"
"rustic wall shelf with brackets","323","8","204","8","3.92","5","62.5","2","40.0","35.99","26.99","0","2","1","0","0.0","0",,,,"0","0","0","0","0.0","0",,,,"0","0","0","2026-04-25"
"deep wooden wall mounted shelves","513","24","1128","13","1.15","18","75.0","1","5.56","22.99","24.99","0","11","7","2","8.33","0","0.0","19.99",,"0","1","1","0","0.0","0",,,,"0","0","0","2026-04-25"
"11x14 picture frame hanging wall single hook","568","10","600","10","1.67","9","90.0","1","11.11","22.99","20.99","0","0","0","2","20.0","0","0.0","9.99",,"0","0","0","1","10.0","0","0.0","9.99",,"0","0","0","2026-04-25"
"12 x 50 shelf","942","11","202","2","0.99","5","45.45","1","20.0","51.53","72.99","0","0","2","0","0.0","0",,,,"0","0","0","0","0.0","0",,,,"0","0","0","2026-04-25"
"4 foot floating shelf live edge","963","1","60","2","3.33","3","300.0","1","33.33","79.99","102.99","0","0","3","1","100.0","0","0.0","79.99",,"0","0","1","1","100.0","0","0.0","79.99",,"0","0","1","2026-04-25"
"20x28 frame with mat","296","293","8897","19","0.21","136","46.42","2","1.47","41.99","45.99","0","27","48","35","11.95","0","0.0","51.29",,"0","9","11","9","3.07","0","0.0","37.99",,"0","4","1","2026-04-25"
"18x24 frame","66","18674","482654","207","0.04","7747","41.49","1","0.01","27.99","50.99","555","2499","2644","3200","17.14","1","0.03","26.99","50.99","288","1076","1144","1466","7.85","0","0.0","25.99",,"185","516","513","2026-04-25"
"wooden floating shelves 8"" depth","672","7","154","7","4.55","9","128.57","1","11.11","80.99","114.99","0","9","0","1","14.29","0","0.0","105.44",,"0","1","0","0","0.0","0",,,,"0","0","0","2026-04-25"
"hanging shelves for textbooks","29","3","180","3","1.67","2","66.67","1","50.0","26.99","26.99","0","1","0","1","33.33","1","100.0","26.99","26.99","0","1","0","1","33.33","1","100.0","26.99","26.99","0","1","0","2026-04-25"
"larger picture frames","194","8","164","1","0.61","5","62.5","1","20.0","30.99","47.99","0","2","1","3","37.5","1","33.33","47.99","47.99","0","1","0","1","12.5","0","0.0","7.98",,"0","1","0","2026-04-25"
"8 inch deep wall shelves","541","7","141","12","8.51","2","28.57","1","50.0","24.99","24.99","0","1","0","0","0.0","0",,,,"0","0","0","0","0.0","0",,,,"0","0","0","2026-04-25"
"8 × 12 black wood shelves","481","5","106","15","14.15","4","80.0","1","25.0","18.99","26.99","0","0","0","0","0.0","0",,,,"0","0","0","0","0.0","0",,,,"0","0","0","2026-04-25"
"kitchen wall shelves","253","2255","57948","59","0.1","796","35.3","2","0.25","28.49","26.99","70","326","178","149","6.61","0","0.0","26.99",,"16","52","33","17","0.75","0","0.0","25.49",,"6","6","2","2026-04-25"
"24 x 16 wood frame","936","31","651","3","0.46","18","58.06","1","5.56","31.49","47.99","0","5","8","6","19.35","0","0.0","25.49",,"0","2","3","1","3.23","0","0.0","25.49",,"0","0","1","2026-04-25"
"hanging bookshelves for wall","272","1134","27573","74","0.27","438","38.62","1","0.23","27.99","63.99","26","217","99","77","6.79","0","0.0","29.99",,"3","40","20","10","0.88","0","0.0","29.97",,"1","6","1","2026-04-25"
"27”x40” movie poster frame","209","9","189","1","0.53","11","122.22","1","9.09","52.99","81.99","0","8","1","2","22.22","1","50.0","81.99","81.99","0","1","1","0","0.0","0",,,,"0","0","0","2026-04-25"
"6 x 8 picture frame cute","982","11","234","2","0.85","7","63.64","1","14.29","8.99","16.99","0","5","2","4","36.36","0","0.0","6.79",,"0","4","0","1","9.09","0","0.0","7.99",,"0","1","0","2026-04-25"
"set de repisas rusticas con soporte industrial de 30”","765","3","54","5","9.26","1","33.33","1","100.0","63.99","63.99","0","0","0","0","0.0","0",,,,"0","0","0","0","0.0","0",,,,"0","0","0","2026-04-25"
"light wood 12x16 frame with color mat","511","24","526","13","2.47","7","29.17","1","14.29","27.99","25.99","2","4","0","0","0.0","0",,,,"0","0","0","0","0.0","0",,,,"0","0","0","2026-04-25"
"16 inch wide 8 inches deep wood shelves","595","4","230","9","3.91","6","150.0","1","16.67","33.95","24.99","0","3","2","0","0.0","0",,,,"0","0","0","0","0.0","0",,,,"0","0","0","2026-04-25"
"wood shelves for wall with brackets","292","32","966","21","2.17","29","90.63","2","6.9","26.99","24.99","0","21","1","0","0.0","0",,,,"0","0","0","0","0.0","0",,,,"0","0","0","2026-04-25"
"8x10 oak wood picture frame","492","38","1576","15","0.95","9","23.68","1","11.11","19.95",,"0","5","0","4","10.53","0","0.0","3.99",,"0","2","0","0","0.0","0",,,,"0","0","0","2026-04-25"
"6"" deep wall shelf","204","3","160","1","0.63","2","66.67","1","50.0","60.99","60.99","0","0","1","2","66.67","1","50.0","60.99","60.99","0","0","1","0","0.0","0",,,,"0","0","0","2026-04-25"
"16x24 picture frame","244","3296","81314","81","0.1","1340","40.66","2","0.15","25.49","45.99","66","435","462","602","18.26","0","0.0","25.48",,"34","206","207","213","6.46","0","0.0","24.29",,"16","90","72","2026-04-25"
"30x40 picture frame","424","1962","49218","59","0.12","832","42.41","0","0.0","58.68",,"33","228","203","213","10.86","0","0.0","53.99",,"9","64","62","68","3.47","0","0.0","53.99",,"3","29","19","2026-04-25"
"heavy duty shelf","471","2046","63714","16","0.03","849","41.5","1","0.12","54.99","63.99","22","87","89","95","4.64","0","0.0","52.49",,"4","9","17","18","0.88","0","0.0","52.49",,"2","3","8","2026-04-25"
"prime picture frames","725","11","535","6","1.12","3","27.27","1","33.33","12.0","27.99","0","2","1","0","0.0","0",,,,"0","0","0","0","0.0","0",,,,"0","0","0","2026-04-25"
"solid wood shelves 5 foot","408","8","179","25","13.97","3","37.5","1","33.33","102.99","102.99","0","1","2","0","0.0","0",,,,"0","0","0","0","0.0","0",,,,"0","0","0","2026-04-25"
"bookshelf for wall","395","539","14222","64","0.45","181","33.58","0","0.0","27.1",,"32","67","49","36","6.68","0","0.0","29.97",,"4","18","9","7","1.3","0","0.0","24.95",,"0","7","0","2026-04-25"
"16 x 12 floating shelf","16","13","670","15","2.24","7","53.85","1","14.29","27.99","26.99","1","4","1","4","30.77","1","25.0","27.99","26.99","0","4","0","2","15.38","1","50.0","26.99","26.99","0","2","0","2026-04-25"
"wall shelf 9""","762","19","428","5","1.17","14","73.68","1","7.14","19.94","24.99","0","1","10","0","0.0","0",,,,"0","0","0","0","0.0","0",,,,"0","0","0","2026-04-25"
"wall mount shelves","550","1157","33225","11","0.03","392","33.88","1","0.26","25.99","26.99","61","154","80","60","5.19","0","0.0","25.49",,"10","23","15","8","0.69","0","0.0","21.99",,"2","5","1","2026-04-25"
"matted frame","488","294","8747","15","0.17","75","25.51","1","1.33","23.99","45.99","7","32","28","15","5.1","0","0.0","29.99",,"2","8","4","4","1.36","0","0.0","6.99",,"1","2","1","2026-04-25"
"wall shelf mounting bracket closet rod","829","13","284","4","1.41","7","53.85","1","14.29","24.99","24.99","0","5","1","0","0.0","0",,,,"0","0","0","0","0.0","0",,,,"0","0","0","2026-04-25"
"natural bookshelf wall","882","3","66","3","4.55","2","66.67","1","50.0","28.99","28.99","0","1","0","0","0.0","0",,,,"0","0","0","0","0.0","0",,,,"0","0","0","2026-04-25"
"rustic live edge floating shelf","310","41","905","13","1.44","15","36.59","2","13.33","98.99","102.99","0","3","5","2","4.88","0","0.0","22.99",,"0","0","2","0","0.0","0",,,,"0","0","0","2026-04-25"
"live edge rustic wood shelves","375","18","388","32","8.25","15","83.33","1","6.67","129.99","131.99","0","0","2","1","5.56","0","0.0","119.99",,"0","0","0","0","0.0","0",,,,"0","0","0","2026-04-25"
"waterproof bathroom towel shelves","969","2","41","2","4.88","1","50.0","1","100.0","24.99","24.99","0","0","0","0","0.0","0",,,,"0","0","0","0","0.0","0",,,,"0","0","0","2026-04-25"
"walnut shelves","314","995","25980","49","0.19","382","38.39","1","0.26","34.99","94.99","26","144","101","81","8.14","0","0.0","29.99",,"6","30","24","8","0.8","0","0.0","34.99",,"1","3","4","2026-04-25"
"9 inch heavy duty wall mounted shelves","41","1","20","1","5.0","1","100.0","1","100.0","24.99","24.99","0","0","0","1","100.0","1","100.0","24.99","24.99","0","0","0","1","100.0","1","100.0","24.99","24.99","0","0","0","2026-04-25"
"large picture frame","327","3051","80025","44","0.05","900","29.5","1","0.11","28.49","25.99","102","292","235","218","7.15","0","0.0","27.99",,"37","73","50","31","1.02","0","0.0","24.99",,"10","9","8","2026-04-25"
"wooden shelf","316","5179","134564","48","0.04","1427","27.55","1","0.07","35.99","28.99","118","417","295","267","5.16","0","0.0","35.99",,"22","79","53","31","0.6","0","0.0","29.99",,"6","15","7","2026-04-25"
"22x28 frame with mat","10","461","11985","203","1.69","183","39.7","6","3.28","41.99","64.99","0","52","57","59","12.8","3","5.08","41.99","64.99","0","21","18","16","3.47","0","0.0","34.99",,"0","10","3","2026-04-25"
"chrspk","475","106","2362","16","0.68","33","31.13","1","3.03","29.59","81.99","3","18","5","2","1.89","0","0.0","16.99",,"0","2","0","1","0.94","0","0.0","22.99",,"0","1","0","2026-04-25"
"18 x 24 picture frame rounded","92","7","153","8","5.23","4","57.14","2","50.0","50.99","50.99","0","1","2","2","28.57","1","50.0","50.99","50.99","0","0","1","1","14.29","0","0.0","58.79",,"0","0","1","2026-04-25"
"24x36 frame with mat","313","450","13037","50","0.38","187","41.56","1","0.53","49.99","83.99","1","45","62","63","14.0","0","0.0","49.99",,"1","16","20","21","4.67","0","0.0","47.99",,"0","6","9","2026-04-25"
"anaqueles de madera pared soporte","647","3","66","8","12.12","2","66.67","1","50.0","27.99","27.99","0","1","1","0","0.0","0",,,,"0","0","0","0","0.0","0",,,,"0","0","0","2026-04-25"
"small white hanging shelf","625","14","310","8","2.58","6","42.86","1","16.67","14.49","24.99","3","2","1","2","14.29","0","0.0","14.49",,"1","1","0","0","0.0","0",,,,"0","0","0","2026-04-25"
"flotantes de pared","577","155","3281","10","0.3","54","34.84","1","1.85","21.99","102.99","3","17","7","6","3.87","0","0.0","14.99",,"2","1","0","1","0.65","0","0.0","9.99",,"0","0","0","2026-04-25"
"wooden shelf for wall renter friendly","865","3","66","3","4.55","2","66.67","1","50.0","69.99","94.99","0","0","2","0","0.0","0",,,,"0","0","0","0","0.0","0",,,,"0","0","0","2026-04-25"
"oak picture frames 11x14","115","53","1249","9","0.72","16","30.19","1","6.25","14.99","20.99","1","7","4","6","11.32","1","16.67","14.99","20.99","0","3","2","1","1.89","0","0.0","14.99",,"0","0","0","2026-04-25"
"wood shelves with live edge 2 feet long","935","5","107","3","2.8","4","80.0","1","25.0","85.0","94.99","0","0","2","0","0.0","0",,,,"0","0","0","0","0.0","0",,,,"0","0","0","2026-04-25"
"36 in x 36 in frame","656","47","912","7","0.77","9","19.15","1","11.11","83.99","83.99","0","0","4","0","0.0","0",,,,"0","0","0","0","0.0","0",,,,"0","0","0","2026-04-25"
"5x7 picture frame","456","42724","1092983","18","0.0","17763","41.58","1","0.01","11.69","16.99","2427","10254","3253","7998","18.72","0","0.0","9.99",,"1292","4761","1285","3656","8.56","0","0.0","8.99",,"660","2286","508","2026-04-25"
"bookshelves for wall","497","562","15118","51","0.34","180","32.03","0","0.0","29.97",,"21","77","24","53","9.43","0","0.0","29.97",,"5","23","10","8","1.42","0","0.0","27.1",,"1","3","3","2026-04-25"
"marco para madera","931","3","60","3","5.0","1","33.33","1","100.0","81.99","81.99","0","0","1","0","0.0","0",,,,"0","0","0","0","0.0","0",,,,"0","0","0","2026-04-25"
"22 x 28 frame matted to 18 x 24","126","19","777","6","0.77","11","57.89","1","9.09","34.99","64.99","0","6","0","1","5.26","1","100.0","64.99","64.99","0","0","0","0","0.0","0",,,,"0","0","0","2026-04-25"
"sturdy wall shelves","678","150","3771","7","0.19","49","32.67","1","2.04","29.99","26.99","4","16","4","7","4.67","0","0.0","28.49",,"0","4","0","0","0.0","0",,,,"0","0","0","2026-04-25"
"real wood floating shelves","391","498","13457","66","0.49","235","47.19","0","0.0","63.99",,"16","70","85","17","3.41","0","0.0","63.99",,"0","3","9","2","0.4","0","0.0","63.74",,"0","1","1","2026-04-25"
"dark wood rustic thick floating shelf","739","5","300","5","1.67","4","80.0","1","25.0","65.99","94.99","0","2","1","0","0.0","0",,,,"0","0","0","0","0.0","0",,,,"0","0","0","2026-04-25"
"floating shelves 24 inches wide","698","24","702","6","0.85","15","62.5","1","6.67","29.99","27.99","0","8","3","2","8.33","0","0.0","22.99",,"0","0","1","0","0.0","0",,,,"0","0","0","2026-04-25"
"beige oak frame","953","2","82","2","2.44","2","100.0","1","50.0","20.99","20.99","0","0","0","1","50.0","0","0.0","60.45",,"0","0","0","1","50.0","0","0.0","60.45",,"0","0","0","2026-04-25"
"big shelf","863","363","9074","3","0.03","103","28.37","1","0.97","59.99","26.99","6","21","20","27","7.44","0","0.0","64.35",,"3","4","3","3","0.83","0","0.0","29.99",,"0","0","0","2026-04-25"
"6x8 picture thin frame vintage","680","10","219","7","3.2","4","40.0","1","25.0","19.79","20.99","0","3","1","0","0.0","0",,,,"0","0","0","0","0.0","0",,,,"0","0","0","2026-04-25"
"wood frame matted to 5x7","183","18","430","2","0.47","10","55.56","1","10.0","14.73","16.99","0","6","3","3","16.67","1","33.33","9.99","16.99","0","2","1","1","5.56","0","0.0","9.99",,"0","1","0","2026-04-25"
"wall shelf with brackets","229","190","5176","125","2.41","101","53.16","2","1.98","25.49","26.99","2","40","15","5","2.63","0","0.0","19.99",,"0","3","0","1","0.53","0","0.0","15.98",,"0","1","0","2026-04-25"
"large shadow box frame 36 x 48","760","148","3863","5","0.13","45","30.41","1","2.22","74.99","83.99","1","8","13","6","4.05","0","0.0","89.99",,"0","1","2","2","1.35","0","0.0","29.99",,"0","1","0","2026-04-25"
"shelf brackets","579","33365","886116","10","0.0","11881","35.61","1","0.01","15.99","24.99","1362","6212","2421","2892","8.67","0","0.0","15.98",,"445","1546","551","1010","3.03","0","0.0","15.98",,"193","589","156","2026-04-25"
"shelves for bathroom decor","779","21","748","5","0.67","11","52.38","1","9.09","25.64","52.99","1","0","5","0","0.0","0",,,,"0","0","0","0","0.0","0",,,,"0","0","0","2026-04-25"
"12 inch deep wood shelf boards","450","15","449","18","4.01","7","46.67","1","14.29","37.99","63.99","0","3","2","0","0.0","0",,,,"0","0","0","0","0.0","0",,,,"0","0","0","2026-04-25"
"wooden picture frame 4 x 5.5","988","10","500","2","0.4","5","50.0","1","20.0","12.59","13.99","0","3","2","2","20.0","0","0.0","7.49",,"0","1","1","0","0.0","0",,,,"0","0","0","2026-04-25"
"simple aged gold picture frame","159","14","305","3","0.98","10","71.43","1","10.0","19.52","27.99","0","5","2","5","35.71","1","20.0","26.99","27.99","0","2","2","0","0.0","0",,,,"0","0","0","2026-04-25"
"22x28 wood picture frame","761","11","243","5","2.06","8","72.73","1","12.5","41.64","64.99","0","2","4","4","36.36","0","0.0","39.99",,"0","1","2","0","0.0","0",,,,"0","0","0","2026-04-25"
"60x80 frame","909","42","1219","3","0.25","17","40.48","1","5.88","60.62","81.99","0","0","4","3","7.14","0","0.0","82.99",,"0","0","1","0","0.0","0",,,,"0","0","0","2026-04-25"
"shelving wall mounted","259","2628","70565","85","0.12","907","34.51","1","0.11","27.82","131.99","155","352","202","132","5.02","0","0.0","25.49",,"30","48","26","23","0.88","0","0.0","23.99",,"6","8","3","2026-04-25"
"wall bookshelf","97","7466","178518","217","0.12","2769","37.09","3","0.11","29.97","26.99","239","1241","613","607","8.13","0","0.0","28.99",,"60","281","128","66","0.88","0","0.0","24.95",,"12","35","11","2026-04-25"
"wood color kitchen shelf","860","1","60","3","5.0","1","100.0","1","100.0","89.99","89.99","0","0","1","0","0.0","0",,,,"0","0","0","0","0.0","0",,,,"0","0","0","2026-04-25"
"wood shelves deep with brackets","650","2","44","7","15.91","1","50.0","1","100.0","26.99","26.99","0","0","1","0","0.0","0",,,,"0","0","0","0","0.0","0",,,,"0","0","0","2026-04-25"
"self","262","4718","105031","82","0.08","202","4.28","1","0.5","29.94","50.99","20","61","30","40","0.85","0","0.0","16.71",,"3","9","6","11","0.23","0","0.0","0.0",,"1","1","0","2026-04-25"
"axeman picture frame","883","7","302","3","0.99","4","57.14","1","25.0","29.99","81.99","0","1","2","0","0.0","0",,,,"0","0","0","0","0.0","0",,,,"0","0","0","2026-04-25"
"living edge floating shelf","412","28","686","24","3.5","15","53.57","1","6.67","80.99","114.99","0","2","5","2","7.14","0","0.0","44.99",,"0","1","0","1","3.57","0","0.0","80.74",,"0","1","0","2026-04-25"
"36 inch wood shelves visible bracket","976","8","176","2","1.14","4","50.0","1","25.0","76.99","50.99","0","0","1","0","0.0","0",,,,"0","0","0","0","0.0","0",,,,"0","0","0","2026-04-25"
"industrial floating shelf rustic wood black metal","786","2","40","4","10.0","1","50.0","1","100.0","44.99","44.99","0","0","0","0","0.0","0",,,,"0","0","0","0","0.0","0",,,,"0","0","0","2026-04-25"
"rustic live edge wood floating shelf walnut","681","4","88","7","7.95","5","125.0","1","20.0","89.9","94.99","0","2","2","0","0.0","0",,,,"0","0","0","0","0.0","0",,,,"0","0","0","2026-04-25"
"deep wall shelf","11","255","8269","130","1.57","82","32.16","1","1.22","29.99","26.99","7","39","12","11","4.31","1","9.09","29.99","26.99","2","3","1","5","1.96","1","20.0","26.99","26.99","1","2","0","2026-04-25"
"no drilling shelves","564","41","972","10","1.03","19","46.34","1","5.26","16.88","24.99","3","8","4","0","0.0","0",,,,"0","0","0","0","0.0","0",,,,"0","0","0","2026-04-25"
"shelves","53","133800","3415513","519","0.02","38906","29.08","5","0.01","37.79","26.99","4563","11396","6062","7655","5.72","0","0.0","33.82",,"1030","2337","1213","1299","0.97","0","0.0","35.97",,"281","437","190","2026-04-25"
"6x8 frame","389","1268","38339","66","0.17","579","45.66","0","0.0","9.88",,"44","331","134","240","18.93","0","0.0","8.99",,"21","151","43","116","9.15","0","0.0","7.99",,"13","80","12","2026-04-25"
"picture frame 8x10","102","2289","64829","24","0.04","891","38.93","1","0.11","10.78","17.99","136","474","173","351","15.33","1","0.28","8.99","17.99","62","198","65","168","7.34","0","0.0","7.64",,"38","94","27","2026-04-25"
"picture frames 8x10 matted to 5x7","113","24","1249","11","0.88","12","50.0","1","8.33","18.99","17.99","0","1","0","9","37.5","1","11.11","20.66","17.99","0","0","0","0","0.0","0",,,,"0","0","0","2026-04-25"
"white floating shelves for wall","282","2475","61215","67","0.11","1176","47.52","1","0.09","27.54","26.18","190","498","293","303","12.24","0","0.0","23.99",,"52","128","67","72","2.91","0","0.0","23.97",,"13","37","13","2026-04-25"
"wood floating shelves 24 inch with natural edges","677","6","123","7","5.69","3","50.0","1","33.33","94.99","94.99","0","0","3","0","0.0","0",,,,"0","0","0","0","0.0","0",,,,"0","0","0","2026-04-25"
"best storage shelving for walls","211","3","63","1","1.59","1","33.33","1","100.0","26.99","26.99","0","0","1","1","33.33","1","100.0","26.99","26.99","0","0","1","0","0.0","0",,,,"0","0","0","2026-04-25"
"kitchen shelves","365","8207","209685","72","0.03","2850","34.73","0","0.0","44.99",,"256","927","499","482","5.87","0","0.0","39.99",,"60","179","84","61","0.74","0","0.0","38.99",,"11","30","8","2026-04-25"
"floating shelf 36 inch","71","250","6863","67","0.98","142","56.8","3","2.11","46.99","114.99","2","47","54","17","6.8","1","5.88","49.99","114.99","0","7","9","3","1.2","0","0.0","47.97",,"0","1","2","2026-04-25"
"real wood bathroom shelves","462","34","811","17","2.1","21","61.76","1","4.76","65.99","94.99","0","3","9","2","5.88","0","0.0","69.99",,"0","0","2","0","0.0","0",,,,"0","0","0","2026-04-25"
"floating shelf 24 x 12 inch deep","169","13","278","2","0.72","15","115.38","1","6.67","48.99","26.99","1","12","2","3","23.08","1","33.33","38.94","26.99","0","3","0","0","0.0","0",,,,"0","0","0","2026-04-25"
"white shelf for wall with black","697","9","201","6","2.99","4","44.44","1","25.0","35.99","51.99","0","1","1","0","0.0","0",,,,"0","0","0","0","0.0","0",,,,"0","0","0","2026-04-25"
"metal bracket wall shelves heavy duty","252","207","5041","59","1.17","71","34.3","2","2.82","27.49","24.99","2","42","12","7","3.38","0","0.0","27.49",,"0","6","1","1","0.48","0","0.0","27.49",,"0","1","0","2026-04-25"
"shelves for plants indoor on wall grey","682","7","155","6","3.87","4","57.14","1","25.0","34.99","51.99","0","1","2","0","0.0","0",,,,"0","0","0","0","0.0","0",,,,"0","0","0","2026-04-25"
"solid wood floating shelves","51","809","23005","195","0.85","366","45.24","2","0.55","65.99","89.99","10","127","133","31","3.83","2","6.45","65.99","89.99","0","12","10","4","0.49","0","0.0","47.5",,"0","2","2","2026-04-25"
"12x16 natural wood frame glass","145","5","111","4","3.6","7","140.0","1","14.29","23.99","25.99","0","3","3","5","100.0","1","20.0","23.99","25.99","0","2","2","0","0.0","0",,,,"0","0","0","2026-04-25"
"16x22 matted to 12x18 glass","774","14","317","5","1.58","22","157.14","1","4.55","39.99","45.99","0","0","11","1","7.14","0","0.0","45.98",,"0","0","1","0","0.0","0",,,,"0","0","0","2026-04-25"
"decorative wooden selves for kitchen or family room","900","3","66","3","4.55","3","100.0","1","33.33","94.99","94.99","0","0","1","0","0.0","0",,,,"0","0","0","0","0.0","0",,,,"0","0","0","2026-04-25"
"rubbed bronze metal shelf","925","16","297","3","1.01","8","50.0","1","12.5","51.99","51.99","0","2","1","0","0.0","0",,,,"0","0","0","0","0.0","0",,,,"0","0","0","2026-04-25"
"10x7 picture frame with mat","978","31","716","2","0.28","17","54.84","1","5.88","17.99","20.99","0","14","3","3","9.68","0","0.0","17.99",,"0","2","1","2","6.45","0","0.0","17.99",,"0","2","0","2026-04-25"
"floating shelves wood extra long heavy duty 10” deep","575","6","133","10","7.52","6","100.0","1","16.67","179.99","131.99","0","0","2","0","0.0","0",,,,"0","0","0","0","0.0","0",,,,"0","0","0","2026-04-25"
"kitchen shelf wall mounted","464","129","3304","16","0.48","41","31.78","1","2.44","29.99","114.99","2","13","15","5","3.88","0","0.0","66.29",,"0","0","3","0","0.0","0",,,,"0","0","0","2026-04-25"
"live edge floating shelf 48 inch","924","30","890","40","4.49","11","36.67","0","0.0","85.0",,"0","1","3","3","10.0","0","0.0","79.99",,"0","0","0","0","0.0","0",,,,"0","0","0","2026-04-25"
"long live edge floating shelf","662","7","149","7","4.7","4","57.14","1","25.0","116.99","179.99","0","0","3","0","0.0","0",,,,"0","0","0","0","0.0","0",,,,"0","0","0","2026-04-25"
"81/2 by 11 picture frame","842","311","9622","4","0.04","117","37.62","1","0.85","9.99","21.99","19","60","24","57","18.33","0","0.0","6.99",,"15","27","8","29","9.32","0","0.0","6.99",,"9","13","5","2026-04-25"
"black shalf","826","3","64","4","6.25","1","33.33","1","100.0","24.99","24.99","0","0","1","0","0.0","0",,,,"0","0","0","0","0.0","0",,,,"0","0","0","2026-04-25"
"picture frames24x30","923","5","112","3","2.68","1","20.0","1","100.0","83.99","83.99","0","0","0","0","0.0","0",,,,"0","0","0","0","0.0","0",,,,"0","0","0","2026-04-25"
"wood shelves for wall","243","3452","84663","81","0.1","1269","36.76","2","0.16","28.49","24.99","158","495","281","208","6.03","0","0.0","26.99",,"22","90","50","33","0.96","0","0.0","25.49",,"6","13","10","2026-04-25"
"colorful 8.5 x 11 frame","998","26","467","2","0.43","3","11.54","1","33.33","19.99","19.99","0","0","1","1","3.85","0","0.0","20.39",,"0","0","0","0","0.0","0",,,,"0","0","0","2026-04-25"
"single wall shelf for bedroom","960","26","431","2","0.46","4","15.38","1","25.0","15.99","24.99","0","2","1","0","0.0","0",,,,"0","0","0","0","0.0","0",,,,"0","0","0","2026-04-25"
"20 x 12 kitchen counter shelves","322","9","201","9","4.48","11","122.22","2","18.18","30.59","26.99","0","1","6","1","11.11","0","0.0","41.99",,"0","0","1","0","0.0","0",,,,"0","0","0","2026-04-25"
"floating rustic grey. shelves","604","8","168","9","5.36","5","62.5","1","20.0","26.09","27.99","0","2","1","1","12.5","0","0.0","26.09",,"0","0","0","0","0.0","0",,,,"0","0","0","2026-04-25"
"13x17 picture frame","959","473","11846","2","0.02","215","45.45","1","0.47","12.99","24.99","6","89","58","84","17.76","0","0.0","8.99",,"4","46","25","45","9.51","0","0.0","8.99",,"2","27","14","2026-04-25"
"8x10 picture frame driftwood","861","31","817","3","0.37","11","35.48","1","9.09","17.99","17.99","2","7","2","3","9.68","0","0.0","11.99",,"1","1","1","2","6.45","0","0.0","7.99",,"0","1","1","2026-04-25"
"8x10 picture frame with mat","298","3583","94452","56","0.06","1548","43.2","1","0.06","14.99","20.99","320","809","254","532","14.85","0","0.0","11.99",,"142","275","70","246","6.87","0","0.0","7.98",,"80","130","25","2026-04-25"
"bedroom frames decor","514","17","374","13","3.48","9","52.94","1","11.11","35.99","81.99","0","0","2","4","23.53","0","0.0","35.99",,"0","0","2","0","0.0","0",,,,"0","0","0","2026-04-25"
"photo frame","70","12374","336910","82","0.02","3168","25.6","3","0.09","15.99","17.99","638","1313","370","819","6.62","1","0.12","14.99","17.99","175","404","98","235","1.9","0","0.0","12.74",,"64","129","24","2026-04-25"
"wall mount shelf","367","2375","68391","72","0.11","706","29.73","0","0.0","22.99",,"108","289","137","114","4.8","0","0.0","20.99",,"19","43","20","29","1.22","0","0.0","23.97",,"6","16","1","2026-04-25"
"dual 8.5x11 picture frame vertical table","192","1","60","1","1.67","1","100.0","1","100.0","21.99","21.99","0","0","1","1","100.0","1","100.0","21.99","21.99","0","0","1","0","0.0","0",,,,"0","0","0","2026-04-25"
"storage shelf","644","17023","461279","8","0.0","6151","36.13","1","0.02","39.99","28.99","488","1339","880","1034","6.07","0","0.0","39.99",,"106","231","156","265","1.56","0","0.0","39.99",,"36","70","46","2026-04-25"
"24 inch long floating shelves for wall","718","7","144","6","4.17","6","85.71","1","16.67","24.29","24.99","0","4","1","1","14.29","0","0.0","28.99",,"0","1","0","0","0.0","0",,,,"0","0","0","2026-04-25"
"custom live edge floating shelves","283","20","424","26","6.13","10","50.0","2","20.0","94.99","94.99","0","0","7","0","0.0","0",,,,"0","0","0","0","0.0","0",,,,"0","0","0","2026-04-25"
"11x14 frame","261","6102","182267","120","0.07","2694","44.15","0","0.0","9.99",,"500","1411","442","1135","18.6","0","0.0","6.99",,"244","620","154","517","8.47","0","0.0","6.99",,"137","283","57","2026-04-25"
"live edge elm floating shelves","696","4","84","6","7.14","5","125.0","1","20.0","94.99","114.99","0","1","4","0","0.0","0",,,,"0","0","0","0","0.0","0",,,,"0","0","0","2026-04-25"
"floating wooden wall shelves","724","169","3831","6","0.16","79","46.75","1","1.27","31.99","131.99","3","24","26","22","13.02","0","0.0","26.99",,"0","7","7","2","1.18","0","0.0","26.99",,"0","1","0","2026-04-25"
"36x48 poster frame wood p","206","5","109","1","0.92","4","80.0","1","25.0","83.99","83.99","0","0","3","1","20.0","1","100.0","83.99","83.99","0","0","1","0","0.0","0",,,,"0","0","0","2026-04-25"
"shelves for office wall with brackets","759","7","420","5","1.19","6","85.71","1","16.67","16.99","24.99","0","4","1","0","0.0","0",,,,"0","0","0","0","0.0","0",,,,"0","0","0","2026-04-25"
"long wall shelves","631","636","17662","8","0.05","248","38.99","1","0.4","49.49","60.99","11","70","71","30","4.72","0","0.0","50.99",,"2","7","8","6","0.94","0","0.0","34.99",,"0","3","2","2026-04-25"
"one 5x7 picture frame wooden","44","3","66","1","1.52","1","33.33","1","100.0","14.99","14.99","0","0","0","1","33.33","1","100.0","14.99","14.99","0","0","0","1","33.33","1","100.0","14.99","14.99","0","0","0","2026-04-25"
"book shelf","64","209865","5159018","187","0.0","62284","29.68","2","0.0","56.0","26.99","2849","14630","11545","13281","6.33","1","0.01","56.0","26.99","647","3081","2411","1325","0.63","0","0.0","40.98",,"134","456","239","2026-04-25"
"repisa flotantes de pared","473","618","15841","53","0.33","192","31.07","0","0.0","23.99",,"32","50","26","25","4.05","0","0.0","20.99",,"4","5","6","2","0.32","0","0.0","18.99",,"0","2","0","2026-04-25"
"27x40 matted to 24x36","353","34","975","39","4.0","14","41.18","1","7.14","69.99",,"0","2","3","2","5.88","0","0.0","47.99",,"0","0","1","1","2.94","0","0.0","47.99",,"0","0","0","2026-04-25"
"floating shelves walnut","368","404","10693","34","0.32","197","48.76","1","0.51","39.99","94.99","18","69","64","37","9.16","0","0.0","33.99",,"3","10","14","6","1.49","0","0.0","27.97",,"0","2","3","2026-04-25"
"54 inch floating wall shelf natural wood","733","2","120","6","5.0","2","100.0","1","50.0","79.99","131.99","0","0","2","1","50.0","0","0.0","79.99",,"0","0","1","0","0.0","0",,,,"0","0","0","2026-04-25"
"picture frame for glass art","768","28","618","5","0.81","8","28.57","1","12.5","43.99","83.99","0","0","0","1","3.57","0","0.0","51.99",,"0","0","0","0","0.0","0",,,,"0","0","0","2026-04-25"
"white wood frame with mat non-glare glass for picture frames 27 x 40","837","4","240","4","1.67","2","50.0","1","50.0","16.99",,"1","0","0","0","0.0","0",,,,"0","0","0","0","0.0","0",,,,"0","0","0","2026-04-25"
"black pine wooden shelves for wall set of 4 safe for trailers","205","11","238","1","0.42","4","36.36","1","25.0","22.99","24.99","0","4","0","2","18.18","1","50.0","19.97","24.99","0","2","0","0","0.0","0",,,,"0","0","0","2026-04-25"
"oak frame 18x24","732","30","633","6","0.95","22","73.33","1","4.55","41.88","27.99","0","3","14","6","20.0","0","0.0","53.99",,"0","0","5","0","0.0","0",,,,"0","0","0","2026-04-25"
"dog picture frame for wall","853","15","331","4","1.21","4","26.67","1","25.0","43.99","43.99","0","2","1","0","0.0","0",,,,"0","0","0","0","0.0","0",,,,"0","0","0","2026-04-25"
"strong wall shelves","453","76","1608","18","1.12","22","28.95","1","4.55","25.64","94.99","4","8","1","3","3.95","0","0.0","44.97",,"1","1","0","0","0.0","0",,,,"0","0","0","2026-04-25"
"11x14 rounded real wood frame","180","1","26","2","7.69","1","100.0","1","100.0","20.99","20.99","0","1","0","1","100.0","1","100.0","20.99","20.99","0","1","0","0","0.0","0",,,,"0","0","0","2026-04-25"
"22x28 wood frame","958","146","3975","39","0.98","75","51.37","0","0.0","48.99",,"0","10","24","23","15.75","0","0.0","44.99",,"0","5","6","4","2.74","0","0.0","62.98",,"0","1","1","2026-04-25"
"small hanging book shelf","95","24","515","4","0.78","6","25.0","2","33.33","24.99","24.99","0","2","1","3","12.5","1","33.33","23.97","24.99","0","0","1","0","0.0","0",,,,"0","0","0","2026-04-25"
"metal laundry room storage shelves","912","4","113","3","2.65","3","75.0","1","33.33","35.99","24.99","0","2","0","0","0.0","0",,,,"0","0","0","0","0.0","0",,,,"0","0","0","2026-04-25"
"16x28 wood frames","918","8","174","3","1.72","6","75.0","1","16.67","27.99","27.99","0","1","1","0","0.0","0",,,,"0","0","0","0","0.0","0",,,,"0","0","0","2026-04-25"
"living edge floating bar shelf 60”","788","2","44","4","9.09","1","50.0","1","100.0","102.99","102.99","0","1","0","0","0.0","0",,,,"0","0","0","0","0.0","0",,,,"0","0","0","2026-04-25"
"rustic gray floating shelves","841","17","364","4","1.1","3","17.65","1","33.33","27.99","27.99","0","2","0","0","0.0","0",,,,"0","0","0","0","0.0","0",,,,"0","0","0","2026-04-25"
"black wall shelf","68","1340","33706","312","0.93","496","37.01","4","0.81","23.99","24.99","47","200","141","132","9.85","0","0.0","20.99",,"15","58","27","29","2.16","0","0.0","20.99",,"5","14","7","2026-04-25"
"live solid wood shelf","446","18","360","18","5.0","7","38.89","1","14.29","99.99","131.99","1","4","0","0","0.0","0",,,,"0","0","0","0","0.0","0",,,,"0","0","0","2026-04-25"
"floating shelf for kitchen","616","136","3460","9","0.26","50","36.76","1","2.0","47.97","94.99","4","15","12","7","5.15","0","0.0","52.99",,"1","1","1","0","0.0","0",,,,"0","0","0","2026-04-25"
"hanging shelf","96","5243","135539","39","0.03","1575","30.04","1","0.06","19.99","26.99","206","735","318","305","5.82","1","0.33","19.99","26.99","52","129","67","63","1.2","0","0.0","17.49",,"11","32","15","2026-04-25"
"20 x 12 shelves","782","2","120","4","3.33","1","50.0","1","100.0","26.99","26.99","0","1","0","0","0.0","0",,,,"0","0","0","0","0.0","0",,,,"0","0","0","2026-04-25"
"white wall shelf for bedroom","168","30","814","2","0.25","13","43.33","1","7.69","23.97","26.99","3","5","4","5","16.67","1","20.0","21.99","26.99","2","3","0","1","3.33","0","0.0","15.99",,"0","1","0","2026-04-25"
"floating shelves for wall 24 inch","665","111","2682","7","0.26","53","47.75","1","1.89","39.88","65.99","2","12","28","5","4.5","0","0.0","49.69",,"0","1","4","1","0.9","0","0.0","49.69",,"0","1","0","2026-04-25"
"floating wood shelf 55 inches","843","3","81","4","4.94","3","100.0","1","33.33","129.69","131.99","0","0","1","0","0.0","0",,,,"0","0","0","0","0.0","0",,,,"0","0","0","2026-04-25"
"large picture frames for wall","278","924","24712","34","0.14","243","26.3","2","0.82","35.49","67.99","23","88","57","59","6.39","0","0.0","31.99",,"8","23","15","8","0.87","0","0.0","25.49",,"2","4","1","2026-04-25"
"24 inch floating shelves","269","1692","48635","116","0.24","754","44.56","0","0.0","39.82",,"67","241","266","119","7.03","0","0.0","39.82",,"11","33","49","35","2.07","0","0.0","39.82",,"0","12","13","2026-04-25"
"36”x12” wall book shelf","155","3","68","3","4.41","3","100.0","1","33.33","63.99","63.99","0","0","0","3","100.0","1","33.33","63.99","63.99","0","0","0","0","0.0","0",,,,"0","0","0","2026-04-25"
"wall mounted shelves 10 inch deep","549","12","369","11","2.98","5","41.67","1","20.0","26.59",,"0","1","3","0","0.0","0",,,,"0","0","0","0","0.0","0",,,,"0","0","0","2026-04-25"
"24x16 wooden frame","555","31","1105","11","1.0","18","58.06","1","5.56","36.99","45.99","0","8","4","6","19.35","0","0.0","36.99",,"0","2","1","0","0.0","0",,,,"0","0","0","2026-04-25"
"ima prateleira","806","2","4","4","100.0","1","50.0","1","100.0","28.99","28.99","0","0","0","0","0.0","0",,,,"0","0","0","0","0.0","0",,,,"0","0","0","2026-04-25"
"wall shelf 12x16","562","15","818","11","1.34","7","46.67","1","14.29","18.99","26.99","0","4","1","0","0.0","0",,,,"0","0","0","0","0.0","0",,,,"0","0","0","2026-04-25"
"oak floating shelves 36 inch","452","32","698","18","2.58","11","34.38","1","9.09","69.99","112.99","0","4","4","1","3.13","0","0.0","62.99",,"0","0","1","0","0.0","0",,,,"0","0","0","2026-04-25"
"55 x10 live edge floating shelves","100","10","221","28","12.67","7","70.0","1","14.29","103.99","131.99","0","0","2","1","10.0","1","100.0","131.99","131.99","0","0","0","0","0.0","0",,,,"0","0","0","2026-04-25"
"shelves for room wall","62","20210","494315","451","0.09","6737","33.33","2","0.03","24.99","26.99","941","2672","1257","1436","7.11","0","0.0","22.99",,"210","566","241","220","1.09","0","0.0","20.8",,"55","105","30","2026-04-25"
"16x24 oak picture frame with mat with wall mount attached","449","10","221","18","8.14","7","70.0","1","14.29","43.99","45.99","0","6","1","0","0.0","0",,,,"0","0","0","0","0.0","0",,,,"0","0","0","2026-04-25"
"floating shelf for wall","235","3521","89567","72","0.08","1196","33.97","3","0.25","24.98","94.99","193","477","270","192","5.45","0","0.0","20.99",,"42","84","37","44","1.25","0","0.0","20.99",,"9","24","8","2026-04-25"
"white 12 inch deep wall shelf","615","7","156","9","5.77","3","42.86","1","33.33","33.99","26.99","0","3","0","1","14.29","0","0.0","39.99",,"0","1","0","0","0.0","0",,,,"0","0","0","2026-04-25"
"55 inch shelf white","660","8","176","7","3.98","3","37.5","1","33.33","52.99","48.99","0","0","0","2","25.0","0","0.0","52.99",,"0","0","0","0","0.0","0",,,,"0","0","0","2026-04-25"
"bookshelf to hang on wall heavy duty","849","3","180","4","2.22","3","100.0","1","33.33","29.97","26.99","0","3","0","0","0.0","0",,,,"0","0","0","0","0.0","0",,,,"0","0","0","2026-04-25"
"floating shelves live edge","245","196","4819","78","1.62","86","43.88","2","2.33","80.99","94.99","0","20","30","7","3.57","0","0.0","65.99",,"0","2","2","1","0.51","0","0.0","44.99",,"0","1","0","2026-04-25"
"floating shelves 48 inch","439","296","7563","19","0.25","151","51.01","1","0.66","69.99","102.99","0","23","65","13","4.39","0","0.0","73.09",,"0","2","9","2","0.68","0","0.0","69.99",,"0","0","2","2026-04-25"
"live edge floating shelves","2","2860","74637","1639","2.2","1239","43.32","17","1.37","84.99","114.99","14","333","356","121","4.23","0","0.0","80.74",,"3","33","32","17","0.59","0","0.0","69.99",,"0","4","6","2026-04-25"
"metal and wood floating shelves industrial big","776","1","22","5","22.73","3","300.0","1","33.33","39.99","27.99","0","2","1","1","100.0","0","0.0","39.99",,"0","1","0","0","0.0","0",,,,"0","0","0","2026-04-25"
"shelving boards 12"" deep","374","66","1522","32","2.1","20","30.3","1","5.0","25.9","26.99","1","2","2","0","0.0","0",,,,"0","0","0","0","0.0","0",,,,"0","0","0","2026-04-25"
"wall shelf","76","46629","1212878","337","0.03","15127","32.44","2","0.01","20.99","95.99","2433","6190","2632","3013","6.46","0","0.0","20.99",,"520","1206","518","593","1.27","0","0.0","19.99",,"169","275","68","2026-04-25"
"shelf with bracket and hole for cord","864","6","133","3","2.26","5","83.33","1","20.0","26.99","26.99","0","0","0","0","0.0","0",,,,"0","0","0","0","0.0","0",,,,"0","0","0","2026-04-25"
"floating shelf 12 inch deep 20 inch width","409","15","296","25","8.45","10","66.67","1","10.0","46.99","26.99","0","1","6","1","6.67","0","0.0","52.99",,"0","0","1","0","0.0","0",,,,"0","0","0","2026-04-25"
"elm flat edge floating shelf","588","2","44","10","22.73","2","100.0","1","50.0","126.99","126.99","0","0","0","0","0.0","0",,,,"0","0","0","0","0.0","0",,,,"0","0","0","2026-04-25"
"wall bookshelf for kids","434","2393","72093","57","0.08","821","34.31","0","0.0","29.97",,"77","345","216","192","8.02","0","0.0","29.97",,"22","78","48","18","0.75","0","0.0","25.97",,"2","11","2","2026-04-25"
"floating tv stand","156","24006","559021","3","0.0","10898","45.4","1","0.01","145.99","26.99","169","1189","1230","1452","6.05","1","0.07","109.99","26.99","51","205","174","74","0.31","0","0.0","85.99",,"5","24","11","2026-04-25"
"heavy duty wall shelf for laundry","706","6","134","6","4.48","3","50.0","1","33.33","42.69","24.99","0","0","3","0","0.0","0",,,,"0","0","0","0","0.0","0",,,,"0","0","0","2026-04-25"
"frame with matte for 16 x 24 art","548","11","223","11","4.93","9","81.82","1","11.11","49.99","52.99","0","5","1","0","0.0","0",,,,"0","0","0","0","0.0","0",,,,"0","0","0","2026-04-25"
"thin shelf for wall","752","124","2774","5","0.18","62","50.0","1","1.61","15.99","48.99","16","24","14","13","10.48","0","0.0","17.99",,"4","7","2","3","2.42","0","0.0","9.99",,"1","2","0","2026-04-25"
