Brand=["KovaScape"],Reporting Range=["Weekly"],Select week=["Week 14 | 2026-03-29 - 2026-04-04 2026"]
"Search Query","Search Query Score","Search Query Volume","Impressions: Total Count","Impressions: Brand Count","Impressions: Brand Share %","Clicks: Total Count","Clicks: Click Rate %","Clicks: Brand Count","Clicks: Brand Share %","Clicks: Price (Median)","Clicks: Brand Price (Median)","Clicks: Same Day Shipping Speed","Clicks: 1D Shipping Speed","Clicks: 2D Shipping Speed","Cart Adds: Total Count","Cart Adds: Cart Add Rate %","Cart Adds: Brand Count","Cart Adds: Brand Share %","Cart Adds: Price (Median)","Cart Adds: Brand Price (Median)","Cart Adds: Same Day Shipping Speed","Cart Adds: 1D Shipping Speed","Cart Adds: 2D Shipping Speed","Purchases: Total Count","Purchases: Purchase Rate %","Purchases: Brand Count","Purchases: Brand Share %","Purchases: Price (Median)","Purchases: Brand Price (Median)","Purchases: Same Day Shipping Speed","Purchases: 1D Shipping Speed","Purchases: 2D Shipping Speed","Reporting Date"
"wall small book shelf","843","2","43","5","11.63","3","150.0","1","33.33","27.1","25.99","0","0","0","1","50.0","0","0.0","28.97",,"0","0","0","0","0.0","0",,,,"0","0","0","2026-04-04"
"27 x 40 wood frame for heavy picture hard back cover","591","8","443","12","2.71","13","162.5","1","7.69","72.4","87.99","0","0","5","1","12.5","0","0.0","47.99",,"0","0","0","1","12.5","0","0.0","47.99",,"0","0","0","2026-04-04"
"floating shelves with black metal brackets set","701","11","222","8","3.6","8","72.73","1","12.5","39.99","48.99","1","4","2","0","0.0","0",,,,"0","0","0","0","0.0","0",,,,"0","0","0","2026-04-04"
"4 1/4 x 6 post card frame","945","2","120","4","3.33","1","50.0","1","100.0","14.99","14.99","0","1","0","0","0.0","0",,,,"0","0","0","0","0.0","0",,,,"0","0","0","2026-04-04"
"frame 24x36","766","860","23918","44","0.18","353","41.05","0","0.0","39.99",,"0","62","114","133","15.47","0","0.0","36.95",,"0","26","43","39","4.53","0","0.0","36.99",,"0","10","13","2026-04-04"
"wall shelf no screws","473","111","2710","22","0.81","46","41.44","1","2.17","14.89","26.99","6","17","16","7","6.31","0","0.0","14.49",,"1","3","3","0","0.0","0",,,,"0","0","0","2026-04-04"
"wood shelves for wall","366","3531","85122","50","0.06","1283","36.34","1","0.08","28.99","89.99","177","419","351","211","5.98","0","0.0","26.99",,"33","69","55","29","0.82","0","0.0","26.99",,"11","9","5","2026-04-04"
"48 inch shelf for wall","595","92","2451","12","0.49","32","34.78","1","3.13","57.99","48.99","0","4","13","3","3.26","0","0.0","39.99",,"0","0","0","1","1.09","0","0.0","39.99",,"0","0","0","2026-04-04"
"floating wood shelf","721","604","16788","44","0.26","233","38.58","0","0.0","42.97",,"15","69","68","31","5.13","0","0.0","31.99",,"3","8","10","8","1.32","0","0.0","29.99",,"1","3","2","2026-04-04"
"vintage black floating shelf with live edge","187","4","88","4","4.55","3","75.0","1","33.33","85.95","94.99","0","0","2","2","50.0","1","50.0","85.95","94.99","0","0","1","0","0.0","0",,,,"0","0","0","2026-04-04"
"no stud shelf","847","23","546","5","0.92","20","86.96","1","5.0","21.84","24.99","0","5","4","1","4.35","0","0.0","38.6",,"0","0","0","0","0.0","0",,,,"0","0","0","2026-04-04"
"36 inch floating shelf","278","474","13706","168","1.23","229","48.31","1","0.44","48.99","114.99","3","48","111","29","6.12","0","0.0","47.99",,"0","5","17","9","1.9","0","0.0","45.47",,"0","1","5","2026-04-04"
"8x10 picture frames tempured glass","811","3","66","6","9.09","1","33.33","1","100.0","20.99","20.99","0","1","0","0","0.0","0",,,,"0","0","0","0","0.0","0",,,,"0","0","0","2026-04-04"
"antique wood frame","643","18","571","10","1.75","7","38.89","1","14.29","20.99","20.99","0","3","2","0","0.0","0",,,,"0","0","0","0","0.0","0",,,,"0","0","0","2026-04-04"
"small black shelving with brackets","178","5","130","5","3.85","4","80.0","1","25.0","22.99","24.99","0","3","1","2","40.0","1","50.0","22.99","24.99","0","2","0","0","0.0","0",,,,"0","0","0","2026-04-04"
"22x28 frame","92","1699","47684","220","0.46","716","42.14","4","0.56","34.99","64.99","5","156","255","202","11.89","0","0.0","30.95",,"3","64","81","74","4.36","0","0.0","30.95",,"2","28","31","2026-04-04"
"6 x 8 frame","484","378","13040","20","0.15","132","34.92","1","0.76","9.99","16.99","10","61","42","59","15.61","0","0.0","8.09",,"7","27","19","33","8.73","0","0.0","8.99",,"3","21","7","2026-04-04"
"16x 24 wooden frame","40","3","67","5","7.46","2","66.67","1","50.0","45.99","45.99","0","1","0","2","66.67","1","50.0","45.99","45.99","0","1","0","1","33.33","1","100.0","45.99","45.99","0","1","0","2026-04-04"
"36” live edge wall shelving walnut","635","5","110","10","9.09","4","80.0","1","25.0","74.99","113.99","0","0","0","0","0.0","0",,,,"0","0","0","0","0.0","0",,,,"0","0","0","2026-04-04"
"frame glass for poster 24""x36""","782","10","222","6","2.7","6","60.0","1","16.67","80.99","81.99","0","0","4","0","0.0","0",,,,"0","0","0","0","0.0","0",,,,"0","0","0","2026-04-04"
"live edge bathroom shelf wall mount","492","20","422","19","4.5","14","70.0","1","7.14","89.99","114.99","0","4","6","0","0.0","0",,,,"0","0","0","0","0.0","0",,,,"0","0","0","2026-04-04"
"picture frame wood with mat","224","1","60","2","3.33","1","100.0","1","100.0","17.99","17.99","0","1","0","1","100.0","1","100.0","17.99","17.99","0","1","0","0","0.0","0",,,,"0","0","0","2026-04-04"
"40 by 125 frame with matte","911","2","120","4","3.33","1","50.0","1","100.0","87.99","87.99","0","0","1","0","0.0","0",,,,"0","0","0","0","0.0","0",,,,"0","0","0","2026-04-04"
"art frame","548","501","15194","15","0.1","127","25.35","1","0.79","21.99","24.99","18","47","20","23","4.59","0","0.0","21.74",,"5","12","1","7","1.4","0","0.0","21.99",,"2","4","0","2026-04-04"
"dark oak frame","217","8","149","2","1.34","2","25.0","1","50.0","24.99","24.99","0","1","1","1","12.5","1","100.0","24.99","24.99","0","1","0","0","0.0","0",,,,"0","0","0","2026-04-04"
"walnut frame+fits+18+x+24","881","5","105","5","4.76","3","60.0","1","33.33","58.79","53.99","0","0","0","0","0.0","0",,,,"0","0","0","0","0.0","0",,,,"0","0","0","2026-04-04"
"frame with glass front","835","23","522","6","1.15","11","47.83","1","9.09","14.99","14.99","2","4","4","3","13.04","0","0.0","16.99",,"1","2","0","1","4.35","0","0.0","24.99",,"0","1","0","2026-04-04"
"light wood 8x10 wall frame","241","6","168","1","0.6","2","33.33","1","50.0","7.99","18.99","1","1","0","2","33.33","1","50.0","7.99","18.99","1","1","0","0","0.0","0",,,,"0","0","0","2026-04-04"
"16x22 frame","486","512","15229","20","0.13","209","40.82","1","0.48","23.99","45.99","4","56","69","74","14.45","0","0.0","22.99",,"2","31","23","30","5.86","0","0.0","22.99",,"1","18","7","2026-04-04"
"floating shelves 36 wide and 10 inches deep","668","20","660","9","1.36","11","55.0","1","9.09","98.59","109.99","0","0","6","2","10.0","0","0.0","36.9",,"0","0","1","0","0.0","0",,,,"0","0","0","2026-04-04"
"picure frames wqll wooden","608","4","84","12","14.29","4","100.0","1","25.0","33.99","38.99","0","1","3","1","25.0","0","0.0","9.99",,"0","1","0","1","25.0","0","0.0","9.99",,"0","1","0","2026-04-04"
"30x40 picture frame","83","1842","46431","161","0.35","718","38.98","2","0.28","58.68","81.99","22","189","171","203","11.02","1","0.49","53.99","87.99","7","59","51","56","3.04","0","0.0","49.99",,"3","17","18","2026-04-04"
"closet floating shelves 24x8","35","8","178","7","3.93","6","75.0","1","16.67","44.99","44.99","0","2","4","2","25.0","1","50.0","44.99","44.99","0","0","2","1","12.5","1","100.0","44.99","44.99","0","0","1","2026-04-04"
"24 x 32 picture frame","883","224","5656","5","0.09","106","47.32","1","0.94","42.99","73.99","0","20","42","46","20.54","0","0.0","40.99",,"0","10","15","18","8.04","0","0.0","40.99",,"0","8","5","2026-04-04"
"27 x 40 frame wood with matte","53","2","44","2","4.55","2","100.0","1","50.0","96.99","96.99","0","0","1","1","50.0","1","100.0","96.99","96.99","0","0","0","1","50.0","1","100.0","96.99","96.99","0","0","0","2026-04-04"
"picture frames 8.5 x 11","274","3587","112580","115","0.1","1434","39.98","3","0.21","12.99","18.99","211","681","291","664","18.51","0","0.0","9.99",,"124","332","120","407","11.35","0","0.0","8.49",,"85","214","63","2026-04-04"
"8” wide black wall shelf","672","3","78","9","11.54","2","66.67","1","50.0","36.97","44.99","0","0","1","1","33.33","0","0.0","36.97",,"0","0","1","1","33.33","0","0.0","36.97",,"0","0","1","2026-04-04"
"large matted frame","534","104","3020","16","0.53","31","29.81","1","3.23","33.99","45.99","2","13","3","7","6.73","0","0.0","34.59",,"1","5","0","0","0.0","0",,,,"0","0","0","2026-04-04"
"24 x 36 walnut frame","119","44","1348","37","2.74","20","45.45","1","5.0","54.99","83.99","0","1","4","2","4.55","1","50.0","54.99","83.99","0","0","0","1","2.27","0","0.0","54.99",,"0","0","0","2026-04-04"
"live edge light wood floating shelves","173","6","132","6","4.55","3","50.0","1","33.33","114.99","114.99","0","1","2","1","16.67","1","100.0","114.99","114.99","0","0","1","0","0.0","0",,,,"0","0","0","2026-04-04"
"8.5 by 11 picture frame","291","8982","222581","127","0.06","3928","43.73","1","0.03","7.98","21.99","823","1900","736","2002","22.29","0","0.0","5.99",,"497","995","328","1124","12.51","0","0.0","5.89",,"313","568","163","2026-04-04"
"natural wood live edge shelves","869","8","168","5","2.98","5","62.5","1","20.0","80.74","94.99","0","2","2","1","12.5","0","0.0","44.99",,"0","1","0","1","12.5","0","0.0","44.99",,"0","1","0","2026-04-04"
"24x32 frame matted to 20x28","875","16","543","5","0.92","15","93.75","1","6.67","65.79","73.99","0","1","7","4","25.0","0","0.0","49.99",,"0","0","2","2","12.5","0","0.0","65.79",,"0","0","1","2026-04-04"
"large canvas frame","213","63","1537","2","0.13","26","41.27","1","3.85","50.48","96.99","0","4","8","5","7.94","1","20.0","66.89","96.99","0","1","1","1","1.59","0","0.0","97.99",,"0","0","0","2026-04-04"
"walnut floating kitchen shelves 36 inch live edge","902","4","89","4","4.49","3","75.0","1","33.33","114.99","114.99","0","0","3","0","0.0","0",,,,"0","0","0","0","0.0","0",,,,"0","0","0","2026-04-04"
"12 inch display shelves that hang easily","991","4","92","4","4.35","1","25.0","1","100.0","26.99","26.99","0","0","1","0","0.0","0",,,,"0","0","0","0","0.0","0",,,,"0","0","0","2026-04-04"
"picture frame 24x36","29","486","13213","12","0.09","166","34.16","1","0.6","39.99","76.99","0","31","59","70","14.4","1","1.43","36.95","76.99","0","15","25","31","6.38","1","3.23","36.99","76.99","0","11","12","2026-04-04"
"8x10 frane","208","58","1369","3","0.22","18","31.03","1","5.56","5.69","20.99","5","6","4","8","13.79","1","12.5","7.99","20.99","2","2","2","2","3.45","0","0.0","5.09",,"1","1","0","2026-04-04"
"adhesive wall shelf","356","1294","30841","19","0.06","596","46.06","2","0.34","14.99","27.99","77","282","144","98","7.57","0","0.0","14.99",,"18","50","20","27","2.09","0","0.0","13.49",,"5","15","7","2026-04-04"
"solid wood frame with real glass","611","12","455","12","2.64","9","75.0","1","11.11","29.75","49.99","0","4","2","0","0.0","0",,,,"0","0","0","0","0.0","0",,,,"0","0","0","2026-04-04"
"22x28 frame with mat for 18x24 white wood tempered glass","616","11","243","11","4.53","8","72.73","1","12.5","57.99","64.99","0","0","1","1","9.09","0","0.0","71.99",,"0","0","0","1","9.09","0","0.0","71.99",,"0","0","0","2026-04-04"
"floating shelves with live edge","88","27","576","16","2.78","21","77.78","3","14.29","99.99","113.99","0","1","9","3","11.11","1","33.33","45.98","114.99","0","0","3","0","0.0","0",,,,"0","0","0","2026-04-04"
"12 inch shelf","95","567","14569","33","0.23","241","42.5","2","0.83","23.74","26.99","18","106","60","36","6.35","1","2.78","19.99","26.99","3","19","8","11","1.94","0","0.0","19.94",,"1","5","2","2026-04-04"
"11 in x 14 floating frame","223","3","170","2","1.18","1","33.33","1","100.0","24.99","24.99","0","1","0","1","33.33","1","100.0","24.99","24.99","0","1","0","0","0.0","0",,,,"0","0","0","2026-04-04"
"14x18 oak frame","890","7","166","5","3.01","3","42.86","1","33.33","43.99","45.99","0","0","0","0","0.0","0",,,,"0","0","0","0","0.0","0",,,,"0","0","0","2026-04-04"
"12 inch deep wall shelf","22","40","1173","38","3.24","18","45.0","1","5.56","29.99","26.99","0","13","1","3","7.5","1","33.33","19.99","26.99","0","3","0","1","2.5","1","100.0","26.99","26.99","0","1","0","2026-04-04"
"live edge shelf 48","892","5","108","5","4.63","2","40.0","1","50.0","76.49","102.99","0","0","0","0","0.0","0",,,,"0","0","0","0","0.0","0",,,,"0","0","0","2026-04-04"
"matted frame for 8x10 picture","142","485","12995","11","0.08","193","39.79","1","0.52","16.99","22.99","24","89","52","72","14.85","1","1.39","14.99","22.99","13","33","19","26","5.36","0","0.0","7.99",,"6","14","5","2026-04-04"
"24 x 30 frame with a 18 x 24 mat￼","865","15","332","5","1.51","10","66.67","1","10.0","45.99","73.99","0","0","7","1","6.67","0","0.0","29.45",,"0","0","1","0","0.0","0",,,,"0","0","0","2026-04-04"
"marsmiles 36 inch floating shelves for... size: flat edge, 36""l, 2packs color: natural","829","2","44","6","13.64","1","50.0","1","100.0","114.99","114.99","0","0","1","0","0.0","0",,,,"0","0","0","0","0.0","0",,,,"0","0","0","2026-04-04"
"12x16 frame with mat natural","144","5","110","10","9.09","4","80.0","1","25.0","27.99","25.99","0","0","3","1","20.0","1","100.0","25.99","25.99","0","0","1","0","0.0","0",,,,"0","0","0","2026-04-04"
"2027 photo frame magnet","876","5","108","5","4.63","4","80.0","1","25.0","28.83","53.99","0","3","0","0","0.0","0",,,,"0","0","0","0","0.0","0",,,,"0","0","0","2026-04-04"
"5x7 picture frame","4","39277","1001466","59","0.01","16048","40.86","2","0.01","9.99","16.99","2317","8375","3445","7164","18.24","2","0.03","9.37","16.99","1254","3865","1398","3431","8.74","2","0.06","8.99","16.99","723","1935","561","2026-04-04"
"16 x 24 frame oak non reflective glass","954","2","120","4","3.33","1","50.0","1","100.0","45.99","45.99","0","0","0","0","0.0","0",,,,"0","0","0","0","0.0","0",,,,"0","0","0","2026-04-04"
"27x40 inch art frame","230","3","66","2","3.03","1","33.33","1","100.0","87.99","87.99","0","0","1","1","33.33","1","100.0","87.99","87.99","0","0","1","0","0.0","0",,,,"0","0","0","2026-04-04"
"12 inch deep x 20 inches wide small shelf bathroom wall mount","624","18","435","11","2.53","12","66.67","1","8.33","29.99","26.99","0","2","10","1","5.56","0","0.0","46.99",,"0","0","1","1","5.56","0","0.0","46.99",,"0","0","1","2026-04-04"
"white floating shelves for bedroom 12 inch depth","942","25","452","41","9.07","1","4.0","0","0.0","50.39",,"0","0","1","0","0.0","0",,,,"0","0","0","0","0.0","0",,,,"0","0","0","2026-04-04"
"thin wood frame","579","65","1929","13","0.67","31","47.69","1","3.23","26.99","20.99","3","18","6","4","6.15","0","0.0","20.99",,"2","1","0","1","1.54","0","0.0","17.99",,"1","0","0","2026-04-04"
"decorative wall brackets for shelves","949","49","1087","4","0.37","11","22.45","1","9.09","21.99","24.99","0","4","4","4","8.16","0","0.0","29.99",,"0","1","1","1","2.04","0","0.0","39.99",,"0","0","1","2026-04-04"
"18x20 frame matted to 16x20","169","13","285","6","2.11","7","53.85","1","14.29","53.99","53.99","0","1","5","1","7.69","1","100.0","53.99","53.99","0","0","1","0","0.0","0",,,,"0","0","0","2026-04-04"
"11x14 picture frame","11","31830","778976","545","0.07","14831","46.59","10","0.07","8.99","24.99","2903","7271","2767","6811","21.4","2","0.03","7.89","22.99","1562","3440","1119","3114","9.78","0","0.0","6.99",,"831","1612","473","2026-04-04"
"8.5x11 frame","325","1184","39339","43","0.11","527","44.51","2","0.38","9.99","19.99","98","243","95","255","21.54","0","0.0","7.99",,"51","120","44","136","11.49","0","0.0","6.99",,"28","73","17","2026-04-04"
"wall shelves","425","65977","1641492","30","0.0","22976","34.82","1","0.0","23.99","65.99","3678","9213","4726","4726","7.16","0","0.0","23.08",,"845","1849","990","727","1.1","0","0.0","21.99",,"204","315","133","2026-04-04"
"wooden wall shelves with brackets","747","17","400","7","1.75","8","47.06","1","12.5","37.99","63.99","0","0","3","0","0.0","0",,,,"0","0","0","0","0.0","0",,,,"0","0","0","2026-04-04"
"24x30 frame rustic wood","900","11","240","4","1.67","8","72.73","1","12.5","45.99","73.99","0","0","1","0","0.0","0",,,,"0","0","0","0","0.0","0",,,,"0","0","0","2026-04-04"
"solid wood walnut frames 16x20","969","8","176","4","2.27","2","25.0","1","50.0","26.99","26.99","0","0","0","1","12.5","0","0.0","28.99",,"0","0","0","0","0.0","0",,,,"0","0","0","2026-04-04"
"16 inch white shelves l bracket heavy","158","4","90","8","8.89","1","25.0","1","100.0","41.99","41.99","0","1","0","1","25.0","1","100.0","41.99","41.99","0","1","0","0","0.0","0",,,,"0","0","0","2026-04-04"
"matte frame to 10around it natural","870","6","168","5","2.98","10","166.67","1","10.0","22.77","22.99","0","2","4","1","16.67","0","0.0","23.39",,"0","0","0","0","0.0","0",,,,"0","0","0","2026-04-04"
"attachable shelves","130","29","711","20","2.81","8","27.59","1","12.5","25.0","62.07","1","2","3","2","6.9","1","50.0","31.99","62.07","0","0","1","0","0.0","0",,,,"0","0","0","2026-04-04"
"36x24 picture frame natural wood glass","517","12","253","17","6.72","8","66.67","1","12.5","50.99","76.99","0","0","4","2","16.67","0","0.0","42.99",,"0","0","2","0","0.0","0",,,,"0","0","0","2026-04-04"
"heavy duty floating shelves for wall","412","168","3688","35","0.95","71","42.26","1","1.41","65.99","72.99","5","20","16","9","5.36","0","0.0","69.99",,"0","4","5","1","0.6","0","0.0","25.99",,"0","1","0","2026-04-04"
"two large picture frames","575","13","254","13","5.12","6","46.15","1","16.67","14.99","83.99","2","3","0","1","7.69","0","0.0","6.99",,"1","0","0","1","7.69","0","0.0","6.99",,"1","0","0","2026-04-04"
"industrial shelf 12 inch deep","700","6","320","8","2.5","4","66.67","1","25.0","27.98","63.99","0","3","1","1","16.67","0","0.0","27.98",,"0","1","0","0","0.0","0",,,,"0","0","0","2026-04-04"
"small shelves for wall","330","1269","32351","41","0.13","515","40.58","2","0.39","16.99","26.99","58","234","127","113","8.9","0","0.0","16.82",,"12","47","24","22","1.73","0","0.0","13.59",,"3","15","3","2026-04-04"
"41 inch shelf","662","70","1566","10","0.64","45","64.29","1","2.22","49.99","63.99","1","13","12","2","2.86","0","0.0","34.95",,"0","1","1","0","0.0","0",,,,"0","0","0","2026-04-04"
"live edge floating shelves 48 inch long","437","20","579","26","4.49","18","90.0","1","5.56","95.99","102.99","0","1","5","0","0.0","0",,,,"0","0","0","0","0.0","0",,,,"0","0","0","2026-04-04"
"16x24 frame with mat","683","219","6679","46","0.69","80","36.53","0","0.0","34.99",,"4","15","27","20","9.13","0","0.0","34.38",,"1","3","8","7","3.2","0","0.0","29.99",,"0","3","2","2026-04-04"
"picture frame for 8.5x5.5 print wood","212","3","66","2","3.03","1","33.33","1","100.0","17.99","17.99","0","0","1","1","33.33","1","100.0","17.99","17.99","0","0","1","0","0.0","0",,,,"0","0","0","2026-04-04"
"4 x 6 walnut frame","175","5","176","6","3.41","5","100.0","1","20.0","14.99","14.99","0","2","3","3","60.0","1","33.33","9.99","14.99","0","1","2","0","0.0","0",,,,"0","0","0","2026-04-04"
"frame with 12x12 mat opening","977","41","1060","4","0.38","16","39.02","1","6.25","23.99","42.99","5","3","3","2","4.88","0","0.0","23.01",,"1","0","1","1","2.44","0","0.0","32.36",,"1","0","0","2026-04-04"
"9 inch deep rustic shelves with metal brackets","105","6","132","12","9.09","2","33.33","2","100.0","24.99","24.99","0","0","2","1","16.67","1","100.0","25.99","25.99","0","0","1","0","0.0","0",,,,"0","0","0","2026-04-04"
"frames","318","24637","697010","84","0.01","5704","23.15","1","0.02","18.99","21.99","937","2429","1079","1679","6.81","0","0.0","18.99",,"314","747","327","507","2.06","0","0.0","17.99",,"115","250","75","2026-04-04"
"rustic picture frames","135","1471","37222","14","0.04","478","32.49","1","0.21","19.99","24.99","35","165","145","173","11.76","1","0.58","19.99","24.99","10","51","58","19","1.29","0","0.0","19.99",,"0","4","12","2026-04-04"
"11x14 walnut frame","71","82","2290","57","2.49","38","46.34","4","10.53","24.99","24.99","1","20","11","17","20.73","2","11.76","16.99","24.99","1","8","3","4","4.88","0","0.0","16.99",,"0","4","0","2026-04-04"
"distressed solid wood floating shelves","930","4","84","4","4.76","4","100.0","1","25.0","104.49","113.99","0","0","4","0","0.0","0",,,,"0","0","0","0","0.0","0",,,,"0","0","0","2026-04-04"
"heavy duty wall shelves","409","562","14652","73","0.5","212","37.72","0","0.0","49.99",,"13","70","61","33","5.87","0","0.0","59.99",,"2","11","11","10","1.78","0","0.0","72.0",,"1","4","5","2026-04-04"
"20x24 art frame pastels","845","11","235","5","2.13","7","63.64","1","14.29","39.03","49.99","0","0","4","3","27.27","0","0.0","56.99",,"0","0","2","0","0.0","0",,,,"0","0","0","2026-04-04"
"24 x 36 picture frame matted","145","38","1793","10","0.56","15","39.47","1","6.67","48.89","83.99","0","2","3","5","13.16","1","20.0","61.05","83.99","0","1","2","0","0.0","0",,,,"0","0","0","2026-04-04"
"28x40 matted to 24x36 frame","466","27","783","23","2.94","11","40.74","1","9.09","74.99","83.99","0","0","7","5","18.52","0","0.0","74.99",,"0","0","3","1","3.7","0","0.0","98.99",,"0","0","1","2026-04-04"
"wide wall shelves heavy duty","976","3","67","4","5.97","1","33.33","1","100.0","48.99","48.99","0","0","0","0","0.0","0",,,,"0","0","0","0","0.0","0",,,,"0","0","0","2026-04-04"
"18x24 frame modern burl wood brown","172","7","155","6","3.87","4","57.14","1","25.0","49.99","49.99","0","1","0","1","14.29","1","100.0","49.99","49.99","0","0","0","0","0.0","0",,,,"0","0","0","2026-04-04"
"coffee bar shelves","650","611","15307","10","0.07","186","30.44","1","0.54","25.64","24.99","18","77","58","41","6.71","0","0.0","23.99",,"3","24","9","9","1.47","0","0.0","23.99",,"0","5","2","2026-04-04"
"non glare glass for a picture frame","736","6","127","7","5.51","6","100.0","1","16.67","16.99","24.99","0","0","1","1","16.67","0","0.0","28.39",,"0","0","0","0","0.0","0",,,,"0","0","0","2026-04-04"
"wood floating shelves for wall","369","355","9540","49","0.51","151","42.54","1","0.66","31.99","94.99","14","57","50","18","5.07","0","0.0","25.64",,"5","4","5","4","1.13","0","0.0","22.9",,"2","1","1","2026-04-04"
"12 16 picture frame","455","340","8344","24","0.29","150","44.12","1","0.67","8.99","25.99","30","47","27","69","20.29","0","0.0","8.99",,"20","22","12","21","6.18","0","0.0","8.86",,"5","8","3","2026-04-04"
"48 inch solid wood shelf","563","24","1054","13","1.23","9","37.5","1","11.11","68.0","102.99","0","3","3","0","0.0","0",,,,"0","0","0","0","0.0","0",,,,"0","0","0","2026-04-04"
"laptop shelf wall mount","816","27","543","6","1.1","12","44.44","1","8.33","19.99","26.99","0","3","7","7","25.93","0","0.0","14.99",,"0","3","3","2","7.41","0","0.0","7.99",,"0","1","0","2026-04-04"
"pictures frames all sizes","171","127","2660","6","0.23","17","13.39","1","5.88","19.89","45.99","0","7","6","5","3.94","1","20.0","28.99","45.99","0","1","2","0","0.0","0",,,,"0","0","0","2026-04-04"
"white and black shelves for bedroom","718","12","255","8","3.14","4","33.33","1","25.0","23.97","26.99","0","4","0","1","8.33","0","0.0","23.97",,"0","1","0","0","0.0","0",,,,"0","0","0","2026-04-04"
"matted frame","628","232","6878","11","0.16","69","29.74","1","1.45","24.29","20.99","12","28","13","5","2.16","0","0.0","31.42",,"0","2","1","2","0.86","0","0.0","8.49",,"0","1","1","2026-04-04"
"16 x 24 poster frame","633","598","17364","10","0.06","262","43.81","1","0.38","22.99","45.99","13","87","107","117","19.57","0","0.0","22.99",,"7","43","50","50","8.36","0","0.0","21.59",,"3","14","24","2026-04-04"
"22x28 frame matted","168","10","215","6","2.79","7","70.0","1","14.29","63.99","67.99","0","3","3","6","60.0","1","16.67","57.99","67.99","0","3","3","0","0.0","0",,,,"0","0","0","2026-04-04"
"28 x 40 thin wood frame","901","5","104","4","3.85","3","60.0","1","33.33","87.99","87.99","0","0","0","1","20.0","0","0.0","58.07",,"0","0","0","1","20.0","0","0.0","58.07",,"0","0","0","2026-04-04"
"48 x 8 floating shelf","561","17","451","13","2.88","10","58.82","1","10.0","90.94","102.99","0","5","1","0","0.0","0",,,,"0","0","0","0","0.0","0",,,,"0","0","0","2026-04-04"
"dark wood floating shelves live edge","549","7","155","15","9.68","4","57.14","1","25.0","114.99","114.99","0","0","1","0","0.0","0",,,,"0","0","0","0","0.0","0",,,,"0","0","0","2026-04-04"
"wall book shelf","121","2386","60790","32","0.05","875","36.67","1","0.11","28.04","28.99","82","359","214","190","7.96","1","0.53","27.47","28.99","14","79","61","22","0.92","0","0.0","25.99",,"2","14","3","2026-04-04"
"24x30 frame with mat walnut","194","3","66","3","4.55","2","66.67","1","50.0","73.99","73.99","0","0","1","1","33.33","1","100.0","73.99","73.99","0","0","0","0","0.0","0",,,,"0","0","0","2026-04-04"
"decorative white shelves for wall","625","18","502","11","2.19","4","22.22","1","25.0","39.99","48.99","0","0","1","0","0.0","0",,,,"0","0","0","0","0.0","0",,,,"0","0","0","2026-04-04"
"white floating shelves 8 inch deep","120","39","878","34","3.87","24","61.54","1","4.17","27.54","24.99","11","11","1","10","25.64","1","10.0","24.99","24.99","5","4","1","0","0.0","0",,,,"0","0","0","2026-04-04"
"wooden wall mounted shelves 12 inch depth","154","3","66","9","13.64","2","66.67","1","50.0","23.99","28.99","0","1","0","1","33.33","1","100.0","28.99","28.99","0","0","0","0","0.0","0",,,,"0","0","0","2026-04-04"
"8.5x11 picture frame","273","3075","83057","163","0.2","1372","44.62","2","0.15","7.99","21.99","258","656","276","667","21.69","0","0.0","6.09",,"145","334","121","389","12.65","0","0.0","5.99",,"87","195","72","2026-04-04"
"live edge shelves","276","586","15857","175","1.1","237","40.44","1","0.42","63.99","114.99","10","58","59","39","6.66","0","0.0","45.98",,"4","14","10","4","0.68","0","0.0","50.0",,"1","1","1","2026-04-04"
"16x24 bronze wood frame with mat","744","7","153","7","4.58","5","71.43","1","20.0","45.99","45.99","0","0","3","0","0.0","0",,,,"0","0","0","0","0.0","0",,,,"0","0","0","2026-04-04"
"heavy duty wall bookshelf","692","13","344","9","2.62","3","23.08","1","33.33","29.99","28.99","0","0","1","1","7.69","0","0.0","29.99",,"0","0","0","0","0.0","0",,,,"0","0","0","2026-04-04"
"heavy duty shelves","140","1834","49682","12","0.02","619","33.75","1","0.16","54.99","51.99","25","52","58","95","5.18","1","1.05","59.99","51.99","6","9","8","20","1.09","0","0.0","69.99",,"2","2","3","2026-04-04"
"wall shelf single","176","90","2162","5","0.23","38","42.22","1","2.63","14.82","26.99","6","15","10","6","6.67","1","16.67","14.82","26.99","0","2","2","1","1.11","0","0.0","15.99",,"0","0","0","2026-04-04"
"20x30 real glass frame","159","32","1069","8","0.75","9","28.13","1","11.11","58.99","57.99","0","3","5","4","12.5","1","25.0","34.99","57.99","0","1","3","1","3.13","0","0.0","34.99",,"0","0","1","2026-04-04"
"22x28 rounded walnut frame","695","4","89","8","8.99","8","200.0","1","12.5","65.99","67.99","0","0","2","0","0.0","0",,,,"0","0","0","0","0.0","0",,,,"0","0","0","2026-04-04"
"glass picture frames 8 1/2 by 11","49","11","333","3","0.9","11","100.0","1","9.09","11.39","19.99","0","5","6","2","18.18","1","50.0","10.61","19.99","0","1","1","1","9.09","1","100.0","19.99","19.99","0","1","0","2026-04-04"
"14 wide x 12 deep x 48 tall wood shelf","706","10","405","8","1.98","4","40.0","1","25.0","72.99","72.99","0","1","2","0","0.0","0",,,,"0","0","0","0","0.0","0",,,,"0","0","0","2026-04-04"
"28x40 tortoise frame","918","3","65","4","6.15","1","33.33","1","100.0","96.99","96.99","0","0","0","0","0.0","0",,,,"0","0","0","0","0.0","0",,,,"0","0","0","2026-04-04"
"8 inch floating shelf","765","217","4846","44","0.91","119","54.84","0","0.0","21.84",,"12","61","28","24","11.06","0","0.0","20.69",,"3","13","5","5","2.3","0","0.0","15.98",,"0","5","0","2026-04-04"
"wide shelf","513","694","17901","17","0.09","238","34.29","1","0.42","45.57","26.99","26","61","52","45","6.48","0","0.0","49.99",,"7","13","8","3","0.43","0","0.0","25.99",,"1","1","1","2026-04-04"
"estantes negros","854","14","291","5","1.72","8","57.14","1","12.5","94926.91","91274.48","0","0","0","2","14.29","0","0.0","11.89",,"0","0","0","0","0.0","0",,,,"0","0","0","2026-04-04"
"live edge wood floating shelves, deep","940","2","44","4","9.09","1","50.0","1","100.0","94.99","94.99","0","0","1","0","0.0","0",,,,"0","0","0","0","0.0","0",,,,"0","0","0","2026-04-04"
"brown black 16x16 picture frame","753","20","408","7","1.72","10","50.0","1","10.0","35.99","45.99","0","2","2","0","0.0","0",,,,"0","0","0","0","0.0","0",,,,"0","0","0","2026-04-04"
"wall shelves above a piano","404","10","194","2","1.03","5","50.0","2","40.0","39.99","60.99","1","2","1","0","0.0","0",,,,"0","0","0","0","0.0","0",,,,"0","0","0","2026-04-04"
"heavy duty wall mounted shelves","317","89","2150","47","2.19","34","38.2","2","5.88","59.99","24.99","0","12","8","7","7.87","0","0.0","59.99",,"0","3","1","1","1.12","0","0.0","59.99",,"0","0","1","2026-04-04"
"wood shelf with three brackets for hanging","361","5","110","15","13.64","5","100.0","2","40.0","109.99","112.99","0","0","2","0","0.0","0",,,,"0","0","0","0","0.0","0",,,,"0","0","0","2026-04-04"
"11 x 14 oak frame scalloped","218","2","44","2","4.55","4","200.0","1","25.0","26.99","24.99","3","0","1","3","150.0","1","33.33","36.99","24.99","3","0","0","0","0.0","0",,,,"0","0","0","2026-04-04"
"small shelf for wall","340","4272","110627","69","0.06","1704","39.89","1","0.06","14.49","25.99","213","855","383","370","8.66","0","0.0","12.99",,"54","174","81","107","2.5","0","0.0","11.99",,"15","70","14","2026-04-04"
"8 inch deep laundry closet shelves","126","7","153","22","14.38","3","42.86","1","33.33","24.99","24.99","0","0","3","1","14.29","1","100.0","24.99","24.99","0","0","1","0","0.0","0",,,,"0","0","0","2026-04-04"
"8.5 x 11 walnut frame real wood rounded edge","36","3","180","7","3.89","2","66.67","1","50.0","22.99","22.99","0","0","2","2","66.67","1","50.0","22.99","22.99","0","0","2","1","33.33","1","100.0","22.99","22.99","0","0","1","2026-04-04"
"shelves 48 inch by 12 inch closet","788","3","99","6","6.06","2","66.67","1","50.0","25.9","63.99","0","0","1","0","0.0","0",,,,"0","0","0","0","0.0","0",,,,"0","0","0","2026-04-04"
"driftwood 24x36 frame","734","7","155","7","4.52","6","85.71","1","16.67","56.93","81.99","0","0","0","1","14.29","0","0.0","83.99",,"0","0","0","0","0.0","0",,,,"0","0","0","2026-04-04"
"24x36 frame with mat","70","546","15718","348","2.21","221","40.48","4","1.81","53.58","76.99","0","45","71","69","12.64","1","1.45","49.99","76.99","0","20","22","22","4.03","0","0.0","42.99",,"0","11","6","2026-04-04"
"wall mounted shelving","129","334","9799","20","0.2","136","40.72","1","0.74","31.27","26.99","19","47","37","13","3.89","1","7.69","24.99","26.99","2","6","4","3","0.9","0","0.0","21.59",,"1","2","0","2026-04-04"
"27x40 picture frame","368","216","5585","49","0.88","86","39.81","1","1.16","53.99","87.99","0","8","28","30","13.89","0","0.0","52.99",,"0","2","12","8","3.7","0","0.0","46.99",,"0","1","4","2026-04-04"
"floating wall shelves","483","3718","101325","20","0.02","1441","38.76","1","0.07","25.49","24.99","297","551","282","216","5.81","0","0.0","23.82",,"47","95","29","47","1.26","0","0.0","20.99",,"14","21","9","2026-04-04"
"22x28 frame with mat wood","795","3","60","6","10.0","3","100.0","1","33.33","62.09","64.99","0","2","0","2","66.67","0","0.0","48.43",,"0","2","0","2","66.67","0","0.0","48.43",,"0","2","0","2026-04-04"
"light walnut 24x36 frame","350","20","444","21","4.73","22","110.0","2","9.09","82.99","83.99","0","1","9","4","20.0","0","0.0","63.99",,"0","0","0","1","5.0","0","0.0","83.99",,"0","0","0","2026-04-04"
"wood 11x14 picture frames","613","874","19472","48","0.25","334","38.22","0","0.0","14.99",,"47","168","70","105","12.01","0","0.0","14.99",,"14","48","25","50","5.72","0","0.0","11.99",,"6","24","16","2026-04-04"
"wood floating shelves","269","4539","117088","218","0.19","1941","42.76","1","0.05","34.99","114.99","213","648","583","321","7.07","0","0.0","29.99",,"35","130","80","53","1.17","0","0.0","26.99",,"7","23","12","2026-04-04"
"8x10 picture frame with real glass","365","26","689","13","1.89","18","69.23","2","11.11","15.99","17.99","4","2","10","4","15.38","0","0.0","17.99",,"1","2","1","3","11.54","0","0.0","17.99",,"1","1","1","2026-04-04"
"matted 12x18 frame","104","18","369","14","3.79","12","66.67","2","16.67","42.99","45.99","0","1","8","3","16.67","1","33.33","45.99","45.99","0","0","2","0","0.0","0",,,,"0","0","0","2026-04-04"
"5x7 walnut frame","5","14","372","7","1.88","7","50.0","2","28.57","16.99","16.99","0","5","2","4","28.57","2","50.0","16.99","16.99","0","2","2","3","21.43","2","66.67","16.99","16.99","0","2","1","2026-04-04"
"8 by 10 dark wood picture frames","41","3","67","5","7.46","2","66.67","1","50.0","18.99","18.99","0","2","0","1","33.33","1","100.0","18.99","18.99","0","1","0","1","33.33","1","100.0","18.99","18.99","0","1","0","2026-04-04"
"book shelves","125","27361","711263","26","0.0","7934","29.0","1","0.01","61.99","24.99","239","1464","1404","1517","5.54","1","0.07","61.99","24.99","51","288","239","140","0.51","0","0.0","49.99",,"9","40","26","2026-04-04"
"floating storage shelves","745","2427","51841","44","0.08","955","39.35","0","0.0","25.49",,"128","408","201","219","9.02","0","0.0","23.99",,"26","96","41","30","1.24","0","0.0","19.99",,"5","18","3","2026-04-04"
"24 x 36 x .75 canvas art frame inexpensive assembled with matting","618","12","266","11","4.14","14","116.67","1","7.14","55.99","81.99","0","0","7","1","8.33","0","0.0","98.99",,"0","0","0","0","0.0","0",,,,"0","0","0","2026-04-04"
"36 inch floating shelves for wall","19","84","2211","39","1.76","36","42.86","1","2.78","52.99","114.99","0","5","12","8","9.52","1","12.5","52.99","114.99","0","1","5","1","1.19","1","100.0","114.99","114.99","0","0","1","2026-04-04"
"48 48 photo frame","738","10","211","7","3.32","7","70.0","1","14.29","244.0","81.99","0","1","0","0","0.0","0",,,,"0","0","0","0","0.0","0",,,,"0","0","0","2026-04-04"
"8x10 dark brown picture frame","693","30","669","9","1.35","14","46.67","1","7.14","12.99","20.99","0","9","4","7","23.33","0","0.0","10.99",,"0","4","3","6","20.0","0","0.0","9.99",,"0","3","3","2026-04-04"
"wall shelving 8 inch","495","11","239","19","7.95","9","81.82","1","11.11","36.99","41.99","0","3","2","0","0.0","0",,,,"0","0","0","0","0.0","0",,,,"0","0","0","2026-04-04"
"regular book shelf","958","4","86","4","4.65","1","25.0","1","100.0","44.99","44.99","0","0","0","0","0.0","0",,,,"0","0","0","0","0.0","0",,,,"0","0","0","2026-04-04"
"small book shelf","282","4259","115877","190","0.16","1324","31.09","0","0.0","32.99",,"54","478","342","284","6.67","0","0.0","29.99",,"12","104","80","51","1.2","0","0.0","29.99",,"3","24","15","2026-04-04"
"24x30 frame","69","1715","47248","607","1.28","687","40.06","4","0.58","36.99","73.99","5","167","232","219","12.77","0","0.0","35.49",,"1","46","89","86","5.01","0","0.0","35.49",,"1","22","36","2026-04-04"
"27 x 40 glass picture frame black","934","4","88","4","4.55","3","75.0","1","33.33","97.99","96.99","0","0","2","1","25.0","0","0.0","97.99",,"0","0","1","0","0.0","0",,,,"0","0","0","2026-04-04"
"8x10 with mat wall picture frame","210","14","277","3","1.08","11","78.57","1","9.09","14.54","22.99","0","0","0","2","14.29","1","50.0","12.23","22.99","0","0","0","0","0.0","0",,,,"0","0","0","2026-04-04"
"white wal shelves 12x12","197","1","22","3","13.64","1","100.0","1","100.0","26.99","26.99","0","1","0","1","100.0","1","100.0","26.99","26.99","0","1","0","0","0.0","0",,,,"0","0","0","2026-04-04"
"floating shelves for coffee bar wall with hooks","109","13","289","7","2.42","6","46.15","2","33.33","51.99","51.99","0","0","2","1","7.69","1","100.0","63.99","63.99","0","0","0","0","0.0","0",,,,"0","0","0","2026-04-04"
"natural wood bamboo frame","238","2","41","1","2.44","1","50.0","1","100.0","22.99","22.99","0","0","0","1","50.0","1","100.0","22.99","22.99","0","0","0","0","0.0","0",,,,"0","0","0","2026-04-04"
"8.5x11 picture frame roubd edge","170","2","44","6","13.64","1","50.0","1","100.0","21.99","21.99","0","0","1","1","50.0","1","100.0","21.99","21.99","0","0","1","0","0.0","0",,,,"0","0","0","2026-04-04"
"8x10 frame with matte brown wood","965","4","84","4","4.76","4","100.0","1","25.0","9.99","20.99","0","4","0","1","25.0","0","0.0","9.99",,"0","1","0","0","0.0","0",,,,"0","0","0","2026-04-04"
"wide wall shelf","454","194","4345","24","0.55","81","41.75","1","1.23","29.99","60.99","8","40","20","12","6.19","0","0.0","21.74",,"1","8","2","5","2.58","0","0.0","29.82",,"1","2","2","2026-04-04"
"12 inch deep wood shelf boards","519","10","198","17","8.59","4","40.0","1","25.0","15.95","51.99","0","0","1","0","0.0","0",,,,"0","0","0","0","0.0","0",,,,"0","0","0","2026-04-04"
"11 x 16 frame","629","227","7474","11","0.15","93","40.97","1","1.08","9.99","25.99","1","45","29","41","18.06","0","0.0","9.99",,"1","22","9","21","9.25","0","0.0","9.99",,"1","13","5","2026-04-04"
"16x24 wood frame with glass","30","30","652","9","1.38","20","66.67","1","5.0","31.49","45.99","0","12","6","7","23.33","1","14.29","45.99","45.99","0","5","1","4","13.33","1","25.0","25.38","45.99","0","3","0","2026-04-04"
"double sided pictures frame","880","15","675","5","0.74","6","40.0","1","16.67","24.99","24.99","0","2","4","0","0.0","0",,,,"0","0","0","0","0.0","0",,,,"0","0","0","2026-04-04"
"small wall shelves for small spaces 12 inches deep","931","5","131","4","3.05","2","40.0","1","50.0","22.99","26.99","0","1","1","1","20.0","0","0.0","22.99",,"0","1","0","0","0.0","0",,,,"0","0","0","2026-04-04"
"24x30 frame with cream mat light oak 3 set","147","3","66","9","13.64","3","100.0","1","33.33","62.04","73.99","0","0","2","1","33.33","1","100.0","73.99","73.99","0","0","1","0","0.0","0",,,,"0","0","0","2026-04-04"
"wall shelves for shed 12 x 12","386","8","390","7","1.79","4","50.0","2","50.0","25.99","24.99","0","3","0","0","0.0","0",,,,"0","0","0","0","0.0","0",,,,"0","0","0","2026-04-04"
"30inch shelf for wall","746","29","640","7","1.09","13","44.83","1","7.69","49.99","26.99","0","3","6","1","3.45","0","0.0","47.99",,"0","1","0","0","0.0","0",,,,"0","0","0","2026-04-04"
"12 x 16 walnut frame","878","11","453","5","1.1","8","72.73","1","12.5","24.72","26.99","0","1","6","5","45.45","0","0.0","24.72",,"0","0","4","3","27.27","0","0.0","24.72",,"0","0","3","2026-04-04"
"white wooden shelf for wall","174","40","855","6","0.7","15","37.5","1","6.67","28.99","24.99","0","4","3","2","5.0","1","50.0","19.99","24.99","0","1","1","1","2.5","0","0.0","19.99",,"0","1","0","2026-04-04"
"wooden frame","302","1392","37467","98","0.26","316","22.7","1","0.32","17.99","25.99","35","135","74","77","5.53","0","0.0","15.99",,"11","31","24","13","0.93","0","0.0","16.99",,"2","7","4","2026-04-04"
"16x24 gold frame wood","195","5","104","3","2.88","2","40.0","1","50.0","24.99","45.99","0","2","0","1","20.0","1","100.0","45.99","45.99","0","1","0","0","0.0","0",,,,"0","0","0","2026-04-04"
"floating closet shelves","167","232","6096","6","0.1","83","35.78","1","1.2","35.99","72.99","11","31","15","9","3.88","1","11.11","46.99","72.99","0","2","4","0","0.0","0",,,,"0","0","0","2026-04-04"
"live edge floating shelves for wall","727","86","2106","44","2.09","24","27.91","0","0.0","99.99",,"0","4","6","4","4.65","0","0.0","88.2",,"0","1","0","2","2.33","0","0.0","61.74",,"0","1","0","2026-04-04"
"shelves on wall","94","17712","415453","70","0.02","6239","35.22","1","0.02","23.99","48.99","1060","2580","1320","1256","7.09","1","0.08","22.99","48.99","233","567","217","231","1.3","0","0.0","20.99",,"57","120","29","2026-04-04"
"estante de pared de 16"" × 9""","859","72","1584","42","2.65","44","61.11","0","0.0","22.49",,"0","16","25","1","1.39","0","0.0","23.79",,"0","1","0","0","0.0","0",,,,"0","0","0","2026-04-04"
"wall shelves 8 inches deep","436","49","1471","63","4.28","30","61.22","0","0.0","29.99",,"3","14","12","2","4.08","0","0.0","33.95",,"0","0","2","2","4.08","0","0.0","33.95",,"0","0","2","2026-04-04"
"white shelf for wall","324","2101","52070","44","0.08","897","42.69","2","0.22","22.99","24.99","141","373","202","255","12.14","0","0.0","21.99",,"38","114","48","48","2.28","0","0.0","19.99",,"9","32","5","2026-04-04"
"floating shelves 18 in w","928","12","720","4","0.56","10","83.33","1","10.0","29.99","26.99","0","0","0","0","0.0","0",,,,"0","0","0","0","0.0","0",,,,"0","0","0","2026-04-04"
"metal and wood floating shelves industrial","475","68","1509","22","1.46","20","29.41","1","5.0","28.79","28.99","2","11","0","6","8.82","0","0.0","18.97",,"1","4","0","1","1.47","0","0.0","28.79",,"0","1","0","2026-04-04"
"flat shelves for wall","988","17","406","4","0.99","6","35.29","1","16.67","19.99","28.99","2","3","0","3","17.65","0","0.0","19.99",,"1","1","0","0","0.0","0",,,,"0","0","0","2026-04-04"
"book wall organizer","944","6","133","4","3.01","4","66.67","1","25.0","19.69","28.99","0","2","1","1","16.67","0","0.0","16.49",,"0","0","0","0","0.0","0",,,,"0","0","0","2026-04-04"
"16 x24 wood frame","997","3","64","4","6.25","1","33.33","1","100.0","45.99","45.99","0","0","0","0","0.0","0",,,,"0","0","0","0","0.0","0",,,,"0","0","0","2026-04-04"
"live edge shelf with resin","636","12","229","10","4.37","6","50.0","1","16.67","60.0","131.99","0","0","0","0","0.0","0",,,,"0","0","0","0","0.0","0",,,,"0","0","0","2026-04-04"
"wall decor","416","198102","4744678","70","0.0","51341","25.92","0","0.0","20.99",,"4651","17731","11838","15286","7.72","0","0.0","17.99",,"1798","5497","3387","896","0.45","0","0.0","14.99",,"185","413","155","2026-04-04"
"wall shelf wood","631","449","11529","11","0.1","150","33.41","1","0.67","26.09","24.99","16","50","28","34","7.57","0","0.0","29.99",,"1","5","3","1","0.22","0","0.0","26.99",,"0","0","0","2026-04-04"
"16x24+frame+wood+glass","127","7","420","21","5.0","7","100.0","1","14.29","33.59","45.99","0","0","4","4","57.14","1","25.0","33.59","45.99","0","0","2","1","14.29","0","0.0","57.99",,"0","0","0","2026-04-04"
"photoframe","754","103","3224","7","0.22","32","31.07","1","3.13","16.99","17.99","3","18","0","8","7.77","0","0.0","7.99",,"2","4","0","4","3.88","0","0.0","7.99",,"1","3","0","2026-04-04"
"thick light wood floating shelves","582","22","452","12","2.65","12","54.55","1","8.33","71.9","94.99","0","6","3","1","4.55","0","0.0","27.99",,"0","1","0","0","0.0","0",,,,"0","0","0","2026-04-04"
"24x30 frame uv","959","7","307","4","1.3","58","828.57","1","1.72","39.99","73.99","0","8","39","0","0.0","0",,,,"0","0","0","0","0.0","0",,,,"0","0","0","2026-04-04"
"8 x 10 picture frame with mat for self standing for baby picture","995","4","82","4","4.88","2","50.0","1","50.0","9.99","17.99","0","0","2","1","25.0","0","0.0","9.99",,"0","0","1","1","25.0","0","0.0","9.99",,"0","0","1","2026-04-04"
"floating book shelves for wall","531","7595","175409","16","0.01","3004","39.55","1","0.03","27.1","48.99","374","1256","680","739","9.73","0","0.0","25.87",,"104","325","176","119","1.57","0","0.0","20.99",,"20","59","24","2026-04-04"
"kitchen shelves for cooking books","615","19","422","11","2.61","8","42.11","1","12.5","26.99","26.99","1","0","6","0","0.0","0",,,,"0","0","0","0","0.0","0",,,,"0","0","0","2026-04-04"
"heavy duty wall shelf decor","322","30","613","7","1.14","16","53.33","3","18.75","59.99","63.99","0","7","5","0","0.0","0",,,,"0","0","0","0","0.0","0",,,,"0","0","0","2026-04-04"
"repisas flotantes de pared","357","12158","269657","56","0.02","4428","36.42","1","0.02","24.99","24.99","717","1255","610","592","4.87","0","0.0","22.99",,"128","189","65","94","0.77","0","0.0","21.99",,"28","37","14","2026-04-04"
"11x14 picture frame no mat","877","83","2121","5","0.24","40","48.19","1","2.5","8.99","22.99","2","16","13","16","19.28","0","0.0","8.54",,"1","9","1","10","12.05","0","0.0","8.54",,"1","7","1","2026-04-04"
"wood decorative shelves","229","24","488","2","0.41","14","58.33","1","7.14","29.99","48.99","0","7","6","2","8.33","1","50.0","29.99","48.99","0","0","1","0","0.0","0",,,,"0","0","0","2026-04-04"
"27x40 matted picture frame","932","2","42","4","9.52","2","100.0","1","50.0","43.99","87.99","0","0","1","1","50.0","0","0.0","43.99",,"0","0","1","1","50.0","0","0.0","43.99",,"0","0","1","2026-04-04"
"farmhouse wood floating shelves rustic live edge","840","5","109","6","5.5","3","60.0","1","33.33","99.99","94.99","0","0","2","0","0.0","0",,,,"0","0","0","0","0.0","0",,,,"0","0","0","2026-04-04"
"live edge wood shelves","411","181","4844","73","1.51","67","37.02","0","0.0","85.0",,"1","16","23","13","7.18","0","0.0","44.99",,"1","4","5","1","0.55","0","0.0","61.99",,"0","0","1","2026-04-04"
"11x 14 8x 10 matted picture frame with kickstand","724","7","156","7","4.49","3","42.86","1","33.33","22.99","22.99","0","0","2","0","0.0","0",,,,"0","0","0","0","0.0","0",,,,"0","0","0","2026-04-04"
"wooden shelves live edge","994","4","172","4","2.33","2","50.0","1","50.0","99.74","114.99","0","0","2","0","0.0","0",,,,"0","0","0","0","0.0","0",,,,"0","0","0","2026-04-04"
"12 x 16 natural wood frame","107","17","651","9","1.38","16","94.12","2","12.5","19.99","25.99","0","8","4","4","23.53","1","25.0","9.99","25.99","0","1","1","2","11.76","0","0.0","9.99",,"0","0","1","2026-04-04"
"wall shelves 12 inch depth","108","8","187","7","3.74","5","62.5","2","40.0","29.99","26.99","0","2","2","2","25.0","1","50.0","26.99","26.99","0","1","1","0","0.0","0",,,,"0","0","0","2026-04-04"
"picture frame 5x7","397","1752","50626","40","0.08","701","40.01","1","0.14","9.99","16.99","107","407","112","288","16.44","0","0.0","7.99",,"58","157","41","150","8.56","0","0.0","7.99",,"32","86","19","2026-04-04"
"live edge floating shelf 60 rustic","630","3","66","11","16.67","2","66.67","1","50.0","89.99","131.99","0","0","0","0","0.0","0",,,,"0","0","0","0","0.0","0",,,,"0","0","0","2026-04-04"
"shelves for kitchen wall","494","610","15639","19","0.12","221","36.23","1","0.45","27.99","27.99","21","81","52","38","6.23","0","0.0","29.99",,"8","15","11","5","0.82","0","0.0","21.99",,"2","3","0","2026-04-04"
"85 inch floating shelf","567","60","1692","13","0.77","36","60.0","1","2.78","149.0","169.99","0","8","2","3","5.0","0","0.0","149.0",,"0","0","0","0","0.0","0",,,,"0","0","0","2026-04-04"
"24x36 rounded corner frame","896","16","462","42","9.09","6","37.5","0","0.0","74.99",,"0","2","0","0","0.0","0",,,,"0","0","0","0","0.0","0",,,,"0","0","0","2026-04-04"
"kitchen shelves wall mounted","989","1556","40588","41","0.1","538","34.58","0","0.0","35.99",,"40","199","138","83","5.33","0","0.0","25.99",,"4","38","14","8","0.51","0","0.0","21.84",,"1","4","1","2026-04-04"
"square wall shelves","863","99","2814","5","0.18","33","33.33","1","3.03","29.99","24.99","6","10","12","5","5.05","0","0.0","27.99",,"0","3","1","1","1.01","0","0.0","28.79",,"0","1","0","2026-04-04"
"19"" × 8"" wall shelf","671","9","198","9","4.55","9","100.0","1","11.11","38.95","24.99","0","3","3","0","0.0","0",,,,"0","0","0","0","0.0","0",,,,"0","0","0","2026-04-04"
"wall shelf like home","207","3","61","3","4.92","2","66.67","1","50.0","23.99","24.99","0","0","0","2","66.67","1","50.0","23.99","24.99","0","0","0","0","0.0","0",,,,"0","0","0","2026-04-04"
"16 x 10 wooden puzzle picture frames","332","18","310","3","0.97","27","150.0","3","11.11","21.69","17.99","0","16","5","0","0.0","0",,,,"0","0","0","0","0.0","0",,,,"0","0","0","2026-04-04"
"wall display shelf","134","1200","30750","16","0.05","414","34.5","1","0.24","29.69","48.99","47","151","86","67","5.58","1","1.49","29.69","48.99","5","24","17","10","0.83","0","0.0","19.99",,"1","5","2","2026-04-04"
"umbra frame","801","78","2073","6","0.29","28","35.9","1","3.57","29.99","18.99","5","16","2","5","6.41","0","0.0","35.0",,"1","4","0","0","0.0","0",,,,"0","0","0","2026-04-04"
"24x36 barnwood frame","155","11","220","8","3.64","9","81.82","1","11.11","83.99","76.99","0","0","5","3","27.27","1","33.33","76.99","76.99","0","0","1","1","9.09","0","0.0","45.99",,"0","0","0","2026-04-04"
"11 x 14 wooden frame matted to 8x10 photos","529","13","607","16","2.64","6","46.15","1","16.67","29.99","24.99","0","2","2","3","23.08","0","0.0","34.99",,"0","1","1","1","7.69","0","0.0","29.99",,"0","0","0","2026-04-04"
"dark wood picture frame","162","71","1975","7","0.35","20","28.17","1","5.0","12.99","18.99","0","10","6","5","7.04","1","20.0","6.99","18.99","0","3","0","1","1.41","0","0.0","6.99",,"0","1","0","2026-04-04"
"wedding photo frames for wall","708","89","2237","8","0.36","36","40.45","1","2.78","24.99","24.99","2","19","6","3","3.37","0","0.0","28.12",,"1","1","1","0","0.0","0",,,,"0","0","0","2026-04-04"
"22 x 12 wall shelf","610","6","133","12","9.02","7","116.67","1","14.29","40.49","51.99","0","0","4","0","0.0","0",,,,"0","0","0","0","0.0","0",,,,"0","0","0","2026-04-04"
"16x28 frame matted to 12x24","165","14","332","6","1.81","5","35.71","1","20.0","31.99","67.99","0","1","2","1","7.14","1","100.0","67.99","67.99","0","0","0","0","0.0","0",,,,"0","0","0","2026-04-04"
"estantes de madera para pared 36 w"" 10"" deep","183","4","240","4","1.67","5","125.0","1","20.0","35.99","63.99","0","4","1","1","25.0","1","100.0","63.99","63.99","0","1","0","0","0.0","0",,,,"0","0","0","2026-04-04"
"12x36 black shelving","113","3","99","6","6.06","7","233.33","2","28.57","59.99","63.99","0","0","4","2","66.67","1","50.0","59.99","63.99","0","0","1","0","0.0","0",,,,"0","0","0","2026-04-04"
"estante para pared para poner cafetera","383","10","212","7","3.3","14","140.0","2","14.29","43.69","28.99","0","1","11","1","10.0","0","0.0","29.99",,"0","0","1","0","0.0","0",,,,"0","0","0","2026-04-04"
"real wood shelves","621","114","2809","11","0.39","47","41.23","1","2.13","59.99","63.99","2","9","18","5","4.39","0","0.0","80.74",,"0","1","0","0","0.0","0",,,,"0","0","0","2026-04-04"
"floating box shelves for wall","709","155","4203","8","0.19","48","30.97","1","2.08","39.99","26.99","7","7","12","3","1.94","0","0.0","45.99",,"0","0","0","0","0.0","0",,,,"0","0","0","2026-04-04"
"11x14 wood picture frame","26","388","10860","17","0.16","197","50.77","1","0.51","14.39","24.99","20","81","39","65","16.75","1","1.54","13.99","24.99","11","29","8","22","5.67","1","4.55","11.99","24.99","6","10","4","2026-04-04"
"27x40 frame with mat","74","65","1502","37","2.46","30","46.15","2","6.67","69.99","87.99","0","6","9","13","20.0","2","15.38","84.59","87.99","0","3","3","3","4.62","0","0.0","84.59",,"0","2","1","2026-04-04"
"shallow wall shelf","723","184","5182","7","0.14","68","36.96","1","1.47","23.99","48.99","7","23","22","6","3.26","0","0.0","17.99",,"0","6","0","2","1.09","0","0.0","13.99",,"0","2","0","2026-04-04"
"large decorative wall shelf boho","362","19","524","14","2.67","10","52.63","2","20.0","28.99","24.99","0","0","5","3","15.79","0","0.0","27.99",,"0","0","1","0","0.0","0",,,,"0","0","0","2026-04-04"
"4x6 picture frame acacia wood","694","9","201","8","3.98","6","66.67","1","16.67","14.99","14.99","0","4","2","0","0.0","0",,,,"0","0","0","0","0.0","0",,,,"0","0","0","2026-04-04"
"wall shelves 12 inches deep","414","80","2092","33","1.58","36","45.0","1","2.78","34.82","24.99","1","12","14","5","6.25","0","0.0","42.99",,"0","2","2","1","1.25","0","0.0","59.99",,"0","0","0","2026-04-04"
"wall shelf deep","674","98","2710","46","1.7","44","44.9","0","0.0","25.99",,"3","26","10","5","5.1","0","0.0","22.99",,"1","2","2","4","4.08","0","0.0","19.99",,"1","1","2","2026-04-04"
"8x10 japandi wall frame","962","11","233","4","1.72","9","81.82","1","11.11","18.99","18.99","0","8","0","0","0.0","0",,,,"0","0","0","0","0.0","0",,,,"0","0","0","2026-04-04"
"16 inch white shelf with l brackets","850","3","67","5","7.46","1","33.33","1","100.0","41.99","41.99","0","0","1","0","0.0","0",,,,"0","0","0","0","0.0","0",,,,"0","0","0","2026-04-04"
"floating shelf heavy duty","285","141","3672","32","0.87","61","43.26","4","6.56","55.99","48.99","4","17","17","3","2.13","0","0.0","27.98",,"0","2","1","2","1.42","0","0.0","14.96",,"0","2","0","2026-04-04"
"floating shelves for wall","73","77037","1819996","262","0.01","29143","37.83","3","0.01","24.98","28.99","4912","11302","6505","4932","6.4","1","0.02","23.82","28.99","888","1980","1054","916","1.19","0","0.0","22.99",,"245","410","164","2026-04-04"
"handcrafted 36"" live edge shelves","953","2","120","4","3.33","1","50.0","1","100.0","114.99","114.99","0","1","0","0","0.0","0",,,,"0","0","0","0","0.0","0",,,,"0","0","0","2026-04-04"
"18x24 frame with mat","101","1495","41056","53","0.13","573","38.33","1","0.17","34.99","64.99","18","159","213","167","11.17","1","0.6","34.99","64.99","8","53","65","54","3.61","0","0.0","34.99",,"3","21","21","2026-04-04"
"8x10 wood frame","15","698","18833","115","0.61","329","47.13","3","0.91","13.99","18.99","25","188","71","133","19.05","1","0.75","9.99","18.99","15","72","29","42","6.02","1","2.38","9.99","18.99","4","27","10","2026-04-04"
"walnut frame","82","450","12731","170","1.34","164","36.44","2","1.22","29.99","24.99","2","65","53","45","10.0","1","2.22","29.99","45.99","1","19","18","6","1.33","0","0.0","25.99",,"0","3","2","2026-04-04"
"real wood frames","364","35","863","13","1.51","11","31.43","2","18.18","25.99","22.99","0","3","5","2","5.71","0","0.0","15.99",,"0","1","0","0","0.0","0",,,,"0","0","0","2026-04-04"
"floating wall shelves wood metal","861","57","1200","5","0.42","30","52.63","1","3.33","25.64","28.99","3","17","9","2","3.51","0","0.0","20.79",,"0","1","1","2","3.51","0","0.0","20.79",,"0","1","1","2026-04-04"
"17 by 23 frame","848","29","641","5","0.78","16","55.17","1","6.25","39.94","24.99","1","4","1","3","10.34","0","0.0","33.99",,"1","1","0","0","0.0","0",,,,"0","0","0","2026-04-04"
"27 x 40 poster frame","89","862","24031","271","1.13","353","40.95","3","0.85","43.99","87.99","0","55","91","134","15.55","0","0.0","42.99",,"0","18","43","55","6.38","0","0.0","43.99",,"0","7","22","2026-04-04"
"shelves floating 8 feet wood","110","4","200","7","3.5","2","50.0","2","100.0","114.99","114.99","0","0","2","1","25.0","1","100.0","114.99","114.99","0","0","1","0","0.0","0",,,,"0","0","0","2026-04-04"
"floating shelves heavy duty","493","346","8774","56","0.64","134","38.73","0","0.0","55.99",,"9","43","44","13","3.76","0","0.0","49.99",,"0","3","5","2","0.58","0","0.0","15.29",,"0","1","1","2026-04-04"
"frame 8x10","500","886","26568","18","0.07","387","43.68","1","0.26","8.49","20.99","79","191","68","175","19.75","0","0.0","6.99",,"40","87","27","79","8.92","0","0.0","5.99",,"23","40","9","2026-04-04"
"20x24 rounded edge frame","617","5","103","11","10.68","2","40.0","1","50.0","49.99","49.99","0","0","1","0","0.0","0",,,,"0","0","0","0","0.0","0",,,,"0","0","0","2026-04-04"
"12 inch deep wall shelves","354","26","629","19","3.02","10","38.46","2","20.0","33.99","26.99","0","5","2","0","0.0","0",,,,"0","0","0","0","0.0","0",,,,"0","0","0","2026-04-04"
"16x24 frame round","42","2","118","5","4.24","6","300.0","1","16.67","52.99","49.99","0","1","3","2","100.0","1","50.0","49.99","49.99","0","0","1","1","50.0","1","100.0","49.99","49.99","0","0","0","2026-04-04"
"extra large corner floating shelves","569","44","933","13","1.39","12","27.27","1","8.33","39.99","72.99","0","1","6","1","2.27","0","0.0","38.99",,"0","1","0","0","0.0","0",,,,"0","0","0","2026-04-04"
"walnut frame 24x36","681","40","900","9","1.0","19","47.5","1","5.26","84.99","26.99","0","3","7","4","10.0","0","0.0","84.99",,"0","0","2","2","5.0","0","0.0","53.58",,"0","0","2","2026-04-04"
"24 inch wood floating shelves","323","81","1979","7","0.35","41","50.62","3","7.32","54.99","94.99","5","11","12","5","6.17","0","0.0","29.99",,"1","1","2","1","1.23","0","0.0","128.8",,"0","0","0","2026-04-04"
"18 x 24 picture frame","550","1551","45394","15","0.03","649","41.84","1","0.15","28.49","45.99","49","166","240","276","17.79","0","0.0","27.99",,"24","81","100","112","7.22","0","0.0","27.99",,"8","41","40","2026-04-04"
"book shelf","91","219118","5340342","333","0.01","62020","28.3","1","0.0","56.0","51.99","2726","13867","12478","13188","6.02","0","0.0","54.14",,"698","2955","2498","1349","0.62","0","0.0","44.15",,"121","449","262","2026-04-04"
"8.5 by 11 picture frame with mat","504","158","4114","18","0.44","76","48.1","1","1.32","13.99","22.99","7","48","13","19","12.03","0","0.0","13.99",,"1","15","2","11","6.96","0","0.0","13.99",,"1","9","1","2026-04-04"
"live edge walnut floating shelves","764","42","883","44","4.98","17","40.48","0","0.0","89.99",,"0","5","5","7","16.67","0","0.0","55.7",,"0","4","1","0","0.0","0",,,,"0","0","0","2026-04-04"
"one 2 ft light wood shelf for wall","60","1","19","1","5.26","1","100.0","1","100.0","89.99","89.99","0","0","1","1","100.0","1","100.0","89.99","89.99","0","0","1","1","100.0","1","100.0","89.99","89.99","0","0","1","2026-04-04"
"heavy duty wall shelf","508","887","24570","54","0.22","316","35.63","0","0.0","40.99",,"15","106","78","40","4.51","0","0.0","44.99",,"3","13","12","8","0.9","0","0.0","44.99",,"0","1","3","2026-04-04"
"single shelf for wall","435","317","9121","27","0.3","104","32.81","1","0.96","16.82","24.99","15","44","13","18","5.68","0","0.0","16.71",,"5","5","1","4","1.26","0","0.0","9.99",,"2","2","0","2026-04-04"
"large thick light wood frame with matte","146","5","111","10","9.01","3","60.0","1","33.33","47.99","45.99","0","0","3","2","40.0","1","50.0","45.99","45.99","0","0","2","0","0.0","0",,,,"0","0","0","2026-04-04"
"wood shelves with brackets","152","74","2182","9","0.41","27","36.49","1","3.7","25.99","60.99","2","9","3","3","4.05","1","33.33","43.99","60.99","0","1","0","0","0.0","0",,,,"0","0","0","2026-04-04"
"16 x 24 wooden picture frame with mat","648","6","320","10","3.13","4","66.67","1","25.0","42.99","45.99","0","1","2","1","16.67","0","0.0","42.99",,"0","0","0","0","0.0","0",,,,"0","0","0","2026-04-04"
"4x6” wooden frame","220","9","254","2","0.79","5","55.56","1","20.0","8.99","14.99","0","2","3","3","33.33","1","33.33","14.99","14.99","0","2","1","0","0.0","0",,,,"0","0","0","2026-04-04"
"4x6 frames","17","2028","58817","15","0.03","875","43.15","2","0.23","15.99","13.99","132","465","172","403","19.87","1","0.25","14.99","13.99","61","222","74","161","7.94","1","0.62","13.99","13.99","33","90","30","2026-04-04"
"24 kitchen wall shelf","970","3","67","4","5.97","4","133.33","1","25.0","39.97","51.99","0","0","3","0","0.0","0",,,,"0","0","0","0","0.0","0",,,,"0","0","0","2026-04-04"
"shelf for cork board","751","28","706","7","0.99","18","64.29","1","5.56","9.99","26.99","0","13","5","4","14.29","0","0.0","9.99",,"0","3","1","1","3.57","0","0.0","9.99",,"0","0","1","2026-04-04"
"picture frame matted for 8.5 x 11 picture","418","18","392","32","8.16","12","66.67","1","8.33","24.99","24.99","0","0","5","0","0.0","0",,,,"0","0","0","0","0.0","0",,,,"0","0","0","2026-04-04"
"wall mounted office shelving","951","10","496","4","0.81","4","40.0","1","25.0","69.99","63.99","0","0","3","0","0.0","0",,,,"0","0","0","0","0.0","0",,,,"0","0","0","2026-04-04"
"11x8.5 picture frame","439","653","16746","26","0.16","315","48.24","1","0.32","5.99","19.99","66","151","53","165","25.27","0","0.0","5.89",,"39","84","29","91","13.94","0","0.0","5.89",,"26","45","16","2026-04-04"
"24x30 frames","712","166","5562","45","0.81","46","27.71","0","0.0","38.24",,"0","11","19","10","6.02","0","0.0","35.99",,"0","4","4","2","1.2","0","0.0","33.75",,"0","2","0","2026-04-04"
"brick 5x7 photo frame","873","5","110","5","4.55","4","80.0","1","25.0","16.99","16.99","0","0","0","1","20.0","0","0.0","18.99",,"0","0","0","0","0.0","0",,,,"0","0","0","2026-04-04"
"wall shelves 10in deep","384","7","140","7","5.0","8","114.29","2","25.0","25.99","24.99","0","3","0","0","0.0","0",,,,"0","0","0","0","0.0","0",,,,"0","0","0","2026-04-04"
"22x28 minimalist frame","542","5","110","15","13.64","3","60.0","1","33.33","59.99","64.99","0","0","1","0","0.0","0",,,,"0","0","0","0","0.0","0",,,,"0","0","0","2026-04-04"
"art frames","304","902","26280","22","0.08","242","26.83","3","1.24","23.99","25.99","25","101","47","45","4.99","0","0.0","22.99",,"8","18","7","10","1.11","0","0.0","23.28",,"0","5","2","2026-04-04"
"graduation picture frames 8.5 x 11 for hanging","256","4","86","1","1.16","2","50.0","1","50.0","9.99","19.99","0","0","1","1","25.0","1","100.0","19.99","19.99","0","0","0","0","0.0","0",,,,"0","0","0","2026-04-04"
"wood floating shelf with black brackets","909","2","44","4","9.09","1","50.0","1","100.0","26.99","26.99","0","1","0","0","0.0","0",,,,"0","0","0","0","0.0","0",,,,"0","0","0","2026-04-04"
"14x11 picture frames glass","687","11","309","9","2.91","8","72.73","1","12.5","11.99","22.99","1","4","3","6","54.55","0","0.0","7.99",,"1","2","3","5","45.45","0","0.0","7.99",,"1","1","3","2026-04-04"
"12x18 frame wooden matted","772","5","111","6","5.41","3","60.0","1","33.33","34.19","45.99","0","0","1","0","0.0","0",,,,"0","0","0","0","0.0","0",,,,"0","0","0","2026-04-04"
"floating shelves","97","139229","3433016","246","0.01","55597","39.93","3","0.01","24.98","51.99","9272","21711","12182","9081","6.52","0","0.0","23.82",,"1601","3654","1872","1784","1.28","0","0.0","21.99",,"483","790","299","2026-04-04"
"brushed nickel picture frame","58","73","1666","1","0.06","32","43.84","1","3.13","16.99","57.99","1","18","8","5","6.85","1","20.0","14.08","57.99","1","3","1","1","1.37","1","100.0","57.99","57.99","0","0","1","2026-04-04"
"27 x 40 poster frame matted tempered","823","3","66","6","9.09","4","133.33","1","25.0","79.99","87.99","0","3","0","1","33.33","0","0.0","79.99",,"0","1","0","1","33.33","0","0.0","79.99",,"0","1","0","2026-04-04"
"8 inch deep wall shelf","23","31","695","24","3.45","10","32.26","1","10.0","27.47","24.99","0","5","2","2","6.45","1","50.0","24.99","24.99","0","1","0","1","3.23","1","100.0","24.99","24.99","0","1","0","2026-04-04"
"estante para gaveta","884","3","61","5","8.2","1","33.33","1","100.0","48.99","48.99","0","0","0","0","0.0","0",,,,"0","0","0","0","0.0","0",,,,"0","0","0","2026-04-04"
"12x48 shelf","578","38","1024","13","1.27","12","31.58","1","8.33","63.64","72.99","0","4","1","1","2.63","0","0.0","119.99",,"0","0","1","0","0.0","0",,,,"0","0","0","2026-04-04"
"24 length by 10 inches depth wood floating shelves","684","3","180","9","5.0","5","166.67","1","20.0","69.99","89.99","0","2","2","0","0.0","0",,,,"0","0","0","0","0.0","0",,,,"0","0","0","2026-04-04"
"black wall shelf","281","1555","40283","160","0.4","554","35.63","1","0.18","24.99","51.99","52","208","135","130","8.36","0","0.0","23.99",,"13","55","29","22","1.41","0","0.0","21.84",,"3","10","3","2026-04-04"
"shelves ready to install","971","4","76","4","5.26","6","150.0","1","16.67","26.99","26.99","0","5","0","0","0.0","0",,,,"0","0","0","0","0.0","0",,,,"0","0","0","2026-04-04"
"22x28frame with matt","841","3","66","6","9.09","2","66.67","1","50.0","59.99","64.99","0","0","0","0","0.0","0",,,,"0","0","0","0","0.0","0",,,,"0","0","0","2026-04-04"
"8 1/2 x 11 picture frame","24","1614","50393","23","0.05","727","45.04","1","0.14","8.49","22.99","132","371","131","346","21.44","1","0.29","5.99","22.99","69","184","64","210","13.01","1","0.48","5.99","22.99","51","112","40","2026-04-04"
"12x24 frame with mat","906","91","2424","4","0.17","31","34.07","1","3.23","37.39","49.99","0","8","11","8","8.79","0","0.0","35.99",,"0","2","4","3","3.3","0","0.0","39.99",,"0","1","2","2026-04-04"
"16x24 picture frame","247","3386","84101","146","0.17","1355","40.02","4","0.3","24.99","45.99","65","429","513","624","18.43","0","0.0","24.99",,"33","211","236","219","6.47","0","0.0","22.99",,"13","88","76","2026-04-04"
"wallshelf for living room","990","13","280","4","1.43","4","30.77","1","25.0","22.94","48.99","0","2","0","1","7.69","0","0.0","25.49",,"0","1","0","0","0.0","0",,,,"0","0","0","2026-04-04"
"live edge walnut floating shelves 32” farmhouse solid","547","15","300","15","5.0","12","80.0","1","8.33","109.99","94.99","0","4","5","0","0.0","0",,,,"0","0","0","0","0.0","0",,,,"0","0","0","2026-04-04"
"shelf 16 x 7 wall mount","858","5","300","5","1.67","5","100.0","1","20.0","23.99","24.99","0","2","3","1","20.0","0","0.0","23.99",,"0","1","0","0","0.0","0",,,,"0","0","0","2026-04-04"
"3 count 16in 8 in deepfloating book shelf","741","7","140","7","5.0","6","85.71","1","16.67","35.14","24.99","0","1","5","0","0.0","0",,,,"0","0","0","0","0.0","0",,,,"0","0","0","2026-04-04"
"grey floating shelves 16x8","476","6","188","22","11.7","3","50.0","1","33.33","24.99","24.99","0","3","0","0","0.0","0",,,,"0","0","0","0","0.0","0",,,,"0","0","0","2026-04-04"
"22x28 rounded wood frames with mat","451","14","314","24","7.64","14","100.0","1","7.14","31.25","64.99","0","0","2","0","0.0","0",,,,"0","0","0","0","0.0","0",,,,"0","0","0","2026-04-04"
"8in deep shelf","491","23","485","19","3.92","12","52.17","1","8.33","27.19","24.99","0","3","3","3","13.04","0","0.0","19.99",,"0","1","2","1","4.35","0","0.0","19.99",,"0","0","1","2026-04-04"
"rustic wall shelves","34","414","11528","8","0.07","119","28.74","1","0.84","30.99","24.99","4","41","36","32","7.73","1","3.13","27.82","24.99","2","14","10","5","1.21","1","20.0","24.99","24.99","1","4","0","2026-04-04"
"18x30 walnut frame","853","5","113","5","4.42","2","40.0","1","50.0","55.08","63.99","0","0","0","0","0.0","0",,,,"0","0","0","0","0.0","0",,,,"0","0","0","2026-04-04"
"walnut wood frames","739","36","988","7","0.71","22","61.11","1","4.55","22.99","96.99","0","8","10","7","19.44","0","0.0","46.99",,"0","4","1","1","2.78","0","0.0","12.74",,"0","1","0","2026-04-04"
"27x40 inch poster frame","316","2038","47574","85","0.18","929","45.58","1","0.11","47.99","87.99","0","160","245","374","18.35","0","0.0","42.99",,"0","73","79","129","6.33","0","0.0","42.99",,"0","31","31","2026-04-04"
"8.5 x 11 frames with mat board","972","41","880","4","0.45","23","56.1","1","4.35","16.99","19.99","1","12","5","4","9.76","0","0.0","13.5",,"0","3","1","1","2.44","0","0.0","20.99",,"0","1","0","2026-04-04"
"sturdy shelf for wall","526","61","1208","17","1.41","16","26.23","1","6.25","27.98","28.99","1","12","2","4","6.56","0","0.0","20.99",,"1","3","0","1","1.64","0","0.0","37.99",,"1","0","0","2026-04-04"
"11x14 frame with mat for 8x10","419","338","10533","32","0.3","134","39.64","1","0.75","15.22","21.99","22","63","32","48","14.2","0","0.0","13.59",,"9","23","13","20","5.92","0","0.0","7.99",,"4","12","3","2026-04-04"
"shelving wall mounted","260","2638","70657","174","0.25","809","30.67","3","0.37","28.99","26.99","78","315","230","132","5.0","0","0.0","25.99",,"12","60","28","23","0.87","0","0.0","22.99",,"1","14","6","2026-04-04"
"pink frame","819","749","18796","6","0.03","242","32.31","1","0.41","13.99","25.99","21","108","55","86","11.48","0","0.0","9.99",,"7","39","28","18","2.4","0","0.0","9.99",,"0","10","6","2026-04-04"
"8x10 picture frame with stand","780","316","8823","6","0.07","154","48.73","1","0.65","8.99","18.99","30","93","16","59","18.67","0","0.0","8.99",,"9","37","7","36","11.39","0","0.0","8.49",,"6","23","5","2026-04-04"
"wood shelf 23x8x1.5","52","1","20","2","10.0","1","100.0","1","100.0","94.99","94.99","0","0","1","1","100.0","1","100.0","94.99","94.99","0","0","1","1","100.0","1","100.0","94.99","94.99","0","0","1","2026-04-04"
"12""x10"" wall shelf","131","11","242","19","7.85","3","27.27","1","33.33","19.99","24.99","0","1","0","2","18.18","1","50.0","19.99","24.99","0","1","0","0","0.0","0",,,,"0","0","0","2026-04-04"
"16x20 frame matted to 8x10","472","139","3647","22","0.6","55","39.57","1","1.82","37.49","45.99","2","9","17","14","10.07","0","0.0","39.59",,"0","1","4","4","2.88","0","0.0","43.3",,"0","1","1","2026-04-04"
"black bookshelf hanging","240","4","86","1","1.16","2","50.0","1","50.0","26.99","26.99","0","0","1","1","25.0","1","100.0","26.99","26.99","0","0","0","0","0.0","0",,,,"0","0","0","2026-04-04"
"small shelves","407","3057","82840","38","0.05","962","31.47","1","0.1","23.97","24.99","108","425","202","180","5.89","0","0.0","20.99",,"32","77","36","37","1.21","0","0.0","19.98",,"10","17","5","2026-04-04"
"wall book shelves","589","852","22667","12","0.05","352","41.31","1","0.28","29.97","24.99","38","134","92","72","8.45","0","0.0","28.97",,"10","28","19","9","1.06","0","0.0","27.47",,"3","4","2","2026-04-04"
"16x24 frame","265","9646","235391","226","0.1","3989","41.35","1","0.03","24.35","45.99","217","1253","1464","1727","17.9","0","0.0","22.99",,"107","564","657","650","6.74","0","0.0","22.99",,"46","236","253","2026-04-04"
"16x28 frame","742","234","5958","7","0.12","89","38.03","1","1.12","32.37","45.99","0","17","25","33","14.1","0","0.0","31.98",,"0","7","12","11","4.7","0","0.0","31.98",,"0","3","2","2026-04-04"
"brown picture frames 8x10","196","88","2769","3","0.11","58","65.91","1","1.72","17.25","18.99","8","29","11","21","23.86","1","4.76","15.99","18.99","1","11","5","6","6.82","0","0.0","7.99",,"1","1","3","2026-04-04"
"shelf boards 12 inch deep","348","181","5498","96","1.75","65","35.91","0","0.0","27.49",,"5","13","15","4","2.21","0","0.0","23.45",,"0","1","1","2","1.1","0","0.0","23.45",,"0","1","0","2026-04-04"
"24x36 bikini wood frame","180","2","44","4","9.09","1","50.0","1","100.0","76.99","76.99","0","0","0","1","50.0","1","100.0","76.99","76.99","0","0","0","0","0.0","0",,,,"0","0","0","2026-04-04"
"2 pack shelves","903","51","1183","4","0.34","20","39.22","1","5.0","23.99","24.99","7","6","3","6","11.76","0","0.0","29.99",,"4","0","1","1","1.96","0","0.0","12.82",,"1","0","0","2026-04-04"
"bayka floating shelves for wall, wall mounted rustic wood shelves","882","15","900","5","0.56","138","920.0","1","0.72","35.99","44.99","65","61","5","0","0.0","0",,,,"0","0","0","0","0.0","0",,,,"0","0","0","2026-04-04"
"36x48 picture frame","670","220","5569","9","0.16","78","35.45","1","1.28","81.99","81.99","0","11","13","10","4.55","0","0.0","101.65",,"0","2","2","4","1.82","0","0.0","101.65",,"0","0","0","2026-04-04"
"small wall shelves","344","1389","36739","62","0.17","540","38.88","1","0.19","16.99","24.99","71","230","127","105","7.56","0","0.0","15.99",,"18","45","28","24","1.73","0","0.0","13.99",,"5","11","7","2026-04-04"
"glass picture frame displaying with picture matted to 12 x 16","987","4","240","4","1.67","3","75.0","1","33.33","29.99","24.99","0","2","0","0","0.0","0",,,,"0","0","0","0","0.0","0",,,,"0","0","0","2026-04-04"
"wood floating shelf 36 inch","72","19","443","23","5.19","16","84.21","3","18.75","84.99","113.99","0","0","2","4","21.05","2","50.0","67.99","109.99","0","0","0","1","5.26","0","0.0","67.99",,"0","0","0","2026-04-04"
"wall shelves with brackets","12","1762","40247","234","0.58","637","36.15","6","0.94","26.09","26.99","67","268","137","79","4.48","1","1.27","29.99","26.99","9","32","16","12","0.68","1","8.33","25.49","26.99","4","2","4","2026-04-04"
"wooden shelves 0.5 inch thick","602","14","374","12","3.21","5","35.71","1","20.0","29.3","50.99","0","0","2","0","0.0","0",,,,"0","0","0","0","0.0","0",,,,"0","0","0","2026-04-04"
"wall shelf gray 12x12","428","14","281","29","10.32","10","71.43","1","10.0","27.99","26.99","0","1","7","0","0.0","0",,,,"0","0","0","0","0.0","0",,,,"0","0","0","2026-04-04"
"72 inch live edge floating wood shelves","664","6","133","10","7.52","5","83.33","1","20.0","170.99","179.99","0","0","2","0","0.0","0",,,,"0","0","0","0","0.0","0",,,,"0","0","0","2026-04-04"
"shelf for bathroom wall","673","1083","25987","9","0.03","412","38.04","1","0.24","22.99","24.99","57","193","73","68","6.28","0","0.0","21.77",,"10","39","9","4","0.37","0","0.0","15.99",,"1","2","0","2026-04-04"
"shelves 18 inches wide","717","59","1268","8","0.63","33","55.93","1","3.03","34.64","28.99","3","13","9","2","3.39","0","0.0","32.39",,"0","0","0","1","1.69","0","0.0","32.39",,"0","0","0","2026-04-04"
"18 x 24 frame rounded corner","148","9","198","9","4.55","8","88.89","1","12.5","58.89","49.99","0","0","3","3","33.33","1","33.33","49.99","49.99","0","0","1","0","0.0","0",,,,"0","0","0","2026-04-04"
"8x10 wood standing picture frame","768","3","180","6","3.33","3","100.0","1","33.33","18.99","18.99","0","3","0","1","33.33","0","0.0","18.36",,"0","1","0","1","33.33","0","0.0","18.36",,"0","1","0","2026-04-04"
"wooden shelving 12"" deep","992","2","120","4","3.33","2","100.0","1","50.0","63.89","63.99","0","1","0","0","0.0","0",,,,"0","0","0","0","0.0","0",,,,"0","0","0","2026-04-04"
"frame painting 27x22","252","5","101","1","0.99","6","120.0","1","16.67","39.99","67.99","0","0","1","5","100.0","1","20.0","45.1","67.99","0","0","1","1","20.0","0","0.0","38.99",,"0","0","1","2026-04-04"
"22 x 28 frame","477","578","16497","22","0.13","259","44.81","1","0.39","34.99","67.99","1","64","96","93","16.09","0","0.0","31.99",,"1","27","31","37","6.4","0","0.0","31.99",,"1","10","12","2026-04-04"
"live edge wood floating shelves","90","80","1929","50","2.59","37","46.25","2","5.41","89.99","94.99","2","8","4","4","5.0","1","25.0","89.99","94.99","0","1","1","1","1.25","0","0.0","96.66",,"0","0","0","2026-04-04"
"live edge floating shelves 18 inch","798","11","230","6","2.61","9","81.82","1","11.11","94.99","94.99","0","3","3","0","0.0","0",,,,"0","0","0","0","0.0","0",,,,"0","0","0","2026-04-04"
"wood frame real wood","950","4","112","4","3.57","4","100.0","1","25.0","26.09","45.99","0","1","2","0","0.0","0",,,,"0","0","0","0","0.0","0",,,,"0","0","0","2026-04-04"
"long floating shelves for wall 10 in depth","852","16","355","5","1.41","11","68.75","1","9.09","69.99","60.99","2","3","1","0","0.0","0",,,,"0","0","0","0","0.0","0",,,,"0","0","0","2026-04-04"
"5x7 farmhouse picture frame","393","148","3180","4","0.13","102","68.92","2","1.96","15.99","14.99","1","63","24","47","31.76","0","0.0","16.99",,"0","27","14","7","4.73","0","0.0","8.99",,"0","3","4","2026-04-04"
"floating black shelves 8 in deep","463","19","472","23","4.87","8","42.11","1","12.5","24.99","24.99","0","3","1","2","10.53","0","0.0","37.97",,"0","0","0","0","0.0","0",,,,"0","0","0","2026-04-04"
"gray wash floating shelf 12","392","36","794","4","0.5","31","86.11","2","6.45","39.98","24.99","0","0","0","0","0.0","0",,,,"0","0","0","0","0.0","0",,,,"0","0","0","2026-04-04"
"11x14 frame","394","5705","166897","78","0.05","2559","44.86","0","0.0","8.99",,"492","1178","536","1098","19.25","0","0.0","7.64",,"245","519","208","509","8.92","0","0.0","6.99",,"126","260","83","2026-04-04"
"cuadro para foto 16x24","502","14","283","18","6.36","7","50.0","1","14.29","53.99","45.99","0","0","0","0","0.0","0",,,,"0","0","0","0","0.0","0",,,,"0","0","0","2026-04-04"
"wall shelf 47.3 by 12","749","4","86","7","8.14","3","75.0","1","33.33","59.49","72.99","0","0","3","1","25.0","0","0.0","59.49",,"0","0","1","0","0.0","0",,,,"0","0","0","2026-04-04"
"floating shelves 36 inches long","381","181","4870","83","1.7","65","35.91","0","0.0","65.99",,"0","13","23","13","7.18","0","0.0","51.97",,"0","3","4","2","1.1","0","0.0","46.97",,"0","1","0","2026-04-04"
"tall book shelf","545","1236","34505","15","0.04","436","35.28","1","0.23","74.99","26.99","5","62","68","72","5.83","0","0.0","77.99",,"0","16","12","6","0.49","0","0.0","71.99",,"0","2","2","2026-04-04"
"light oak frame 36x24","216","2","44","2","4.55","2","100.0","1","50.0","76.99","76.99","0","0","0","1","50.0","1","100.0","76.99","76.99","0","0","0","0","0.0","0",,,,"0","0","0","2026-04-04"
"wall & tabletop picture frames","331","3589","94473","114","0.12","189","5.27","0","0.0","19.97",,"22","83","38","57","1.59","0","0.0","17.99",,"6","36","8","27","0.75","0","0.0","16.39",,"5","20","1","2026-04-04"
"24x36 glass frame","478","95","2435","21","0.86","53","55.79","1","1.89","66.59","76.99","0","13","17","5","5.26","0","0.0","69.99",,"0","0","1","2","2.11","0","0.0","50.81",,"0","0","1","2026-04-04"
"wall storage","825","5718","144754","43","0.03","1617","28.28","0","0.0","24.99",,"202","604","313","394","6.89","0","0.0","19.99",,"58","172","77","39","0.68","0","0.0","24.99",,"9","18","5","2026-04-04"
"decorative shelves for wall 36 inches","21","8","160","2","1.25","4","50.0","2","50.0","79.99","109.99","0","0","3","1","12.5","1","100.0","113.99","113.99","0","0","1","1","12.5","1","100.0","113.99","113.99","0","0","1","2026-04-04"
"12x16 frame wood","482","297","8361","20","0.24","163","54.88","1","0.61","14.94","27.99","15","74","46","57","19.19","0","0.0","17.99",,"3","29","12","21","7.07","0","0.0","18.99",,"3","11","2","2026-04-04"
"48"" shelf board","698","7","219","8","3.65","2","28.57","1","50.0","25.9","60.99","0","0","1","0","0.0","0",,,,"0","0","0","0","0.0","0",,,,"0","0","0","2026-04-04"
"36 inch floating shelf set if 3","927","5","108","4","3.7","3","60.0","1","33.33","93.49","114.99","0","1","1","0","0.0","0",,,,"0","0","0","0","0.0","0",,,,"0","0","0","2026-04-04"
"16x24 incg teak frame no glass","777","3","66","6","9.09","2","66.67","1","50.0","32.83","45.99","0","0","0","0","0.0","0",,,,"0","0","0","0","0.0","0",,,,"0","0","0","2026-04-04"
"30x40 frame with mat","897","151","4710","5","0.11","57","37.75","1","1.75","65.85","83.99","1","12","13","11","7.28","0","0.0","65.85",,"0","6","1","3","1.99","0","0.0","82.99",,"0","2","1","2026-04-04"
"gold frames matted to 16x24","729","18","444","7","1.58","9","50.0","1","11.11","43.99","45.99","0","0","6","5","27.78","0","0.0","32.99",,"0","0","4","0","0.0","0",,,,"0","0","0","2026-04-04"
"grey wood floating shelves","842","49","1077","5","0.46","19","38.78","1","5.26","37.99","27.99","0","6","8","2","4.08","0","0.0","19.99",,"0","0","2","0","0.0","0",,,,"0","0","0","2026-04-04"
"wall shelf to hold heavy things","235","1","21","1","4.76","1","100.0","1","100.0","28.99","28.99","0","0","0","1","100.0","1","100.0","28.99","28.99","0","0","0","0","0.0","0",,,,"0","0","0","2026-04-04"
"small shelf 10 inches wide","887","38","1045","5","0.48","26","68.42","1","3.85","32.29","24.99","0","13","7","2","5.26","0","0.0","17.49",,"0","1","0","0","0.0","0",,,,"0","0","0","2026-04-04"
"40.5 shelf kit","974","8","176","4","2.27","5","62.5","1","20.0","17.36","60.99","1","0","0","0","0.0","0",,,,"0","0","0","0","0.0","0",,,,"0","0","0","2026-04-04"
"shelf with brackets","632","305","8896","48","0.54","86","28.2","0","0.0","20.99",,"8","50","13","7","2.3","0","0.0","18.99",,"1","4","2","2","0.66","0","0.0","13.99",,"0","1","1","2026-04-04"
"light walnut wall shelf","981","8","470","4","0.85","5","62.5","1","20.0","105.99","113.99","0","5","0","2","25.0","0","0.0","58.88",,"0","2","0","0","0.0","0",,,,"0","0","0","2026-04-04"
"heavy duty floating shelf","313","287","8914","51","0.57","110","38.33","2","1.82","40.95","26.99","6","39","34","7","2.44","0","0.0","49.99",,"0","3","3","2","0.7","0","0.0","14.98",,"0","2","0","2026-04-04"
"wall mount wood shelf","855","21","682","5","0.73","5","23.81","1","20.0","29.99","24.99","1","3","1","1","4.76","0","0.0","38.24",,"0","1","0","1","4.76","0","0.0","38.24",,"0","1","0","2026-04-04"
"72 inch floating shelf","516","612","15754","17","0.11","295","48.2","1","0.34","125.99","174.99","0","64","66","46","7.52","0","0.0","119.99",,"0","13","9","6","0.98","0","0.0","101.99",,"0","3","1","2026-04-04"
"kovascape floating shelves","100","6","170","21","12.35","2","33.33","2","100.0","114.99","114.99","0","0","1","1","16.67","1","100.0","174.99","174.99","0","0","0","0","0.0","0",,,,"0","0","0","2026-04-04"
"wall-mount shelf","710","23","609","8","1.31","7","30.43","1","14.29","29.99","65.99","1","1","2","0","0.0","0",,,,"0","0","0","0","0.0","0",,,,"0","0","0","2026-04-04"
"12"" wide wood floating shelves","389","4","240","4","1.67","3","75.0","2","66.67","28.99","28.99","0","0","0","0","0.0","0",,,,"0","0","0","0","0.0","0",,,,"0","0","0","2026-04-04"
"dark wood shelves","299","592","15404","35","0.23","207","34.97","3","1.45","29.99","113.99","12","69","42","51","8.61","0","0.0","28.49",,"4","23","10","9","1.52","0","0.0","28.49",,"1","4","3","2026-04-04"
"large picture frame","77","2999","76855","184","0.24","866","28.88","4","0.46","29.99","53.99","98","260","236","216","7.2","1","0.46","26.99","45.99","29","73","49","26","0.87","0","0.0","26.99",,"4","12","4","2026-04-04"
"wooden shelf","442","4876","126257","26","0.02","1266","25.96","1","0.08","35.99","60.99","83","386","318","213","4.37","0","0.0","35.99",,"17","60","55","31","0.64","0","0.0","29.99",,"5","13","5","2026-04-04"
"80 inch floating shelf","438","161","3782","26","0.69","69","42.86","1","1.45","149.99","172.99","0","5","17","1","0.62","0","0.0","154.69",,"0","0","1","0","0.0","0",,,,"0","0","0","2026-04-04"
"marco fotos 5 x 7","56","6","340","1","0.29","3","50.0","1","33.33","19.99","14.99","0","0","0","1","16.67","1","100.0","14.99","14.99","0","0","0","1","16.67","1","100.0","14.99","14.99","0","0","0","2026-04-04"
"11x14 frame no mat wooden","938","4","79","4","5.06","1","25.0","1","100.0","22.99","22.99","0","0","1","0","0.0","0",,,,"0","0","0","0","0.0","0",,,,"0","0","0","2026-04-04"
"24x30 frame gold","557","38","841","14","1.66","26","68.42","1","3.85","44.99","73.99","0","3","11","6","15.79","0","0.0","44.99",,"0","2","1","5","13.16","0","0.0","44.99",,"0","2","0","2026-04-04"
"standard size frame","979","6","124","4","3.23","3","50.0","1","33.33","54.99","87.99","0","0","0","0","0.0","0",,,,"0","0","0","0","0.0","0",,,,"0","0","0","2026-04-04"
"walnut picture frame 8x10","479","45","1036","21","2.03","30","66.67","1","3.33","20.99","16.99","2","16","9","14","31.11","0","0.0","16.99",,"0","9","3","4","8.89","0","0.0","22.99",,"0","3","1","2026-04-04"
"floating shelves live edge","310","140","4274","91","2.13","60","42.86","1","1.67","81.59","114.99","0","14","23","5","3.57","0","0.0","67.99",,"0","2","1","2","1.43","0","0.0","76.49",,"0","2","0","2026-04-04"
"12x16 wood picture frame","467","516","11531","23","0.2","261","50.58","1","0.38","19.99","25.99","24","95","83","91","17.64","0","0.0","18.99",,"7","35","31","29","5.62","0","0.0","18.99",,"0","15","10","2026-04-04"
"28 x 40 thin wood frame woth mat","118","3","57","3","5.26","3","100.0","2","66.67","87.99","87.99","0","0","0","1","33.33","1","100.0","87.99","87.99","0","0","0","0","0.0","0",,,,"0","0","0","2026-04-04"
"large walnut frames with mat","802","3","65","6","9.23","3","100.0","1","33.33","32.39","24.99","0","1","1","0","0.0","0",,,,"0","0","0","0","0.0","0",,,,"0","0","0","2026-04-04"
"long wall shelves for bedroom","998","70","1492","4","0.27","35","50.0","1","2.86","34.99","60.99","1","16","1","5","7.14","0","0.0","25.49",,"0","3","0","2","2.86","0","0.0","22.99",,"0","2","0","2026-04-04"
"walnut floating shelves 12 inch deep","653","11","244","10","4.1","8","72.73","1","12.5","40.59","51.99","0","2","2","3","27.27","0","0.0","39.99",,"0","2","1","2","18.18","0","0.0","34.82",,"0","2","0","2026-04-04"
"floating shelves with rounded edges","784","6","150","6","4.0","2","33.33","1","50.0","69.99","109.99","0","0","2","0","0.0","0",,,,"0","0","0","0","0.0","0",,,,"0","0","0","2026-04-04"
"white shelf 8 inches out","983","2","44","4","9.09","1","50.0","1","100.0","48.99","48.99","0","0","0","0","0.0","0",,,,"0","0","0","0","0.0","0",,,,"0","0","0","2026-04-04"
"sturdy shelf 12 inch depth heavy laod","822","2","44","6","13.64","1","50.0","1","100.0","24.99","24.99","0","1","0","0","0.0","0",,,,"0","0","0","0","0.0","0",,,,"0","0","0","2026-04-04"
"live edge wood","149","983","26696","9","0.03","287","29.2","1","0.35","40.0","94.99","5","57","59","45","4.58","1","2.22","35.0","94.99","3","14","10","12","1.22","0","0.0","28.99",,"2","2","3","2026-04-04"
"black shelves for wall","96","2383","57240","29","0.05","996","41.8","2","0.2","23.08","24.99","176","413","204","297","12.46","1","0.34","23.08","48.99","58","127","46","69","2.9","0","0.0","22.61",,"12","31","16","2026-04-04"
"18x24 japanese style frame","186","5","93","4","4.3","4","80.0","1","25.0","49.99","49.99","0","0","0","2","40.0","1","50.0","49.99","49.99","0","0","0","0","0.0","0",,,,"0","0","0","2026-04-04"
"large wood frames","634","70","2228","10","0.45","22","31.43","1","4.55","37.99","87.99","1","10","5","7","10.0","0","0.0","41.59",,"0","4","1","0","0.0","0",,,,"0","0","0","2026-04-04"
"24x30 frame with mat","320","222","6065","121","2.0","94","42.34","0","0.0","53.53",,"0","14","41","25","11.26","0","0.0","45.99",,"0","4","9","13","5.86","0","0.0","45.99",,"0","2","5","2026-04-04"
"solid wood shelves","372","263","7600","84","1.11","85","32.32","0","0.0","80.74",,"3","18","18","12","4.56","0","0.0","76.27",,"0","3","1","0","0.0","0",,,,"0","0","0","2026-04-04"
"8 x 10 frame","352","2757","84298","95","0.11","1143","41.46","0","0.0","9.16",,"215","563","212","566","20.53","0","0.0","7.99",,"115","293","92","288","10.45","0","0.0","6.79",,"74","157","33","2026-04-04"
"28in and 38 in x 8 in wall shelves","405","2","36","2","5.56","2","100.0","2","100.0","24.99","24.99","0","2","0","0","0.0","0",,,,"0","0","0","0","0.0","0",,,,"0","0","0","2026-04-04"
"wooden 8x10 wall frame","48","6","132","3","2.27","8","133.33","1","12.5","16.99","20.99","0","5","3","2","33.33","1","50.0","7.58","20.99","0","1","1","1","16.67","1","100.0","20.99","20.99","0","0","1","2026-04-04"
"27x40 frame anti glare black","999","3","63","3","4.76","2","66.67","1","50.0","43.99","87.99","0","0","0","0","0.0","0",,,,"0","0","0","0","0.0","0",,,,"0","0","0","2026-04-04"
"36"" floating shelves flat edge solid wood","912","1","60","4","6.67","3","300.0","1","33.33","109.99","109.99","0","0","0","0","0.0","0",,,,"0","0","0","0","0.0","0",,,,"0","0","0","2026-04-04"
"deep wall shelves","327","602","16162","116","0.72","224","37.21","0","0.0","34.0",,"21","86","55","43","7.14","0","0.0","29.99",,"0","20","12","13","2.16","0","0.0","29.99",,"0","10","1","2026-04-04"
"neutral wood 8x10 picture frame","862","11","262","5","1.91","2","18.18","1","50.0","18.99","18.99","0","0","1","1","9.09","0","0.0","27.99",,"0","0","1","0","0.0","0",,,,"0","0","0","2026-04-04"
"5.5 x 7.5 frame","851","90","2489","5","0.2","38","42.22","1","2.63","12.79","16.99","1","24","8","8","8.89","0","0.0","6.79",,"1","6","1","4","4.44","0","0.0","6.79",,"0","3","1","2026-04-04"
"western shelves","781","149","3142","6","0.19","49","32.89","1","2.04","28.37","63.99","1","21","7","14","9.4","0","0.0","23.99",,"0","12","1","1","0.67","0","0.0","23.99",,"0","1","0","2026-04-04"
"photo frame","253","10843","296054","220","0.07","2710","24.99","2","0.07","12.99","14.99","487","1053","439","653","6.02","0","0.0","10.19",,"142","279","105","177","1.63","0","0.0","9.99",,"38","97","23","2026-04-04"
"wall mount shelf","537","2423","64955","53","0.08","822","33.92","0","0.0","21.99",,"116","343","169","139","5.74","0","0.0","20.99",,"18","63","31","26","1.07","0","0.0","21.99",,"3","11","6","2026-04-04"
"16x 20 bamboo oak round frame","509","9","199","17","8.54","8","88.89","1","12.5","47.99","38.99","0","0","8","1","11.11","0","0.0","47.95",,"0","0","1","1","11.11","0","0.0","47.95",,"0","0","1","2026-04-04"
"black shelves with brackets wall","371","9","188","10","5.32","12","133.33","2","16.67","63.99","48.99","0","0","9","1","11.11","0","0.0","79.99",,"0","0","1","1","11.11","0","0.0","79.99",,"0","0","1","2026-04-04"
"4x6 wood frame","98","271","6822","24","0.35","120","44.28","2","1.67","16.29","13.99","3","71","23","38","14.02","1","2.63","12.99","13.99","1","21","5","14","5.17","0","0.0","12.99",,"0","9","3","2026-04-04"
"4x6 picture frame","185","33317","836441","186","0.02","13275","39.84","3","0.02","11.04","13.99","1756","7025","2786","6060","18.19","0","0.0","9.99",,"976","3256","1144","2666","8.0","0","0.0","9.99",,"512","1547","432","2026-04-04"
"long wall shelf","726","1727","42587","44","0.1","615","35.61","0","0.0","46.99",,"25","187","184","94","5.44","0","0.0","45.57",,"2","34","32","12","0.69","0","0.0","41.99",,"1","5","3","2026-04-04"
"11x16 wood picture frame","832","10","214","6","2.8","6","60.0","1","16.67","25.99","25.99","0","0","3","1","10.0","0","0.0","35.0",,"0","0","0","0","0.0","0",,,,"0","0","0","2026-04-04"
"22x28 frame with mat 18x24 glass","775","3","63","6","9.52","5","166.67","1","20.0","64.99","64.99","0","1","1","0","0.0","0",,,,"0","0","0","0","0.0","0",,,,"0","0","0","2026-04-04"
"2 frame 22 * 28","748","7","154","7","4.55","3","42.86","1","33.33","70.29","64.99","0","0","3","1","14.29","0","0.0","86.99",,"0","0","1","1","14.29","0","0.0","86.99",,"0","0","1","2026-04-04"
"live edge bathroom wall shelves","921","4","240","4","1.67","3","75.0","1","33.33","94.99","94.99","0","0","1","0","0.0","0",,,,"0","0","0","0","0.0","0",,,,"0","0","0","2026-04-04"
"27 x 40 picture set of 3","838","6","110","6","5.45","5","83.33","1","20.0","99.99","87.99","0","1","3","0","0.0","0",,,,"0","0","0","0","0.0","0",,,,"0","0","0","2026-04-04"
"solid wood floating shelves","487","781","20676","57","0.28","358","45.84","0","0.0","65.99",,"14","112","121","23","2.94","0","0.0","67.99",,"0","3","9","4","0.51","0","0.0","67.99",,"0","1","1","2026-04-04"
"9 inch deep hanging shelf","894","18","391","5","1.28","12","66.67","1","8.33","27.1","24.99","0","12","0","2","11.11","0","0.0","25.95",,"0","2","0","0","0.0","0",,,,"0","0","0","2026-04-04"
"marco de fotos 8.5 x 11","315","13","289","11","3.81","8","61.54","3","37.5","16.99","16.99","0","2","1","0","0.0","0",,,,"0","0","0","0","0.0","0",,,,"0","0","0","2026-04-04"
"solid wood 11x14 picture frame","417","36","1449","32","2.21","14","38.89","1","7.14","22.99","16.99","0","7","1","2","5.56","0","0.0","14.99",,"0","1","0","1","2.78","0","0.0","37.99",,"0","1","0","2026-04-04"
"frames 12x16 wood","191","13","393","4","1.02","5","38.46","1","20.0","24.72","27.99","0","2","1","4","30.77","1","25.0","8.99","27.99","0","1","1","0","0.0","0",,,,"0","0","0","2026-04-04"
"hanging bookshelves for wall","808","1100","26151","43","0.16","413","37.55","0","0.0","29.89",,"19","179","115","99","9.0","0","0.0","29.97",,"3","34","35","14","1.27","0","0.0","29.99",,"2","7","3","2026-04-04"
"deep coffee shelf wall mount","948","6","122","4","3.28","3","50.0","1","33.33","48.99","48.99","0","0","1","0","0.0","0",,,,"0","0","0","0","0.0","0",,,,"0","0","0","2026-04-04"
"floating shelf 10 inch deep","619","116","2516","11","0.44","55","47.41","1","1.82","36.97","24.99","0","23","18","5","4.31","0","0.0","30.99",,"0","1","1","2","1.72","0","0.0","35.99",,"0","1","0","2026-04-04"
"floating wall shelf 11 x 8 rustic wood color","259","2","110","1","0.91","6","300.0","1","16.67","25.99","24.99","0","3","3","3","150.0","1","33.33","24.99","24.99","0","1","2","0","0.0","0",,,,"0","0","0","2026-04-04"
"wood shelfs","443","186","4533","25","0.55","64","34.41","1","1.56","27.54","113.99","7","24","10","14","7.53","0","0.0","23.99",,"4","4","1","3","1.61","0","0.0","31.98",,"1","0","1","2026-04-04"
"big photo frame for wedding photos","910","2","44","4","9.09","1","50.0","1","100.0","81.99","81.99","0","0","0","0","0.0","0",,,,"0","0","0","0","0.0","0",,,,"0","0","0","2026-04-04"
"estante de pared para stereo","968","2","44","4","9.09","6","300.0","1","16.67","27.99","51.99","0","3","3","1","50.0","0","0.0","26.99",,"0","0","1","0","0.0","0",,,,"0","0","0","2026-04-04"
"neutral picture frames 4x6","190","15","338","4","1.18","5","33.33","1","20.0","16.99","12.99","0","1","4","2","13.33","1","50.0","12.99","12.99","0","0","2","1","6.67","0","0.0","18.99",,"0","0","1","2026-04-04"
"live edge shelf","270","451","12473","179","1.44","145","32.15","2","1.38","71.99","102.99","3","35","32","20","4.43","0","0.0","71.99",,"1","7","4","4","0.89","0","0.0","80.74",,"0","2","1","2026-04-04"
"real wood 36 inch floating shelf 8 inch deep","261","45","833","135","16.21","24","53.33","4","16.67","112.99","112.99","0","0","16","0","0.0","0",,,,"0","0","0","0","0.0","0",,,,"0","0","0","2026-04-04"
"20x30 picture frame with 16x24 mat, tempered glass","666","41","1487","10","0.67","16","39.02","1","6.25","39.89","45.99","0","10","1","2","4.88","0","0.0","29.99",,"0","1","1","1","2.44","0","0.0","32.99",,"0","1","0","2026-04-04"
"shelf hanging","661","630","15689","10","0.06","209","33.17","1","0.48","20.99","24.99","25","85","35","44","6.98","0","0.0","19.99",,"5","19","8","6","0.95","0","0.0","19.94",,"1","4","0","2026-04-04"
"3 pk heavy duty 20 x12 shelves","657","4","89","10","11.24","2","50.0","1","50.0","44.99","51.99","0","0","1","0","0.0","0",,,,"0","0","0","0","0.0","0",,,,"0","0","0","2026-04-04"
"walnut frame with 20x30 mat","803","6","132","6","4.55","5","83.33","1","20.0","73.99","63.99","0","1","3","0","0.0","0",,,,"0","0","0","0","0.0","0",,,,"0","0","0","2026-04-04"
"8.5 x 11 frame thick","818","3","62","6","9.68","2","66.67","1","50.0","11.99","22.99","0","1","0","0","0.0","0",,,,"0","0","0","0","0.0","0",,,,"0","0","0","2026-04-04"
"metal ledge shelf for bathroom","680","13","242","9","3.72","6","46.15","1","16.67","22.94","26.99","0","5","1","0","0.0","0",,,,"0","0","0","0","0.0","0",,,,"0","0","0","2026-04-04"
"12 x16 picture frame","551","206","6137","15","0.24","116","56.31","1","0.86","13.66","24.99","12","53","10","45","21.84","0","0.0","8.99",,"4","27","4","22","10.68","0","0.0","8.99",,"2","14","1","2026-04-04"
"16x24 wood frame","612","292","8017","49","0.61","114","39.04","0","0.0","28.49",,"0","26","40","49","16.78","0","0.0","26.99",,"0","11","18","16","5.48","0","0.0","25.49",,"0","7","5","2026-04-04"
"shelves for wall depth 8x8 by7 8in","885","10","206","5","2.43","3","30.0","1","33.33","52.99","65.99","0","0","0","0","0.0","0",,,,"0","0","0","0","0.0","0",,,,"0","0","0","2026-04-04"
"floating shelves 8 inches deep","283","185","5511","149","2.7","112","60.54","1","0.89","29.82","48.99","15","41","33","10","5.41","0","0.0","39.82",,"0","3","4","2","1.08","0","0.0","24.99",,"0","1","0","2026-04-04"
"3x5 picture frame","757","2901","74732","7","0.01","1140","39.3","1","0.09","8.99","13.99","56","583","303","450","15.51","0","0.0","7.99",,"29","230","124","168","5.79","0","0.0","6.99",,"14","93","45","2026-04-04"
"11x14 frame real glass","432","27","635","27","4.25","20","74.07","1","5.0","23.99","22.99","1","9","9","2","7.41","0","0.0","16.99",,"0","1","0","1","3.7","0","0.0","16.99",,"0","1","0","2026-04-04"
"5x7 matted picture frame","449","790","22101","24","0.11","336","42.53","1","0.3","16.14","17.99","46","169","86","91","11.52","0","0.0","9.99",,"16","50","17","37","4.68","0","0.0","8.99",,"6","21","7","2026-04-04"
"8.5 x 11 frame oak","28","12","541","12","2.22","1","8.33","1","100.0","19.99","19.99","0","0","1","1","8.33","1","100.0","19.99","19.99","0","0","1","1","8.33","1","100.0","19.99","19.99","0","0","1","2026-04-04"
"cool lego shelves","390","3","64","4","6.25","2","66.67","2","100.0","48.99","48.99","0","0","2","0","0.0","0",,,,"0","0","0","0","0.0","0",,,,"0","0","0","2026-04-04"
"minimalist 24x36 frame","592","12","267","12","4.49","15","125.0","1","6.67","65.99","83.99","0","0","8","4","33.33","0","0.0","64.69",,"0","0","1","0","0.0","0",,,,"0","0","0","2026-04-04"
"wall shelf 34”","689","26","565","9","1.59","13","50.0","1","7.69","44.99","63.99","0","5","6","0","0.0","0",,,,"0","0","0","0","0.0","0",,,,"0","0","0","2026-04-04"
"22 x 28 frame with cream mat black","258","1","28","1","3.57","1","100.0","1","100.0","67.99","67.99","0","0","0","1","100.0","1","100.0","67.99","67.99","0","0","0","0","0.0","0",,,,"0","0","0","2026-04-04"
"22x28 haus and hues oak frame with mat for 18x24","922","4","80","4","5.0","3","75.0","1","33.33","48.06","64.99","0","0","2","0","0.0","0",,,,"0","0","0","0","0.0","0",,,,"0","0","0","2026-04-04"
"48.0-in x 14-in d wall shelf","856","3","180","5","2.78","10","333.33","1","10.0","67.99","72.99","0","0","1","0","0.0","0",,,,"0","0","0","0","0.0","0",,,,"0","0","0","2026-04-04"
"rounded corners 24x36 frame","182","2","44","4","9.09","2","100.0","1","50.0","69.99","76.99","0","0","0","1","50.0","1","100.0","76.99","76.99","0","0","0","0","0.0","0",,,,"0","0","0","2026-04-04"
"22x28 frame with mat","124","495","14487","209","1.44","201","40.61","3","1.49","38.99","64.99","0","40","78","54","10.91","0","0.0","35.99",,"0","15","19","20","4.04","0","0.0","37.99",,"0","8","6","2026-04-04"
"frame for 6x7 picture","866","6","170","5","2.94","3","50.0","1","33.33","9.99","16.99","0","1","2","1","16.67","0","0.0","8.99",,"0","1","0","0","0.0","0",,,,"0","0","0","2026-04-04"
"16x20 frame matted to 11x14","380","820","22577","83","0.37","359","43.78","0","0.0","33.14",,"18","104","121","102","12.44","0","0.0","33.65",,"6","32","34","43","5.24","0","0.0","26.99",,"4","17","14","2026-04-04"
"wood floating shelf 36 inch acacia","593","6","169","12","7.1","5","83.33","1","20.0","84.99","113.99","0","0","0","0","0.0","0",,,,"0","0","0","0","0.0","0",,,,"0","0","0","2026-04-04"
"wood picture frame","288","698","21505","96","0.45","223","31.95","2","0.9","18.99","21.99","19","101","43","52","7.45","0","0.0","13.67",,"3","24","12","8","1.15","0","0.0","9.99",,"1","5","0","2026-04-04"
"16x20 frames","337","18884","461700","72","0.02","7486","39.64","1","0.01","24.28","38.99","513","2229","2611","2990","15.83","0","0.0","23.49",,"260","940","1063","1161","6.15","0","0.0","22.99",,"157","408","395","2026-04-04"
"27x40 inch poster frame skinny","682","10","203","9","4.43","8","80.0","1","12.5","95.69","87.99","0","0","3","0","0.0","0",,,,"0","0","0","0","0.0","0",,,,"0","0","0","2026-04-04"
"extra large picture frames for wall","660","124","2848","10","0.35","25","20.16","1","4.0","50.49","45.99","3","4","9","5","4.03","0","0.0","59.99",,"0","0","3","0","0.0","0",,,,"0","0","0","2026-04-04"
"live edge floating shelves","1","2563","66088","1798","2.72","961","37.5","17","1.77","85.0","94.99","15","274","270","110","4.29","1","0.91","80.74","94.99","2","30","33","18","0.7","0","0.0","85.95",,"0","5","8","2026-04-04"
"12x18 frame","488","12174","311564","20","0.01","5390","44.27","1","0.02","20.99","45.99","371","1715","1794","2535","20.82","0","0.0","20.28",,"232","862","817","1111","9.13","0","0.0","19.99",,"148","410","360","2026-04-04"
"reddish brown photo frame","696","5","92","8","8.7","1","20.0","1","100.0","16.99","16.99","0","0","0","0","0.0","0",,,,"0","0","0","0","0.0","0",,,,"0","0","0","2026-04-04"
"estante de carpeta","188","5","106","4","3.77","2","40.0","1","50.0","28.99","28.99","1","1","0","1","20.0","1","100.0","28.99","28.99","0","1","0","0","0.0","0",,,,"0","0","0","2026-04-04"
"wall shelf with brackets","326","208","6264","79","1.26","81","38.94","1","1.23","25.95","24.99","4","36","22","10","4.81","0","0.0","23.99",,"2","3","2","2","0.96","0","0.0","20.39",,"1","1","0","2026-04-04"
"dark wood picture frames","382","227","5659","9","0.16","97","42.73","2","2.06","22.98","17.99","6","43","23","23","10.13","0","0.0","21.99",,"1","13","6","4","1.76","0","0.0","15.99",,"0","2","2","2026-04-04"
"industrial wall shelf","301","326","9321","30","0.32","104","31.9","3","2.88","49.98","51.99","2","36","27","16","4.91","0","0.0","35.99",,"1","7","3","2","0.61","0","0.0","27.54",,"0","1","1","2026-04-04"
"heavy duty floating shelves","67","1039","27645","172","0.62","420","40.42","3","0.71","55.24","26.99","39","124","142","36","3.46","2","5.56","44.99","24.99","3","11","10","4","0.38","0","0.0","20.99",,"1","1","2","2026-04-04"
"estante flotador para consola de juego","898","24","519","5","0.96","23","95.83","1","4.35","24.69","24.99","0","0","0","5","20.83","0","0.0","23.98",,"0","0","0","1","4.17","0","0.0","23.98",,"0","0","0","2026-04-04"
"kitchen shelving wall mounted","38","173","4903","6","0.12","71","41.04","1","1.41","39.94","48.99","9","25","12","7","4.05","1","14.29","37.99","48.99","0","5","0","1","0.58","1","100.0","48.99","48.99","0","0","0","2026-04-04"
"8x10 picture frame with mat board","837","3","66","6","9.09","3","100.0","1","33.33","8.99","18.99","0","3","0","0","0.0","0",,,,"0","0","0","0","0.0","0",,,,"0","0","0","2026-04-04"
"warm wooden frames 8x10","246","1","21","1","4.76","1","100.0","1","100.0","18.99","18.99","0","0","1","1","100.0","1","100.0","18.99","18.99","0","0","1","0","0.0","0",,,,"0","0","0","2026-04-04"
"18”x15” walnut frame","520","8","177","17","9.6","7","87.5","1","14.29","37.99","24.99","0","0","0","2","25.0","0","0.0","36.99",,"0","0","0","1","12.5","0","0.0","37.99",,"0","0","0","2026-04-04"
"walnut frame 20 x 28 ivory mat","106","3","180","10","5.56","2","66.67","2","100.0","67.99","67.99","0","0","0","1","33.33","1","100.0","67.99","67.99","0","0","0","0","0.0","0",,,,"0","0","0","2026-04-04"
"picture frame 8.5 x 11 with mat","586","23","779","12","1.54","10","43.48","1","10.0","9.99","22.99","2","6","0","4","17.39","0","0.0","7.64",,"1","3","0","3","13.04","0","0.0","7.64",,"1","2","0","2026-04-04"
"oak deep 12 inch floating shelf","151","3","66","9","13.64","3","100.0","1","33.33","28.99","28.99","0","1","2","3","100.0","1","33.33","28.99","28.99","0","1","2","1","33.33","0","0.0","30.99",,"0","0","1","2026-04-04"
"solid walnut frame no mat 18x24","916","2","43","4","9.3","1","50.0","1","100.0","64.99","64.99","0","0","1","0","0.0","0",,,,"0","0","0","0","0.0","0",,,,"0","0","0","2026-04-04"
"wood picture frames 8x10 5x7 4x6","227","1","22","2","9.09","1","100.0","1","100.0","17.99","17.99","0","0","1","1","100.0","1","100.0","17.99","17.99","0","0","1","0","0.0","0",,,,"0","0","0","2026-04-04"
"wooden wall shelf","14","1648","42310","22","0.05","505","30.64","4","0.79","27.1","24.99","38","167","143","118","7.16","2","1.69","27.49","24.99","7","43","32","7","0.42","1","14.29","23.99","24.99","0","4","1","2026-04-04"
"cuandro medium oak para foto 8x10","237","1","22","1","4.55","1","100.0","1","100.0","18.99","18.99","0","0","1","1","100.0","1","100.0","18.99","18.99","0","0","1","0","0.0","0",,,,"0","0","0","2026-04-04"
"heavy duty black wall book shelf 12” deep","51","1","22","2","9.09","1","100.0","1","100.0","70.8","70.8","0","0","0","1","100.0","1","100.0","70.8","70.8","0","0","0","1","100.0","1","100.0","70.8","70.8","0","0","0","2026-04-04"
"picture frame 22x28","771","67","1845","6","0.33","30","44.78","1","3.33","34.99","64.99","0","3","10","8","11.94","0","0.0","31.99",,"0","0","3","6","8.96","0","0.0","30.95",,"0","0","3","2026-04-04"
"dark wood floating shelves","536","618","16015","53","0.33","259","41.91","0","0.0","33.14",,"17","72","94","49","7.93","0","0.0","29.99",,"5","15","15","5","0.81","0","0.0","29.99",,"0","3","2","2026-04-04"
"natural wood frame","294","198","5502","48","0.87","104","52.53","3","2.88","21.99","21.99","4","50","18","17","8.59","0","0.0","16.99",,"2","6","7","4","2.02","0","0.0","19.99",,"1","0","2","2026-04-04"
"36x24 frame natural wood","993","4","88","4","4.55","3","75.0","1","33.33","76.99","76.99","0","3","0","0","0.0","0",,,,"0","0","0","0","0.0","0",,,,"0","0","0","2026-04-04"
"floating picture frames","732","1757","45786","7","0.02","568","32.33","1","0.18","22.99","24.99","30","250","155","127","7.23","0","0.0","22.39",,"7","63","39","23","1.31","0","0.0","20.69",,"5","14","4","2026-04-04"
"3 floating live edge shelves walnut","139","14","313","12","3.83","8","57.14","1","12.5","85.95","94.99","0","0","4","2","14.29","1","50.0","61.99","94.99","0","0","2","0","0.0","0",,,,"0","0","0","2026-04-04"
"oak frames","420","103","2545","31","1.22","53","51.46","1","1.89","24.99","25.99","5","19","16","7","6.8","0","0.0","19.99",,"1","3","3","0","0.0","0",,,,"0","0","0","2026-04-04"
"24 x 30 frame","290","612","18404","127","0.69","241","39.38","1","0.41","35.99","73.99","1","54","96","80","13.07","0","0.0","34.89",,"1","20","33","37","6.05","0","0.0","33.99",,"1","12","13","2026-04-04"
"foto frames6x7","55","1","60","1","1.67","1","100.0","1","100.0","16.99","16.99","0","1","0","1","100.0","1","100.0","16.99","16.99","0","1","0","1","100.0","1","100.0","16.99","16.99","0","1","0","2026-04-04"
"oak frame","85","228","6921","113","1.63","81","35.53","2","2.47","22.99","25.99","7","33","29","22","9.65","1","4.55","12.99","25.99","4","11","5","5","2.19","0","0.0","12.99",,"3","1","1","2026-04-04"
"24x30 frame with cream mat light oak","963","2","42","4","9.52","1","50.0","1","100.0","73.99","73.99","0","0","1","0","0.0","0",,,,"0","0","0","0","0.0","0",,,,"0","0","0","2026-04-04"
"rustic grey shelves","161","23","497","7","1.41","9","39.13","1","11.11","28.99","28.99","1","3","1","5","21.74","1","20.0","28.99","28.99","1","2","1","1","4.35","0","0.0","138.69",,"0","0","0","2026-04-04"
"wall shelving farmhouse","391","7","138","4","2.9","3","42.86","2","66.67","28.99","28.99","0","2","1","0","0.0","0",,,,"0","0","0","0","0.0","0",,,,"0","0","0","2026-04-04"
"20 inch × 8 inch wall shelf","590","6","132","12","9.09","5","83.33","1","20.0","24.99","24.99","0","2","1","0","0.0","0",,,,"0","0","0","0","0.0","0",,,,"0","0","0","2026-04-04"
"8 x 10 picture frames self standing","669","285","9275","9","0.1","122","42.81","1","0.82","15.99","17.99","17","65","27","42","14.74","0","0.0","13.99",,"5","19","13","18","6.32","0","0.0","15.15",,"0","13","3","2026-04-04"
"8.5 x 11 picture frame","719","729","26919","8","0.03","301","41.29","1","0.33","10.32","22.99","53","135","67","148","20.3","0","0.0","8.49",,"34","64","24","87","11.93","0","0.0","5.99",,"23","40","14","2026-04-04"
"estante de 18’ ancho por 16 profundidad en madera blanca","594","23","497","12","2.41","14","60.87","1","7.14","45.99","26.99","0","0","10","1","4.35","0","0.0","42.29",,"0","0","1","0","0.0","0",,,,"0","0","0","2026-04-04"
"kitchen wall shelves","99","2116","55813","22","0.04","717","33.88","2","0.28","29.99","24.99","69","269","197","129","6.1","1","0.78","29.99","24.99","15","51","34","12","0.57","0","0.0","23.99",,"1","6","4","2026-04-04"
"16x24 antique frame 3set","177","5","101","5","4.95","3","60.0","1","33.33","45.99","45.99","0","0","0","1","20.0","1","100.0","45.99","45.99","0","0","0","0","0.0","0",,,,"0","0","0","2026-04-04"
"36 inch wall shelf","343","206","5358","100","1.87","93","45.15","0","0.0","45.97",,"3","20","35","9","4.37","0","0.0","45.97",,"0","3","4","2","0.97","0","0.0","29.99",,"0","1","0","2026-04-04"
"free floating shelves for wall","614","230","5873","11","0.19","83","36.09","1","1.2","29.99","63.99","6","40","19","14","6.09","0","0.0","24.99",,"2","4","2","5","2.17","0","0.0","24.99",,"1","2","1","2026-04-04"
"canvas floater frame 16x24 light oak","769","3","60","6","10.0","2","66.67","1","50.0","21.94","45.99","0","0","1","0","0.0","0",,,,"0","0","0","0","0.0","0",,,,"0","0","0","2026-04-04"
"27 x 40natural briwn wood frame","908","4","88","4","4.55","3","75.0","1","33.33","87.99","87.99","0","0","0","1","25.0","0","0.0","107.99",,"0","0","0","1","25.0","0","0.0","108.99",,"0","0","0","2026-04-04"
"11x14 frame with mat","284","677","20554","143","0.7","306","45.2","1","0.33","18.99","24.99","28","164","67","70","10.34","0","0.0","14.99",,"11","39","12","34","5.02","0","0.0","14.88",,"10","16","7","2026-04-04"
"8x10 frame black wood","964","61","1461","4","0.27","48","78.69","1","2.08","12.99","20.99","0","16","29","4","6.56","0","0.0","9.99",,"0","3","0","3","4.92","0","0.0","9.99",,"0","3","0","2026-04-04"
"decorative shelves for wall","510","755","23200","17","0.07","257","34.04","1","0.39","28.49","24.99","26","76","91","36","4.77","0","0.0","27.82",,"7","11","12","3","0.4","0","0.0","23.99",,"3","0","0","2026-04-04"
"real wood floating shelves","335","548","16025","74","0.46","236","43.07","1","0.42","65.99","89.99","1","72","74","12","2.19","0","0.0","69.99",,"0","3","2","2","0.36","0","0.0","47.59",,"0","1","1","2026-04-04"
"wood poster frames 26x32, matted to 22x28","791","5","300","6","2.0","13","260.0","1","7.69","64.99","64.99","0","0","5","6","120.0","0","0.0","43.99",,"0","0","3","0","0.0","0",,,,"0","0","0","2026-04-04"
"hdc slim floating shelves 8×18","203","8","139","3","2.16","5","62.5","1","20.0","35.99","24.99","0","0","2","1","12.5","1","100.0","24.99","24.99","0","0","0","0","0.0","0",,,,"0","0","0","2026-04-04"
"shelves for boys room","924","381","9374","4","0.04","132","34.65","1","0.76","26.09","48.99","9","56","31","35","9.19","0","0.0","26.09",,"2","11","10","6","1.57","0","0.0","29.99",,"0","3","3","2026-04-04"
"black small wall shelf","205","36","733","3","0.41","21","58.33","1","4.76","18.99","24.99","0","12","4","3","8.33","1","33.33","13.99","24.99","0","1","1","0","0.0","0",,,,"0","0","0","2026-04-04"
"12in deep shelf","763","31","752","7","0.93","14","45.16","1","7.14","50.99","24.99","0","0","5","1","3.23","0","0.0","49.99",,"0","0","0","0","0.0","0",,,,"0","0","0","2026-04-04"
"34 inch wood floating shelf set of 1","507","17","377","17","4.51","13","76.47","1","7.69","95.99","114.99","0","0","3","1","5.88","0","0.0","54.99",,"0","0","0","0","0.0","0",,,,"0","0","0","2026-04-04"
"black metal floating shelf","102","115","3743","16","0.43","52","45.22","2","3.85","23.99","24.99","2","23","13","7","6.09","1","14.29","24.99","24.99","0","3","0","0","0.0","0",,,,"0","0","0","2026-04-04"
"floating plant and book shelf","827","6","130","6","4.62","3","50.0","1","33.33","31.99","27.99","0","2","0","1","16.67","0","0.0","53.99",,"0","1","0","0","0.0","0",,,,"0","0","0","2026-04-04"
"picture frame 16 x 20","937","107","4390","4","0.09","30","28.04","1","3.33","23.49","45.99","2","7","8","8","7.48","0","0.0","22.99",,"2","3","2","5","4.67","0","0.0","22.99",,"2","2","0","2026-04-04"
"live edge floating shelves 36 inches","358","30","657","55","8.37","20","66.67","1","5.0","119.99","113.99","0","0","7","1","3.33","0","0.0","84.99",,"0","0","0","0","0.0","0",,,,"0","0","0","2026-04-04"
"floating shelf 12 inch deep","447","201","6123","61","1.0","86","42.79","0","0.0","40.49",,"2","35","28","11","5.47","0","0.0","34.82",,"0","4","4","4","1.99","0","0.0","34.82",,"0","1","1","2026-04-04"
"kitchen shelf risers for counter storage","157","18","398","8","2.01","8","44.44","1","12.5","23.27","28.99","1","0","7","2","11.11","1","50.0","17.99","28.99","0","0","2","0","0.0","0",,,,"0","0","0","2026-04-04"
"rustic brown floating shelves","720","251","7012","8","0.11","106","42.23","1","0.94","29.99","24.99","8","45","21","20","7.97","0","0.0","28.99",,"2","7","6","5","1.99","0","0.0","25.49",,"1","2","1","2026-04-04"
"24x36 poster frame","268","18374","437689","148","0.03","7265","39.54","3","0.04","39.99","76.99","57","1735","2261","3013","16.4","0","0.0","39.99",,"4","763","907","1039","5.65","0","0.0","39.99",,"0","332","321","2026-04-04"
"30 by 40 cm picture frame","714","145","3212","8","0.25","69","47.59","1","1.45","8.88","21.99","3","28","16","22","15.17","0","0.0","7.99",,"1","9","5","7","4.83","0","0.0","6.45",,"0","5","0","2026-04-04"
"live edge wood floating shelves 24 inch","153","8","175","9","5.14","4","50.0","1","25.0","81.99","94.99","0","0","3","1","12.5","1","100.0","94.99","94.99","0","0","1","0","0.0","0",,,,"0","0","0","2026-04-04"
"deep shelves for wall","446","242","6792","62","0.91","73","30.17","0","0.0","29.99",,"14","37","12","7","2.89","0","0.0","34.82",,"1","3","3","2","0.83","0","0.0","37.82",,"0","1","1","2026-04-04"
"white floating shelves for wall","422","2567","61399","30","0.05","1197","46.63","1","0.08","25.99","48.99","185","495","302","292","11.38","0","0.0","23.99",,"49","123","68","65","2.53","0","0.0","23.99",,"17","32","13","2026-04-04"
"20x24 matted to 16x20","198","175","4088","3","0.07","64","36.57","1","1.56","45.99","49.99","0","10","29","22","12.57","1","4.55","39.99","49.99","0","4","10","7","4.0","0","0.0","31.99",,"0","1","4","2026-04-04"
"floral wall shelf","913","31","644","4","0.62","8","25.81","1","12.5","26.39","26.99","0","2","5","0","0.0","0",,,,"0","0","0","0","0.0","0",,,,"0","0","0","2026-04-04"
"hardeood 4 x 6 picture frame","44","2","44","4","9.09","2","100.0","1","50.0","6.29","12.99","0","2","0","1","50.0","1","100.0","12.99","12.99","0","1","0","1","50.0","1","100.0","12.99","12.99","0","1","0","2026-04-04"
"natural oak wood frames 8x10","63","4","86","1","1.16","1","25.0","1","100.0","18.99","18.99","0","0","1","1","25.0","1","100.0","18.99","18.99","0","0","1","1","25.0","1","100.0","18.99","18.99","0","0","1","2026-04-04"
"11x14 picture frame with mat","2","5508","141387","644","0.46","2207","40.07","12","0.54","18.99","22.99","298","1062","499","764","13.87","3","0.39","15.99","24.99","134","380","153","325","5.9","1","0.31","13.99","24.99","67","167","65","2026-04-04"
"black wood shelves for vinyls","678","5","100","9","9.0","3","60.0","1","33.33","17.99","44.99","0","2","0","0","0.0","0",,,,"0","0","0","0","0.0","0",,,,"0","0","0","2026-04-04"
"marcos de madera para fotos","776","30","646","6","0.93","7","23.33","1","14.29","8.09","24.99","1","1","0","1","3.33","0","0.0","7.99",,"0","0","0","0","0.0","0",,,,"0","0","0","2026-04-04"
"8x22 wall shelf","759","34","733","7","0.95","22","64.71","1","4.55","24.99","24.99","0","0","2","0","0.0","0",,,,"0","0","0","0","0.0","0",,,,"0","0","0","2026-04-04"
"grey wall shelf","166","38","773","6","0.78","13","34.21","1","7.69","27.99","27.99","3","7","2","6","15.79","1","16.67","23.99","27.99","1","3","1","0","0.0","0",,,,"0","0","0","2026-04-04"
"white shelf 2 piece","532","10","416","16","3.85","7","70.0","1","14.29","39.99","26.99","0","2","4","0","0.0","0",,,,"0","0","0","0","0.0","0",,,,"0","0","0","2026-04-04"
"live edge bathroom shelf","705","10","218","8","3.67","14","140.0","1","7.14","102.99","114.99","0","4","3","1","10.0","0","0.0","85.0",,"0","0","0","0","0.0","0",,,,"0","0","0","2026-04-04"
"24x36 frame with mat glass white wood","849","5","110","5","4.55","9","180.0","1","11.11","87.99","81.99","0","0","4","0","0.0","0",,,,"0","0","0","0","0.0","0",,,,"0","0","0","2026-04-04"
"wall mounted bookshelves","805","665","17709","43","0.24","215","32.33","0","0.0","35.69",,"18","65","74","37","5.56","0","0.0","34.99",,"2","14","13","6","0.9","0","0.0","29.97",,"2","2","2","2026-04-04"
"wood shelf","3","5859","155543","1036","0.67","1612","27.51","11","0.68","32.99","94.99","144","484","374","259","4.42","3","1.16","32.99","94.99","21","79","73","39","0.67","0","0.0","25.0",,"4","16","10","2026-04-04"
"oak picture frames","86","260","8528","97","1.14","77","29.62","2","2.6","24.64","22.99","0","46","16","16","6.15","1","6.25","22.99","22.99","0","8","3","4","1.54","0","0.0","9.99",,"0","4","0","2026-04-04"
"finished wood shelf","646","28","562","10","1.78","12","42.86","1","8.33","75.99","89.99","0","3","3","1","3.57","0","0.0","66.99",,"0","1","0","0","0.0","0",,,,"0","0","0","2026-04-04"
"24x36 frame","10","9103","253287","932","0.37","3445","37.84","7","0.2","42.77","76.99","5","773","1053","1203","13.22","1","0.08","42.49","83.99","1","289","377","349","3.83","0","0.0","42.49",,"1","108","119","2026-04-04"
"72 inch live edge floating shelf","334","61","1267","74","5.84","15","24.59","1","6.67","164.99","179.99","0","1","4","1","1.64","0","0.0","164.99",,"0","0","0","0","0.0","0",,,,"0","0","0","2026-04-04"
"metal bracket wall shelves","300","126","2708","35","1.29","49","38.89","3","6.12","27.49","26.99","2","32","7","8","6.35","0","0.0","24.99",,"1","3","1","2","1.59","0","0.0","14.98",,"1","0","0","2026-04-04"
"8x10 picture frame with mat","303","3350","91813","134","0.15","1385","41.34","0","0.0","11.99",,"256","681","289","531","15.85","0","0.0","8.99",,"116","280","87","253","7.55","0","0.0","6.99",,"65","128","39","2026-04-04"
"12x16 picture frame","434","4756","121085","64","0.05","2092","43.99","0","0.0","13.59",,"270","900","509","964","20.27","0","0.0","9.59",,"157","424","211","346","7.28","0","0.0","8.99",,"68","168","73","2026-04-04"
"wall shelves for living room","293","4799","115842","49","0.04","1500","31.26","3","0.2","29.99","44.99","151","504","396","265","5.52","0","0.0","27.99",,"32","99","62","27","0.56","0","0.0","25.49",,"5","10","5","2026-04-04"
"metal wall shelf 8 inch deep","367","6","133","12","9.02","4","66.67","2","50.0","25.99","24.99","0","0","1","0","0.0","0",,,,"0","0","0","0","0.0","0",,,,"0","0","0","2026-04-04"
"tablas de madera para decorar","546","1222","27254","15","0.06","316","25.86","1","0.32","22.19","26.99","27","103","63","36","2.95","0","0.0","19.94",,"4","15","2","3","0.25","0","0.0","9.99",,"1","1","0","2026-04-04"
"36 in floating shelves walnut live edge","703","4","88","8","9.09","4","100.0","1","25.0","109.99","114.99","0","0","0","1","25.0","0","0.0","109.99",,"0","0","0","0","0.0","0",,,,"0","0","0","2026-04-04"
"poster frame 27x40","377","555","15394","83","0.54","228","41.08","0","0.0","43.99",,"1","36","68","59","10.63","0","0.0","47.99",,"1","13","18","21","3.78","0","0.0","42.99",,"1","3","10","2026-04-04"
"wall picture frame","562","328","8607","13","0.15","117","35.67","1","0.85","20.99","81.99","32","43","27","21","6.4","0","0.0","22.99",,"2","8","7","3","0.91","0","0.0","6.79",,"1","1","0","2026-04-04"
"floating shelf 8 inch deep","16","61","1271","31","2.44","30","49.18","3","10.0","24.99","24.99","0","6","13","4","6.56","1","25.0","24.99","24.99","0","1","2","2","3.28","1","50.0","24.99","24.99","0","1","1","2026-04-04"
"frame","68","13033","361816","178","0.05","2664","20.44","2","0.08","13.99","21.99","426","1088","513","765","5.87","2","0.26","9.99","21.99","144","341","142","285","2.19","0","0.0","8.54",,"61","144","47","2026-04-04"
"floating shelves without drilling","820","206","5136","6","0.12","90","43.69","1","1.11","19.94","26.99","7","33","23","8","3.88","0","0.0","9.99",,"0","4","3","0","0.0","0",,,,"0","0","0","2026-04-04"
"photo frames table","239","6","165","1","0.61","3","50.0","1","33.33","12.74","16.99","0","1","2","2","33.33","1","50.0","6.49","16.99","0","0","2","0","0.0","0",,,,"0","0","0","2026-04-04"
"hang shelves","576","34","810","13","1.6","11","32.35","1","9.09","27.99","28.99","0","4","1","2","5.88","0","0.0","19.99",,"0","0","0","1","2.94","0","0.0","25.97",,"0","0","0","2026-04-04"
"deep floating shelf","378","328","9773","46","0.47","135","41.16","1","0.74","34.99","26.99","16","55","35","20","6.1","0","0.0","34.82",,"2","8","6","7","2.13","0","0.0","29.99",,"1","2","4","2026-04-04"
"30x40 light wood frame","403","18","372","2","0.54","12","66.67","2","16.67","86.69","57.99","0","0","0","1","5.56","0","0.0","99.99",,"0","0","0","0","0.0","0",,,,"0","0","0","2026-04-04"
"8 inch deep wall shelves","156","6","157","8","5.1","3","50.0","1","33.33","24.99","24.99","0","3","0","2","33.33","1","50.0","19.99","24.99","0","2","0","0","0.0","0",,,,"0","0","0","2026-04-04"
"glass frame with mat 30x20","960","4","87","4","4.6","3","75.0","1","33.33","66.49","57.99","0","0","0","0","0.0","0",,,,"0","0","0","0","0.0","0",,,,"0","0","0","2026-04-04"
"16x20 frame bronze","399","26","531","3","0.56","25","96.15","2","8.0","44.99","45.99","0","0","11","2","7.69","0","0.0","37.99",,"0","0","1","1","3.85","0","0.0","37.99",,"0","0","0","2026-04-04"
"large wood frame","497","173","5086","19","0.37","43","24.86","1","2.33","42.63","96.99","0","6","22","12","6.94","0","0.0","39.99",,"0","2","6","3","1.73","0","0.0","36.99",,"0","0","2","2026-04-04"
"hanging bookshelf","312","2770","66486","89","0.13","1041","37.58","1","0.1","27.99","26.99","67","415","274","226","8.16","0","0.0","27.96",,"17","93","62","28","1.01","0","0.0","27.1",,"2","15","10","2026-04-04"
"shelves","87","142508","3566233","264","0.01","40335","28.3","4","0.01","33.99","26.99","4989","11759","7362","7930","5.56","0","0.0","29.99",,"1110","2419","1421","1448","1.02","0","0.0","29.99",,"340","511","236","2026-04-04"
"16x20 dark walnut frames with mat","39","2","120","6","5.0","1","50.0","1","100.0","45.99","45.99","0","0","1","1","50.0","1","100.0","45.99","45.99","0","0","1","1","50.0","1","100.0","45.99","45.99","0","0","1","2026-04-04"
"picture mat","499","326","11082","18","0.16","64","19.63","1","1.56","13.99","22.99","0","33","12","7","2.15","0","0.0","7.99",,"0","2","3","0","0.0","0",,,,"0","0","0","2026-04-04"
"shelf 16x60","234","6","132","2","1.52","3","50.0","1","33.33","57.99","63.99","0","2","0","1","16.67","1","100.0","63.99","63.99","0","1","0","0","0.0","0",,,,"0","0","0","2026-04-04"
"18x24 woodframe with matte","952","6","146","4","2.74","2","33.33","1","50.0","29.99","48.49","0","0","0","0","0.0","0",,,,"0","0","0","0","0.0","0",,,,"0","0","0","2026-04-04"
"black heavy duty wall shelves","797","9","175","6","3.43","4","44.44","1","25.0","32.29","26.99","1","3","0","0","0.0","0",,,,"0","0","0","0","0.0","0",,,,"0","0","0","2026-04-04"
"single 36 inch solid wood floating shelf","541","6","360","16","4.44","14","233.33","1","7.14","56.09","109.99","0","0","6","2","33.33","0","0.0","56.09",,"0","0","2","0","0.0","0",,,,"0","0","0","2026-04-04"
"12 inch deep wall shelving unit","132","8","176","16","9.09","9","112.5","1","11.11","42.99","51.99","0","3","4","7","87.5","1","14.29","49.99","51.99","0","2","3","0","0.0","0",,,,"0","0","0","2026-04-04"
"small hanging book shelf","584","51","996","12","1.2","28","54.9","1","3.57","24.99","24.99","0","8","9","4","7.84","0","0.0","17.99",,"0","0","2","0","0.0","0",,,,"0","0","0","2026-04-04"
"8x10 picture frame","6","57978","1430613","435","0.03","24599","42.43","9","0.04","11.99","18.99","4612","12136","4687","11517","19.86","2","0.02","8.99","18.99","2534","5748","2011","5265","9.08","1","0.02","7.98","18.99","1411","2732","791","2026-04-04"
"picture frames 4x6","111","9504","256121","43","0.02","3141","33.05","1","0.03","12.99","14.99","505","1539","676","1428","15.03","1","0.07","11.89","14.99","260","727","282","563","5.92","0","0.0","9.99",,"126","307","92","2026-04-04"
"living room wall floating shelves","65","15","216","1","0.46","4","26.67","1","25.0","24.98","26.99","3","1","0","1","6.67","1","100.0","26.99","26.99","1","0","0","1","6.67","1","100.0","26.99","26.99","1","0","0","2026-04-04"
"photo frames wall large matting","946","8","220","4","1.82","1","12.5","1","100.0","45.99","45.99","0","0","0","0","0.0","0",,,,"0","0","0","0","0.0","0",,,,"0","0","0","2026-04-04"
"20” mahogany brown shelf","810","40","861","6","0.7","29","72.5","1","3.45","35.99","26.99","0","10","6","2","5.0","0","0.0","19.99",,"0","2","0","0","0.0","0",,,,"0","0","0","2026-04-04"
"hanging wall shelf","659","1183","30912","10","0.03","328","27.73","1","0.3","20.99","63.99","48","123","89","56","4.73","0","0.0","19.99",,"8","25","15","8","0.68","0","0.0","20.99",,"1","5","1","2026-04-04"
"small wall shelf no drill","415","123","3498","33","0.94","46","37.4","1","2.17","13.99","24.99","5","29","6","10","8.13","0","0.0","11.29",,"0","8","1","4","3.25","0","0.0","11.29",,"0","4","0","2026-04-04"
"no drill floating shelf 8 inches deep","641","9","168","10","5.95","11","122.22","1","9.09","26.99","25.99","0","0","6","0","0.0","0",,,,"0","0","0","0","0.0","0",,,,"0","0","0","2026-04-04"
"6x8 picture frame","84","4611","118814","123","0.1","2178","47.23","3","0.14","8.99","16.99","184","1122","552","956","20.73","1","0.1","8.23","16.99","106","497","226","446","9.67","0","0.0","7.99",,"64","246","96","2026-04-04"
"solid wood picture frames with mat 5x7","433","11","660","27","4.09","13","118.18","1","7.69","17.99","17.99","0","0","0","0","0.0","0",,,,"0","0","0","0","0.0","0",,,,"0","0","0","2026-04-04"
"walnut live edge floating shelves","333","47","1069","75","7.02","28","59.57","1","3.57","79.99","94.99","0","3","15","0","0.0","0",,,,"0","0","0","0","0.0","0",,,,"0","0","0","2026-04-04"
"24 inch shelf","844","705","19855","5","0.03","290","41.13","1","0.34","31.34","24.99","21","83","94","46","6.52","0","0.0","32.99",,"3","7","13","13","1.84","0","0.0","32.99",,"1","2","2","2026-04-04"
"live edge shelf floating","511","37","795","17","2.14","16","43.24","1","6.25","85.0","114.99","0","4","2","1","2.7","0","0.0","134.45",,"0","0","0","0","0.0","0",,,,"0","0","0","2026-04-04"
"antique wood picture frames large","799","3","180","6","3.33","2","66.67","1","50.0","24.99","24.99","0","0","1","0","0.0","0",,,,"0","0","0","0","0.0","0",,,,"0","0","0","2026-04-04"
"black walnut and brass shelves","933","4","240","4","1.67","3","75.0","1","33.33","27.99","24.99","0","0","2","0","0.0","0",,,,"0","0","0","0","0.0","0",,,,"0","0","0","2026-04-04"
"wall book shelf floating","645","715","17490","10","0.06","261","36.5","1","0.38","27.99","24.99","23","102","65","58","8.11","0","0.0","27.47",,"7","22","11","7","0.98","0","0.0","28.79",,"0","4","2","2026-04-04"
"30x40cm picture frame","523","334","8533","17","0.2","138","41.32","1","0.72","8.88","25.99","16","77","29","52","15.57","0","0.0","8.88",,"6","31","9","21","6.29","0","0.0","8.88",,"2","12","6","2026-04-04"
"5x7 walnut picture frame with mat","387","24","1111","6","0.54","10","41.67","2","20.0","21.98","18.99","0","6","3","0","0.0","0",,,,"0","0","0","0","0.0","0",,,,"0","0","0","2026-04-04"
"wall shelves laundry room","663","99","2241","10","0.45","34","34.34","1","2.94","39.99","48.99","1","18","9","4","4.04","0","0.0","24.99",,"0","3","1","0","0.0","0",,,,"0","0","0","2026-04-04"
"4 x 6 picture frame","489","3475","104411","19","0.02","1384","39.83","1","0.07","9.99","14.99","175","717","332","645","18.56","0","0.0","9.99",,"95","341","151","311","8.95","0","0.0","8.99",,"55","182","53","2026-04-04"
"farmhouse wall shelves","373","182","4729","10","0.21","45","24.73","2","4.44","29.99","24.99","1","11","15","5","2.75","0","0.0","28.99",,"0","2","1","2","1.1","0","0.0","23.27",,"0","1","0","2026-04-04"
"artower bilderrahmen","735","4","84","7","8.33","3","75.0","1","33.33","29.99","26.99","0","0","0","0","0.0","0",,,,"0","0","0","0","0.0","0",,,,"0","0","0","2026-04-04"
"16 x 20 picture frame rustic wood","793","28","947","6","0.63","12","42.86","1","8.33","23.79","24.99","0","1","5","2","7.14","0","0.0","22.79",,"0","1","1","1","3.57","0","0.0","23.79",,"0","1","0","2026-04-04"
"48 x 32 frame","846","71","1810","5","0.28","26","36.62","1","3.85","63.89","83.99","0","1","5","4","5.63","0","0.0","63.99",,"0","0","1","1","1.41","0","0.0","63.99",,"0","0","1","2026-04-04"
"floating shelves for wall 8 inch deep","329","121","3040","78","2.57","53","43.8","1","1.89","27.99","24.99","1","24","17","9","7.44","0","0.0","26.99",,"1","3","2","1","0.83","0","0.0","17.09",,"0","1","0","2026-04-04"
"oak floating shelves 36 inch","503","16","466","18","3.86","10","62.5","1","10.0","56.99","112.99","0","1","6","4","25.0","0","0.0","55.99",,"0","0","3","0","0.0","0",,,,"0","0","0","2026-04-04"
"light oak 3x5 frame","57","1","60","1","1.67","3","300.0","1","33.33","8.88","13.99","0","2","1","2","200.0","1","50.0","8.88","13.99","0","2","0","1","100.0","1","100.0","13.99","13.99","0","1","0","2026-04-04"
"book shelf 8 inches deep","558","5","102","14","13.73","2","40.0","1","50.0","36.97","48.99","0","0","2","0","0.0","0",,,,"0","0","0","0","0.0","0",,,,"0","0","0","2026-04-04"
"industrial wall shelf pine","518","10","226","17","7.52","5","50.0","1","20.0","63.99","63.99","0","0","2","0","0.0","0",,,,"0","0","0","0","0.0","0",,,,"0","0","0","2026-04-04"
"pantry shelf floating","164","9","190","7","3.68","5","55.56","1","20.0","50.14","59.16","0","1","3","1","11.11","1","100.0","59.16","59.16","0","0","1","0","0.0","0",,,,"0","0","0","2026-04-04"
"22x28 picture frame","351","296","10236","58","0.57","117","39.53","1","0.85","35.97","64.99","2","30","30","40","13.51","0","0.0","32.29",,"0","10","9","12","4.05","0","0.0","30.95",,"0","6","3","2026-04-04"
"metal bracket wall shelves heavy duty","339","135","2971","32","1.08","40","29.63","2","5.0","28.99","48.99","2","19","10","2","1.48","0","0.0","28.99",,"0","2","0","1","0.74","0","0.0","28.99",,"0","1","0","2026-04-04"
"heavy duty floating shelves 36","32","25","660","9","1.36","24","96.0","1","4.17","69.82","114.99","0","7","4","6","24.0","1","16.67","45.99","114.99","0","4","1","1","4.0","1","100.0","114.99","114.99","0","0","1","2026-04-04"
"shelves for bathroom wall 12in","955","5","111","4","3.6","3","60.0","1","33.33","21.67","28.99","0","1","1","1","20.0","0","0.0","16.99",,"0","0","0","0","0.0","0",,,,"0","0","0","2026-04-04"
"16x12 walnut frame","915","4","88","4","4.55","3","75.0","1","33.33","15.34","24.99","0","2","0","1","25.0","0","0.0","15.34",,"0","1","0","0","0.0","0",,,,"0","0","0","2026-04-04"
"16x20 dark oak frame","996","10","190","4","2.11","7","70.0","1","14.29","36.99","45.99","0","0","5","0","0.0","0",,,,"0","0","0","0","0.0","0",,,,"0","0","0","2026-04-04"
"picture frames","8","120767","3210784","1165","0.04","29647","24.55","9","0.03","18.69","22.99","4709","12440","5671","9781","8.1","0","0.0","17.99",,"1829","4325","1856","2737","2.27","0","0.0","15.99",,"645","1355","457","2026-04-04"
"4x6 natural wood photo frames","222","12","254","2","0.79","4","33.33","1","25.0","12.99","13.99","0","2","2","3","25.0","1","33.33","13.99","13.99","0","2","1","1","8.33","0","0.0","15.99",,"0","1","0","2026-04-04"
"16x12 wood shelf","181","2","82","4","4.88","2","100.0","1","50.0","26.99","26.99","0","0","2","1","50.0","1","100.0","26.99","26.99","0","0","1","0","0.0","0",,,,"0","0","0","2026-04-04"
"floating shelf","459","30040","795359","60","0.01","10681","35.56","0","0.0","23.99",,"1642","4140","2312","1650","5.49","0","0.0","21.74",,"278","661","328","386","1.28","0","0.0","19.99",,"96","171","64","2026-04-04"
"wooden frame matted to 22x28","831","3","66","6","9.09","2","66.67","1","50.0","64.99","64.99","0","0","0","0","0.0","0",,,,"0","0","0","0","0.0","0",,,,"0","0","0","2026-04-04"
"8.5 by 11 picture frame glass","160","63","1680","7","0.42","31","49.21","1","3.23","19.99","21.99","1","13","10","14","22.22","1","7.14","19.99","21.99","0","7","4","3","4.76","0","0.0","19.99",,"0","2","1","2026-04-04"
"24 x 36 picture frame","309","793","25384","57","0.22","366","46.15","2","0.55","48.49","83.99","0","68","94","98","12.36","0","0.0","44.19",,"0","28","31","22","2.77","0","0.0","44.99",,"0","7","7","2026-04-04"
"12x 36 wood shelf dark wolnut","506","6","132","18","13.64","6","100.0","1","16.67","63.99","63.99","0","5","1","0","0.0","0",,,,"0","0","0","0","0.0","0",,,,"0","0","0","2026-04-04"
"8x10 picture frame rounded smooth horizontal wall mounted","184","2","44","4","9.09","1","50.0","1","100.0","18.99","18.99","0","0","0","1","50.0","1","100.0","18.99","18.99","0","0","0","0","0.0","0",,,,"0","0","0","2026-04-04"
"natural wood photo frames","750","27","747","7","0.94","11","40.74","1","9.09","20.99","16.99","1","6","3","3","11.11","0","0.0","20.99",,"1","1","1","1","3.7","0","0.0","53.99",,"0","0","1","2026-04-04"
"100lbs wall shelves","785","3","66","6","9.09","3","100.0","1","33.33","69.99","48.99","0","0","0","1","33.33","0","0.0","92.14",,"0","0","0","0","0.0","0",,,,"0","0","0","2026-04-04"
"black bead frame 8x10","401","16","351","3","0.85","7","43.75","2","28.57","21.99","21.99","0","0","6","1","6.25","0","0.0","16.99",,"0","0","1","0","0.0","0",,,,"0","0","0","2026-04-04"
"wood shelves","66","7284","192149","519","0.27","2204","30.26","11","0.5","29.99","113.99","199","698","498","329","4.52","0","0.0","29.99",,"24","111","76","36","0.49","0","0.0","29.99",,"5","15","10","2026-04-04"
"floating bathroom shelving over toilet wood","697","21","464","8","1.72","6","28.57","1","16.67","95.0","114.99","0","3","1","0","0.0","0",,,,"0","0","0","0","0.0","0",,,,"0","0","0","2026-04-04"
"8x10 frame with mat for 4x6 cute frame","209","8","177","3","1.69","3","37.5","1","33.33","25.19","18.99","0","0","2","3","37.5","1","33.33","25.19","18.99","0","0","2","0","0.0","0",,,,"0","0","0","2026-04-04"
"book shelf 8 inches deep 36 in wide","522","7","154","17","11.04","4","57.14","1","25.0","45.97","48.99","0","0","3","0","0.0","0",,,,"0","0","0","0","0.0","0",,,,"0","0","0","2026-04-04"
"wall shelves farmhouse style","926","30","777","4","0.51","11","36.67","1","9.09","26.99","26.99","1","1","8","1","3.33","0","0.0","34.82",,"0","0","1","0","0.0","0",,,,"0","0","0","2026-04-04"
"picture frames 20 x 30","923","134","3768","4","0.11","45","33.58","1","2.22","34.99","17.99","0","19","8","19","14.18","0","0.0","31.99",,"0","8","5","2","1.49","0","0.0","25.99",,"0","0","1","2026-04-04"
"rounded poster frame","199","3","66","3","4.55","5","166.67","1","20.0","79.99","78.99","0","0","2","2","66.67","1","50.0","78.99","78.99","0","0","2","0","0.0","0",,,,"0","0","0","2026-04-04"
"wooden picture frame 22 x 28","31","3","180","9","5.0","2","66.67","1","50.0","59.99","67.99","0","0","2","1","33.33","1","100.0","67.99","67.99","0","0","1","1","33.33","1","100.0","67.99","67.99","0","0","1","2026-04-04"
"elm wood floating shelves 16 inch","498","12","353","18","5.1","10","83.33","1","10.0","94.99","94.99","0","3","3","3","25.0","0","0.0","55.99",,"0","2","0","0","0.0","0",,,,"0","0","0","2026-04-04"
"floating shelves for wall live edge","469","39","929","22","2.37","17","43.59","1","5.88","79.99","114.99","0","6","3","4","10.26","0","0.0","79.99",,"0","0","1","0","0.0","0",,,,"0","0","0","2026-04-04"
"27 x 40 poster frame matted 24 x 36","306","26","775","22","2.84","15","57.69","3","20.0","53.99","87.99","0","7","3","3","11.54","0","0.0","43.99",,"0","2","1","1","3.85","0","0.0","29.99",,"0","0","1","2026-04-04"
"5x7 picture frame that can fit a 4x6 photo","539","70","1451","16","1.1","35","50.0","1","2.86","9.99","16.99","0","21","13","1","1.43","0","0.0","9.99",,"0","1","0","0","0.0","0",,,,"0","0","0","2026-04-04"
"8 inch shelf","490","285","7734","56","0.72","98","34.39","0","0.0","20.99",,"7","46","21","14","4.91","0","0.0","19.99",,"1","8","2","5","1.75","0","0.0","20.69",,"1","4","0","2026-04-04"
"vintage picture frames","75","6607","162895","11","0.01","2346","35.51","2","0.09","19.99","20.99","145","1030","627","783","11.85","2","0.26","18.99","20.99","74","327","196","69","1.04","0","0.0","17.99",,"4","25","18","2026-04-04"
"12 inch deep shelf","76","183","5000","111","2.22","79","43.17","6","7.59","37.99","26.99","1","11","36","8","4.37","1","12.5","34.82","26.99","0","2","3","2","1.09","0","0.0","34.82",,"0","1","1","2026-04-04"
"custom picture frames","360","2105","54042","16","0.03","707","33.59","2","0.28","14.99","16.99","28","65","48","35","1.66","0","0.0","12.98",,"4","7","7","3","0.14","0","0.0","17.99",,"1","1","1","2026-04-04"
"matted to 12x18","457","31","799","23","2.88","10","32.26","1","10.0","45.99","45.99","0","4","1","3","9.68","0","0.0","45.99",,"0","1","0","0","0.0","0",,,,"0","0","0","2026-04-04"
"wall mounted shelves","272","6716","172559","166","0.1","1992","29.66","2","0.1","26.99","24.99","288","743","423","329","4.9","0","0.0","25.49",,"44","156","54","70","1.04","0","0.0","23.99",,"13","35","8","2026-04-04"
"wood floating shelves wall","667","12","261","9","3.45","3","25.0","1","33.33","94.99","94.99","0","1","0","1","8.33","0","0.0","26.99",,"0","1","0","0","0.0","0",,,,"0","0","0","2026-04-04"
"16x20 natural wood frame","789","172","5881","43","0.73","73","42.44","0","0.0","29.99",,"0","34","17","31","18.02","0","0.0","28.99",,"0","16","7","12","6.98","0","0.0","25.99",,"0","7","2","2026-04-04"
"8 10 picture frame","568","1095","26497","50","0.19","436","39.82","0","0.0","11.69",,"64","214","91","191","17.44","0","0.0","8.49",,"34","98","39","69","6.3","0","0.0","6.99",,"14","40","12","2026-04-04"
"rustic wooden wall shelves","583","224","5212","12","0.23","82","36.61","1","1.22","29.99","24.99","8","27","24","9","4.02","0","0.0","31.99",,"0","3","4","1","0.45","0","0.0","45.97",,"0","0","1","2026-04-04"
"wide wall shelves","485","198","4535","20","0.44","95","47.98","1","1.05","33.99","63.99","4","36","34","21","10.61","0","0.0","29.99",,"0","9","7","4","2.02","0","0.0","25.99",,"0","1","2","2026-04-04"
"picture frames 5x8","64","32","798","1","0.13","18","56.25","1","5.56","6.99","16.99","2","9","6","13","40.63","1","7.69","8.99","16.99","1","7","4","6","18.75","1","16.67","8.99","16.99","0","3","2","2026-04-04"
"11x14 oak frame","133","46","1063","16","1.51","32","69.57","1","3.13","18.39","22.99","2","12","14","15","32.61","1","6.67","14.99","22.99","1","9","3","5","10.87","0","0.0","19.99",,"1","2","2","2026-04-04"
"27 x 40 wood frame","398","36","1391","40","2.88","19","52.78","1","5.26","77.99","87.99","0","2","4","3","8.33","0","0.0","105.9",,"0","0","0","0","0.0","0",,,,"0","0","0","2026-04-04"
"5 foot natural live edge floating shelf","560","4","84","14","16.67","2","50.0","1","50.0","131.99","131.99","0","0","2","0","0.0","0",,,,"0","0","0","0","0.0","0",,,,"0","0","0","2026-04-04"
"6x8 frame with mat fancy","211","3","65","2","3.08","2","66.67","1","50.0","16.99","16.99","0","2","0","1","33.33","1","100.0","16.99","16.99","0","1","0","0","0.0","0",,,,"0","0","0","2026-04-04"
"long shelf for wall","656","1981","47540","47","0.1","661","33.37","0","0.0","46.99",,"40","162","199","110","5.55","0","0.0","45.99",,"5","26","38","15","0.76","0","0.0","20.99",,"2","4","5","2026-04-04"
"shelf 26 inches long 10 in deep acrylic","136","13","288","14","4.86","11","84.62","1","9.09","19.99","26.99","0","6","4","1","7.69","1","100.0","26.99","26.99","0","0","1","0","0.0","0",,,,"0","0","0","2026-04-04"
"wall shelf for bedroom","103","4514","108569","51","0.05","1517","33.61","1","0.07","23.99","60.99","249","576","355","346","7.67","1","0.29","20.99","60.99","77","136","70","68","1.51","0","0.0","19.99",,"24","27","12","2026-04-04"
"live edge wood floating shelves 16 inch","474","11","241","22","9.13","10","90.91","1","10.0","52.99","94.99","1","3","5","1","9.09","0","0.0","45.98",,"0","1","0","0","0.0","0",,,,"0","0","0","2026-04-04"
"small wall shelf","78","5122","136360","139","0.1","2077","40.55","4","0.19","14.99","24.99","235","1004","471","469","9.16","1","0.21","13.99","24.99","64","235","104","130","2.54","0","0.0","12.49",,"22","82","21","2026-04-04"
"8.5 x 11 frame","7","4035","123675","173","0.14","1849","45.82","6","0.32","7.99","19.99","381","840","342","936","23.2","2","0.21","5.99","19.99","215","455","157","540","13.38","1","0.19","5.99","19.99","140","266","87","2026-04-04"
"wood 8x10 picture frame","688","252","7034","9","0.13","95","37.7","1","1.05","12.99","18.99","9","57","21","34","13.49","0","0.0","9.99",,"7","20","7","6","2.38","0","0.0","17.99",,"1","3","2","2026-04-04"
"12 inch deep floating shelf","973","115","3647","41","1.12","46","40.0","0","0.0","42.99",,"4","13","13","6","5.22","0","0.0","42.99",,"1","2","1","2","1.74","0","0.0","37.82",,"1","0","0","2026-04-04"
"20x28 frame with large mat","836","5","107","6","5.61","4","80.0","1","25.0","37.99","45.99","0","0","0","2","40.0","0","0.0","37.99",,"0","0","0","0","0.0","0",,,,"0","0","0","2026-04-04"
"24 x 8 wood wall shelf","388","5","111","6","5.41","4","80.0","2","50.0","41.99","44.99","0","0","2","0","0.0","0",,,,"0","0","0","0","0.0","0",,,,"0","0","0","2026-04-04"
"16x24 frame rounded corners","314","6","132","12","9.09","6","100.0","3","50.0","45.99","45.99","0","5","0","0","0.0","0",,,,"0","0","0","0","0.0","0",,,,"0","0","0","2026-04-04"
"white wall shelf with gold brackets","967","2","46","4","8.7","1","50.0","1","100.0","24.99","24.99","0","0","1","0","0.0","0",,,,"0","0","0","0","0.0","0",,,,"0","0","0","2026-04-04"
"2in depth shelf live edge","857","2","41","5","12.2","2","100.0","1","50.0","114.99","114.99","0","1","1","0","0.0","0",,,,"0","0","0","0","0.0","0",,,,"0","0","0","2026-04-04"
"floating shelves 36 inch","307","352","9503","132","1.39","172","48.86","0","0.0","52.24",,"1","48","54","40","11.36","0","0.0","51.97",,"0","15","13","12","3.41","0","0.0","59.12",,"0","6","4","2026-04-04"
"28x39 brown frame acrylic","254","3","61","1","1.64","3","100.0","1","33.33","96.99","96.99","0","0","2","2","66.67","1","50.0","96.99","96.99","0","0","1","0","0.0","0",,,,"0","0","0","2026-04-04"
"hanging shelves","114","9219","230385","42","0.02","3047","33.05","1","0.03","23.99","26.99","459","1140","756","664","7.2","1","0.15","22.99","26.99","88","253","164","111","1.2","0","0.0","20.99",,"24","52","16","2026-04-04"
"wood floating shelf","280","987","27036","128","0.47","352","35.66","2","0.57","32.39","94.99","29","126","104","46","4.66","0","0.0","29.39",,"6","16","12","5","0.51","0","0.0","19.99",,"2","1","1","2026-04-04"
"unique oak frame 16x20","215","2","43","2","4.65","1","50.0","1","100.0","49.99","49.99","0","1","0","1","50.0","1","100.0","49.99","49.99","0","1","0","0","0.0","0",,,,"0","0","0","2026-04-04"
"natural solid oak wood photo frame","675","8","223","9","4.04","6","75.0","1","16.67","57.99","57.99","0","2","4","0","0.0","0",,,,"0","0","0","0","0.0","0",,,,"0","0","0","2026-04-04"
"floating shelves 10 inch depth","864","8","244","5","2.05","11","137.5","1","9.09","51.98","26.99","0","2","5","1","12.5","0","0.0","51.98",,"0","0","0","1","12.5","0","0.0","51.98",,"0","0","0","2026-04-04"
"floating shelves 12 inches deep","328","337","9451","115","1.22","129","38.28","0","0.0","42.99",,"8","55","44","13","3.86","0","0.0","38.24",,"2","6","2","3","0.89","0","0.0","42.99",,"0","2","0","2026-04-04"
"wood shelving","295","715","20939","121","0.58","182","25.45","1","0.55","65.99","113.99","9","38","50","16","2.24","0","0.0","49.99",,"1","1","7","1","0.14","0","0.0","137.69",,"0","0","1","2026-04-04"
"book shelf wall mount","538","577","14363","16","0.11","189","32.76","1","0.53","29.97","27.99","11","79","43","47","8.15","0","0.0","29.99",,"1","21","11","9","1.56","0","0.0","35.69",,"0","7","1","2026-04-04"
"large storage shelf wood","54","3","59","2","3.39","2","66.67","1","50.0","26.59","26.99","0","2","0","1","33.33","1","100.0","26.99","26.99","0","1","0","1","33.33","1","100.0","26.99","26.99","0","1","0","2026-04-04"
"22 28 picture frame with mat white","982","5","110","4","3.64","2","40.0","1","50.0","29.99","64.99","0","0","1","0","0.0","0",,,,"0","0","0","0","0.0","0",,,,"0","0","0","2026-04-04"
"vintage 12” wall shelf","722","6","115","7","6.09","3","50.0","1","33.33","26.99","26.99","0","2","0","0","0.0","0",,,,"0","0","0","0","0.0","0",,,,"0","0","0","2026-04-04"
"wide black wall shelves","189","6","114","4","3.51","4","66.67","1","25.0","24.99","24.99","0","0","0","2","33.33","1","50.0","24.99","24.99","0","0","0","0","0.0","0",,,,"0","0","0","2026-04-04"
"12x16 frame","363","14346","333944","51","0.02","6755","47.09","1","0.01","12.59","25.99","1150","2936","1497","3400","23.7","0","0.0","8.99",,"681","1516","702","1382","9.63","0","0.0","8.99",,"330","649","260","2026-04-04"
"16x20 wood frames","622","579","14040","11","0.08","250","43.18","1","0.4","25.99","24.99","6","55","109","63","10.88","0","0.0","25.49",,"3","19","22","20","3.45","0","0.0","25.49",,"0","6","12","2026-04-04"
"wall shelf 24 x 12","815","6","120","6","5.0","5","83.33","1","20.0","46.99","51.99","0","1","1","1","16.67","0","0.0","49.99",,"0","0","1","1","16.67","0","0.0","49.99",,"0","0","1","2026-04-04"
"picture frame with uv acrilyc 16x24","45","2","44","4","9.09","1","50.0","1","100.0","45.99","45.99","0","1","0","1","50.0","1","100.0","45.99","45.99","0","1","0","1","50.0","1","100.0","41.39","41.39","0","1","0","2026-04-04"
"22x28 frame with mat for 18x24","424","164","4068","67","1.65","101","61.59","0","0.0","39.99",,"0","22","34","20","12.2","0","0.0","39.99",,"0","4","5","11","6.71","0","0.0","38.49",,"0","2","3","2026-04-04"
"12 inch length shelves for bathroom wall","824","3","180","6","3.33","4","133.33","1","25.0","35.99","51.99","0","2","0","0","0.0","0",,,,"0","0","0","0","0.0","0",,,,"0","0","0","2026-04-04"
"11x14 frame plexiglass","814","12","451","6","1.33","6","50.0","1","16.67","14.99","22.99","0","5","0","1","8.33","0","0.0","14.99",,"0","1","0","0","0.0","0",,,,"0","0","0","2026-04-04"
"19.7x27.5 frame","833","16","512","6","1.17","8","50.0","1","12.5","23.99","24.99","0","3","2","0","0.0","0",,,,"0","0","0","0","0.0","0",,,,"0","0","0","2026-04-04"
"white wall shelf","444","1394","38656","25","0.06","580","41.61","1","0.17","23.99","41.99","69","217","154","169","12.12","0","0.0","22.99",,"30","67","38","25","1.79","0","0.0","19.99",,"9","10","4","2026-04-04"
"shelf board","460","1188","36376","60","0.16","444","37.37","0","0.0","17.49",,"27","89","54","26","2.19","0","0.0","17.99",,"5","7","4","4","0.34","0","0.0","17.49",,"1","2","1","2026-04-04"
"small floating shelf","620","3139","81306","48","0.06","1348","42.94","0","0.0","13.99",,"174","678","274","255","8.12","0","0.0","12.82",,"30","132","60","82","2.61","0","0.0","11.99",,"16","39","16","2026-04-04"
"12 inch floating shelf","813","501","13225","43","0.33","242","48.3","0","0.0","21.99",,"19","106","66","31","6.19","0","0.0","17.99",,"3","17","5","12","2.4","0","0.0","14.99",,"1","6","2","2026-04-04"
"frame with mat for 9x12 photo","756","8","480","7","1.46","5","62.5","1","20.0","19.99","24.99","0","1","3","0","0.0","0",,,,"0","0","0","0","0.0","0",,,,"0","0","0","2026-04-04"
"white wood 12 x 24 x 34 heavy duty book shelf","62","22","696","1","0.14","11","50.0","1","9.09","52.99","26.99","0","3","7","2","9.09","1","50.0","26.99","26.99","0","1","1","1","4.55","1","100.0","26.99","26.99","0","1","0","2026-04-04"
"￼wood shelf with metal brackets","571","12","261","13","4.98","4","33.33","1","25.0","22.11","51.99","2","1","1","1","8.33","0","0.0","22.11",,"0","1","0","0","0.0","0",,,,"0","0","0","2026-04-04"
"cheap picture frames","219","571","16392","2","0.01","143","25.04","1","0.7","15.99","17.99","25","52","33","43","7.53","1","2.33","16.45","17.99","5","17","13","10","1.75","0","0.0","11.99",,"1","1","4","2026-04-04"
"this wooden frame","204","3","60","3","5.0","3","100.0","1","33.33","17.99","17.99","0","2","1","1","33.33","1","100.0","17.99","17.99","0","0","1","0","0.0","0",,,,"0","0","0","2026-04-04"
"large rounded edge frame 24x36","654","6","133","10","7.52","4","66.67","1","25.0","76.99","76.99","0","1","2","0","0.0","0",,,,"0","0","0","0","0.0","0",,,,"0","0","0","2026-04-04"
"display shelves for collectibles","929","948","25179","4","0.02","320","33.76","1","0.31","59.99","26.99","20","92","63","38","4.01","0","0.0","59.99",,"5","9","8","5","0.53","0","0.0","13.99",,"2","0","1","2026-04-04"
"heavy duty wall shelf decor dark brown","287","31","682","62","9.09","21","67.74","3","14.29","44.97","63.99","0","11","6","0","0.0","0",,,,"0","0","0","0","0.0","0",,,,"0","0","0","2026-04-04"
"36” x 12” black shelf","524","14","282","17","6.03","5","35.71","1","20.0","63.99","63.99","0","2","1","0","0.0","0",,,,"0","0","0","0","0.0","0",,,,"0","0","0","2026-04-04"
"24x36 oak frame with glass","597","6","132","12","9.09","3","50.0","1","33.33","84.99","76.99","0","3","0","0","0.0","0",,,,"0","0","0","0","0.0","0",,,,"0","0","0","2026-04-04"
"live edge floating shelf","81","248","6687","157","2.35","104","41.94","3","2.88","85.0","131.99","1","22","36","6","2.42","1","16.67","109.99","131.99","0","1","1","3","1.21","0","0.0","109.99",,"0","0","1","2026-04-04"
"white shelf","296","8778","217079","118","0.05","2830","32.24","1","0.04","45.99","24.99","170","869","671","869","9.9","0","0.0","45.59",,"52","270","213","77","0.88","0","0.0","24.98",,"11","40","18","2026-04-04"
"36 inch floating shelves set of 2","471","52","1151","22","1.91","33","63.46","1","3.03","45.97","114.99","1","8","15","4","7.69","0","0.0","34.2",,"0","1","1","1","1.92","0","0.0","76.94",,"0","0","1","2026-04-04"
"farmhouse wood 14 inch shelve","737","10","195","7","3.59","6","60.0","1","16.67","26.99","24.99","0","5","1","1","10.0","0","0.0","26.99",,"0","1","0","0","0.0","0",,,,"0","0","0","2026-04-04"
"wall mounted shelves without drilling","655","26","769","10","1.3","17","65.38","1","5.88","14.49","24.99","0","0","7","2","7.69","0","0.0","13.99",,"0","0","1","0","0.0","0",,,,"0","0","0","2026-04-04"
"8 inch wide wall shelf","559","34","662","14","2.11","11","32.35","1","9.09","16.99","24.99","0","5","2","1","2.94","0","0.0","16.99",,"0","1","0","1","2.94","0","0.0","16.99",,"0","1","0","2026-04-04"
"8"" wide wall shelves","686","4","84","9","10.71","4","100.0","1","25.0","19.99","27.99","0","0","3","0","0.0","0",,,,"0","0","0","0","0.0","0",,,,"0","0","0","2026-04-04"
"17x8 wood shelf","961","2","112","4","3.57","2","100.0","1","50.0","19.99","24.99","0","2","0","0","0.0","0",,,,"0","0","0","0","0.0","0",,,,"0","0","0","2026-04-04"
"24x36 frame with matte","150","17","362","9","2.49","9","52.94","1","11.11","49.52","81.99","0","1","5","4","23.53","1","25.0","49.52","81.99","0","0","3","2","11.76","0","0.0","49.52",,"0","0","1","2026-04-04"
"shelving boards 12"" deep","413","49","1406","34","2.42","20","40.82","1","5.0","15.98","26.99","0","3","3","0","0.0","0",,,,"0","0","0","0","0.0","0",,,,"0","0","0","2026-04-04"
"live edge floating shelves 25in solid wood walnut","461","45","919","60","6.53","15","33.33","0","0.0","85.99",,"0","2","4","1","2.22","0","0.0","67.99",,"0","0","0","1","2.22","0","0.0","67.99",,"0","0","0","2026-04-04"
"walnut frame 11x14","93","51","1486","36","2.42","26","50.98","2","7.69","26.99","24.99","1","13","9","9","17.65","1","11.11","24.99","24.99","0","6","3","2","3.92","0","0.0","27.99",,"0","1","1","2026-04-04"
"32 inch wall shelf","552","110","2786","14","0.5","39","35.45","1","2.56","40.99","24.99","0","5","15","4","3.64","0","0.0","47.99",,"0","1","3","2","1.82","0","0.0","47.99",,"0","0","2","2026-04-04"
"36 inch floating shelves","9","1079","28013","397","1.42","549","50.88","8","1.46","52.99","113.99","3","139","232","103","9.55","3","2.91","52.99","113.99","0","26","45","24","2.22","0","0.0","59.12",,"0","7","12","2026-04-04"
"floating shelves 36 inches","423","40","1156","30","2.6","21","52.5","1","4.76","67.99","114.99","0","2","11","5","12.5","0","0.0","67.99",,"0","1","1","0","0.0","0",,,,"0","0","0","2026-04-04"
"neutral oak picture frame","889","4","89","5","5.62","2","50.0","1","50.0","12.99","24.99","0","0","2","1","25.0","0","0.0","12.99",,"0","0","1","0","0.0","0",,,,"0","0","0","2026-04-04"
"18x24 frame rounded edge","830","16","360","6","1.67","9","56.25","1","11.11","47.69","45.99","0","0","4","0","0.0","0",,,,"0","0","0","0","0.0","0",,,,"0","0","0","2026-04-04"
"frames photos","112","26","517","6","1.16","9","34.62","2","22.22","9.99","16.99","3","5","0","3","11.54","1","33.33","14.99","16.99","0","3","0","1","3.85","0","0.0","14.99",,"0","1","0","2026-04-04"
"20x30 frame","445","7895","192236","25","0.01","2870","36.35","1","0.03","34.99","57.99","29","732","1069","1080","13.68","0","0.0","32.99",,"9","323","397","373","4.72","0","0.0","31.49",,"4","135","129","2026-04-04"
"wood and metal wall shelf","521","134","3199","17","0.53","45","33.58","1","2.22","29.98","24.99","3","17","14","4","2.99","0","0.0","29.97",,"1","0","3","0","0.0","0",,,,"0","0","0","2026-04-04"
"real wood frames 10 x13","249","2","120","1","0.83","1","50.0","1","100.0","24.99","24.99","0","0","1","1","50.0","1","100.0","24.99","24.99","0","0","1","0","0.0","0",,,,"0","0","0","2026-04-04"
"white shelves","421","9623","232876","68","0.03","3762","39.09","0","0.0","30.99",,"357","1313","847","1089","11.32","0","0.0","28.99",,"118","380","243","135","1.4","0","0.0","23.99",,"31","60","19","2026-04-04"
"24x36 wall frame","871","18","588","5","0.85","13","72.22","1","7.69","54.99","76.99","0","3","9","1","5.56","0","0.0","36.99",,"0","1","0","1","5.56","0","0.0","36.99",,"0","1","0","2026-04-04"
"one of a kind photo frame","936","7","143","4","2.8","1","14.29","1","100.0","24.99","24.99","0","0","0","0","0.0","0",,,,"0","0","0","0","0.0","0",,,,"0","0","0","2026-04-04"
"solid wood shelf material","800","7","155","6","3.87","3","42.86","1","33.33","33.99","114.99","0","0","0","0","0.0","0",,,,"0","0","0","0","0.0","0",,,,"0","0","0","2026-04-04"
"12x18 wood picture frames","226","188","4517","2","0.04","110","58.51","1","0.91","23.69","45.99","5","21","47","27","14.36","1","3.7","23.69","45.99","1","5","11","7","3.72","0","0.0","22.49",,"1","2","1","2026-04-04"
"wood wall shelves","525","1246","32680","17","0.05","432","34.67","1","0.23","28.99","27.99","39","158","120","71","5.7","0","0.0","26.99",,"8","25","16","7","0.56","0","0.0","29.99",,"2","2","2","2026-04-04"
"estantes flotantes de pared","566","6600","144711","50","0.03","2117","32.08","0","0.0","25.49",,"238","589","287","293","4.44","0","0.0","23.82",,"54","84","36","31","0.47","0","0.0","21.84",,"11","14","0","2026-04-04"
"wall shelves for laundry room","336","337","8424","37","0.44","136","40.36","2","1.47","34.19","26.99","3","49","37","24","7.12","0","0.0","35.99",,"0","12","5","6","1.78","0","0.0","27.19",,"0","3","2","2026-04-04"
"60"" wood live edge shelf","581","6","132","12","9.09","5","83.33","1","20.0","126.99","126.99","0","1","1","0","0.0","0",,,,"0","0","0","0","0.0","0",,,,"0","0","0","2026-04-04"
"11 x 14 dark wood frame","353","25","624","20","3.21","20","80.0","2","10.0","24.99","24.99","4","12","0","4","16.0","0","0.0","8.99",,"0","3","0","1","4.0","0","0.0","26.99",,"0","1","0","2026-04-04"
"50x70cm picture frame","806","247","5495","6","0.11","101","40.89","1","0.99","31.99","24.99","2","20","25","40","16.19","0","0.0","29.99",,"1","11","9","11","4.45","0","0.0","29.99",,"0","4","1","2026-04-04"
"cuadro de fotos para escalras","957","4","80","4","5.0","3","75.0","1","33.33","52.07","16.99","0","0","0","0","0.0","0",,,,"0","0","0","0","0.0","0",,,,"0","0","0","2026-04-04"
"solid wood shelf","574","241","6385","50","0.78","77","31.95","0","0.0","80.74",,"2","18","20","15","6.22","0","0.0","65.99",,"1","4","5","1","0.41","0","0.0","63.57",,"0","0","0","2026-04-04"
"wall mounted shelf","527","1714","48925","54","0.11","507","29.58","0","0.0","26.82",,"63","182","133","91","5.31","0","0.0","24.99",,"11","32","25","20","1.17","0","0.0","20.99",,"3","11","4","2026-04-04"
"wood shelves for closet","638","479","12497","10","0.08","191","39.87","1","0.52","59.49","89.99","8","56","35","17","3.55","0","0.0","69.99",,"1","1","3","1","0.21","0","0.0","59.49",,"0","0","0","2026-04-04"
"6x8 frame","349","1127","33784","96","0.28","506","44.9","0","0.0","9.88",,"43","248","140","228","20.23","0","0.0","8.99",,"22","123","52","98","8.7","0","0.0","7.99",,"11","57","18","2026-04-04"
"picture frame 8x10","533","2304","73062","53","0.07","747","32.42","0","0.0","9.99",,"121","369","113","282","12.24","0","0.0","7.99",,"63","138","43","142","6.16","0","0.0","6.99",,"37","73","19","2026-04-04"
"thin 8.5x11 picture frame","117","3","67","3","4.48","3","100.0","2","66.67","21.99","21.99","1","2","0","2","66.67","1","50.0","21.99","21.99","1","1","0","0","0.0","0",,,,"0","0","0","2026-04-04"
"24x36 wood frame","470","597","17457","59","0.34","269","45.06","0","0.0","50.99",,"0","51","83","87","14.57","0","0.0","50.99",,"0","19","33","20","3.35","0","0.0","44.99",,"0","6","10","2026-04-04"
"estantes de almacenamiento 14 pulgadas","986","4","86","4","4.65","1","25.0","1","100.0","51.99","51.99","0","0","0","0","0.0","0",,,,"0","0","0","0","0.0","0",,,,"0","0","0","2026-04-04"
"8 inch deep shelf","456","162","4220","61","1.45","72","44.44","0","0.0","34.99",,"8","19","16","8","4.94","0","0.0","38.97",,"0","4","1","2","1.23","0","0.0","39.99",,"0","2","0","2026-04-04"
"light rustic oak shelf","691","13","290","9","3.1","10","76.92","1","10.0","28.99","24.99","0","0","5","0","0.0","0",,,,"0","0","0","0","0.0","0",,,,"0","0","0","2026-04-04"
"12"" shelf","426","108","3745","29","0.77","22","20.37","1","4.55","28.99","26.99","3","13","1","5","4.63","0","0.0","29.99",,"0","4","0","1","0.93","0","0.0","51.21",,"0","1","0","2026-04-04"
"dark walnut frame 24x36","651","9","198","10","5.05","5","55.56","1","20.0","49.99","24.99","0","1","4","1","11.11","0","0.0","84.99",,"0","0","1","0","0.0","0",,,,"0","0","0","2026-04-04"
"open shelving for wall","947","7","155","4","2.58","5","71.43","1","20.0","54.55","72.99","2","1","1","0","0.0","0",,,,"0","0","0","0","0.0","0",,,,"0","0","0","2026-04-04"
"cornice","919","467","12171","41","0.34","128","27.41","0","0.0","26.09",,"11","46","20","7","1.5","0","0.0","24.79",,"3","3","0","2","0.43","0","0.0","24.64",,"1","1","0","2026-04-04"
"self on wall","535","42","867","16","1.85","15","35.71","1","6.67","24.99","24.99","1","4","3","3","7.14","0","0.0","25.99",,"0","2","0","0","0.0","0",,,,"0","0","0","2026-04-04"
"shelf 12 inch deep","588","32","811","12","1.48","17","53.13","1","5.88","29.99","28.99","1","4","5","1","3.13","0","0.0","29.99",,"0","1","0","0","0.0","0",,,,"0","0","0","2026-04-04"
"14.5 x 11 picture frame","731","13","354","7","1.98","12","92.31","1","8.33","7.99","24.99","0","5","1","1","7.69","0","0.0","7.99",,"0","0","0","1","7.69","0","0.0","7.99",,"0","0","0","2026-04-04"
"wood floating shelf 8 inch deep","826","5","101","6","5.94","2","40.0","1","50.0","89.99","89.99","0","0","1","0","0.0","0",,,,"0","0","0","0","0.0","0",,,,"0","0","0","2026-04-04"
"4x6 frame","25","3556","104567","20","0.02","1305","36.7","1","0.08","10.38","13.99","141","765","245","578","16.25","1","0.17","9.98","13.99","76","339","109","261","7.34","1","0.38","8.99","13.99","39","170","36","2026-04-04"
"wooden floating shelves for kitchen oak","257","17","310","1","0.32","7","41.18","1","14.29","23.99","27.99","0","0","3","6","35.29","1","16.67","23.99","27.99","0","0","3","0","0.0","0",,,,"0","0","0","2026-04-04"
"pink wall shelf 10 inch width","984","4","132","4","3.03","2","50.0","1","50.0","13.99","24.99","0","0","2","0","0.0","0",,,,"0","0","0","0","0.0","0",,,,"0","0","0","2026-04-04"
"24x36 picture frame with glass","480","53","1719","21","1.22","19","35.85","1","5.26","69.99","76.99","0","5","4","5","9.43","0","0.0","71.99",,"0","1","1","1","1.89","0","0.0","71.99",,"0","0","1","2026-04-04"
"￼27 x 39 picture frame","774","37","767","6","0.78","29","78.38","1","3.45","70.54","24.99","0","5","18","0","0.0","0",,,,"0","0","0","0","0.0","0",,,,"0","0","0","2026-04-04"
"8 by 10 picture frames","543","2010","61285","52","0.08","790","39.3","0","0.0","14.99",,"153","399","131","337","16.77","0","0.0","11.99",,"71","173","55","151","7.51","0","0.0","8.99",,"38","74","25","2026-04-04"
"27x40+wood+frame+tempered+glass+uv resistant","796","3","99","6","6.06","1","33.33","1","100.0","87.99","87.99","0","0","0","0","0.0","0",,,,"0","0","0","0","0.0","0",,,,"0","0","0","2026-04-04"
"16 24 frame with mat","920","4","77","4","5.19","2","50.0","1","50.0","29.99","45.99","0","0","0","0","0.0","0",,,,"0","0","0","0","0.0","0",,,,"0","0","0","2026-04-04"
"28x40 frame","609","784","20341","49","0.24","332","42.35","0","0.0","49.99",,"0","72","97","100","12.76","0","0.0","49.99",,"0","21","32","33","4.21","0","0.0","49.99",,"0","8","15","2026-04-04"
"12 x 16 wall shelves","512","10","580","17","2.93","15","150.0","1","6.67","27.99","26.99","0","11","2","0","0.0","0",,,,"0","0","0","0","0.0","0",,,,"0","0","0","2026-04-04"
"16 x 20 picture frame","286","4735","136349","104","0.08","1796","37.93","2","0.11","23.99","45.99","132","553","585","739","15.61","0","0.0","22.99",,"73","261","244","341","7.2","0","0.0","22.99",,"34","138","111","2026-04-04"
"solid wood picture frame 11x14","707","5","300","8","2.67","4","80.0","1","25.0","13.59","24.99","0","1","2","0","0.0","0",,,,"0","0","0","0","0.0","0",,,,"0","0","0","2026-04-04"
"walnut frames","376","146","3585","46","1.28","53","36.3","1","1.89","29.99","24.99","3","27","13","14","9.59","0","0.0","24.99",,"1","7","3","3","2.05","0","0.0","29.99",,"0","3","0","2026-04-04"
"acacia wood shelves 8 in depth","450","15","303","24","7.92","8","53.33","1","12.5","39.99","89.99","0","4","0","2","13.33","0","0.0","39.97",,"0","2","0","0","0.0","0",,,,"0","0","0","2026-04-04"
"10 x 12 wall shelf","715","14","286","8","2.8","8","57.14","1","12.5","19.99","26.99","0","6","2","1","7.14","0","0.0","35.99",,"0","1","0","0","0.0","0",,,,"0","0","0","2026-04-04"
"frames 24x36","925","805","22945","41","0.18","257","31.93","0","0.0","49.99",,"1","65","86","82","10.19","0","0.0","44.99",,"1","17","32","27","3.35","0","0.0","42.77",,"1","6","11","2026-04-04"
"farmhouse shelves for bathroom","740","49","1256","7","0.56","16","32.65","1","6.25","27.82","28.99","1","6","6","3","6.12","0","0.0","34.82",,"1","0","1","0","0.0","0",,,,"0","0","0","2026-04-04"
"16x24 matted frame","292","294","13219","163","1.23","69","23.47","0","0.0","29.99",,"1","11","23","18","6.12","0","0.0","29.99",,"1","2","10","6","2.04","0","0.0","29.99",,"0","0","3","2026-04-04"
"18x24 frame mat to 12x18","834","7","231","6","2.6","5","71.43","1","20.0","38.99","45.99","0","0","0","1","14.29","0","0.0","35.99",,"0","0","0","1","14.29","0","0.0","35.99",,"0","0","0","2026-04-04"
"magnetic wood shelf for door","762","11","205","7","3.41","5","45.45","1","20.0","31.34","89.99","0","1","3","1","9.09","0","0.0","31.34",,"0","0","1","0","0.0","0",,,,"0","0","0","2026-04-04"
"wood 11x14 picture frames with glass","347","20","412","23","5.58","14","70.0","2","14.29","16.79","21.99","0","3","3","4","20.0","0","0.0","7.6",,"0","1","0","2","10.0","0","0.0","6.99",,"0","1","0","2026-04-04"
"18x24 dark wooden frame","37","7","344","7","2.03","5","71.43","1","20.0","31.49","49.99","0","1","3","1","14.29","1","100.0","49.99","49.99","0","1","0","1","14.29","1","100.0","49.99","49.99","0","1","0","2026-04-04"
"thin brown 24x16 frame","874","6","123","5","4.07","5","83.33","1","20.0","24.99","45.99","0","0","3","0","0.0","0",,,,"0","0","0","0","0.0","0",,,,"0","0","0","2026-04-04"
"36 x 8 wood shelf","985","13","384","4","1.04","7","53.85","1","14.29","54.99","112.99","0","1","3","0","0.0","0",,,,"0","0","0","0","0.0","0",,,,"0","0","0","2026-04-04"
"8.5x11 picture frame with mat","13","135","3515","64","1.82","69","51.11","3","4.35","15.97","25.99","13","35","13","21","15.56","2","9.52","9.99","25.99","5","12","2","12","8.89","1","8.33","8.99","27.99","3","6","2","2026-04-04"
"8” from wall floating shelf","644","8","177","10","5.65","4","50.0","1","25.0","24.99","24.99","0","2","1","0","0.0","0",,,,"0","0","0","0","0.0","0",,,,"0","0","0","2026-04-04"
"wide wall mount shelf","893","18","454","5","1.1","6","33.33","1","16.67","23.99","24.99","1","4","1","1","5.56","0","0.0","29.99",,"0","1","0","1","5.56","0","0.0","29.99",,"0","1","0","2026-04-04"
"12x16frame with glass","43","6","124","4","3.23","4","66.67","1","25.0","17.99","25.99","1","3","0","1","16.67","1","100.0","25.99","25.99","0","1","0","1","16.67","1","100.0","25.99","25.99","0","1","0","2026-04-04"
"16x24 franes unique","809","6","126","6","4.76","5","83.33","1","20.0","45.99","45.99","0","0","0","1","16.67","0","0.0","22.99",,"0","0","0","1","16.67","0","0.0","22.99",,"0","0","0","2026-04-04"
"dark oak 16x24 frame","867","2","44","5","11.36","1","50.0","1","100.0","45.99","45.99","0","0","1","0","0.0","0",,,,"0","0","0","0","0.0","0",,,,"0","0","0","2026-04-04"
"floating natural wood shelves","554","41","1134","14","1.23","24","58.54","1","4.17","47.59","114.99","1","4","7","4","9.76","0","0.0","29.39",,"1","0","1","2","4.88","0","0.0","29.39",,"0","0","1","2026-04-04"
"photo frame 24x36","501","138","3300","18","0.55","45","32.61","1","2.22","39.99","76.99","0","15","12","12","8.7","0","0.0","39.99",,"0","4","4","5","3.62","0","0.0","49.99",,"0","2","2","2026-04-04"
"27x40 frame mat","464","33","734","23","3.13","48","145.45","1","2.08","81.53","87.99","0","7","17","11","33.33","0","0.0","53.99",,"0","3","4","1","3.03","0","0.0","45.59",,"0","0","1","2026-04-04"
"8x6 frame","690","283","8402","9","0.11","124","43.82","1","0.81","9.99","16.99","11","69","26","61","21.55","0","0.0","9.99",,"5","35","13","24","8.48","0","0.0","9.99",,"3","16","5","2026-04-04"
"6x8 wood frame","600","32","895","12","1.34","16","50.0","1","6.25","15.95","16.99","0","12","2","4","12.5","0","0.0","8.4",,"0","4","0","1","3.13","0","0.0","15.95",,"0","1","0","2026-04-04"
"thick picture frames 11x14","975","4","88","4","4.55","2","50.0","1","50.0","16.99","16.99","0","1","1","1","25.0","0","0.0","19.99",,"0","1","0","0","0.0","0",,,,"0","0","0","2026-04-04"
"wooden frames","266","1123","34226","151","0.44","323","28.76","3","0.93","22.99","18.99","16","147","82","89","7.93","0","0.0","23.96",,"4","37","27","14","1.25","0","0.0","22.99",,"1","8","4","2026-04-04"
"helmet wood shelf wall","585","13","270","12","4.44","5","38.46","1","20.0","29.99","24.99","0","0","5","3","23.08","0","0.0","29.99",,"0","0","3","0","0.0","0",,,,"0","0","0","2026-04-04"
"11x 14 8x 10 matted picture frame with srand","725","7","154","7","4.55","7","100.0","1","14.29","22.79","22.99","0","0","5","0","0.0","0",,,,"0","0","0","0","0.0","0",,,,"0","0","0","2026-04-04"
"50” live edge floating shelves for wall","233","2","44","2","4.55","2","100.0","1","50.0","90.43","131.99","0","0","2","1","50.0","1","100.0","131.99","131.99","0","0","1","0","0.0","0",,,,"0","0","0","2026-04-04"
"27 x 40 frame","453","165","4953","61","1.23","73","44.24","0","0.0","47.99",,"0","15","22","23","13.94","0","0.0","48.44",,"0","6","7","7","4.24","0","0.0","47.99",,"0","2","3","2026-04-04"
"14x18 picture frame matted to 11x14","760","16","373","7","1.88","7","43.75","1","14.29","37.99","45.99","0","0","0","0","0.0","0",,,,"0","0","0","0","0.0","0",,,,"0","0","0","2026-04-04"
"shelf for wall","505","4132","101615","18","0.02","1397","33.81","1","0.07","20.99","51.99","212","564","301","318","7.7","0","0.0","19.99",,"49","125","59","43","1.04","0","0.0","19.99",,"9","22","8","2026-04-04"
"shelves wood wall mount","396","11","273","3","1.1","5","45.45","2","40.0","28.99","28.99","0","0","4","0","0.0","0",,,,"0","0","0","0","0.0","0",,,,"0","0","0","2026-04-04"
"27x 40 walnut frame","804","2","40","6","15.0","2","100.0","1","50.0","85.99","96.99","0","0","0","0","0.0","0",,,,"0","0","0","0","0.0","0",,,,"0","0","0","2026-04-04"
"large picture frame 24x36 clear","778","5","103","6","5.83","3","60.0","1","33.33","76.99","76.99","0","0","2","0","0.0","0",,,,"0","0","0","0","0.0","0",,,,"0","0","0","2026-04-04"
"strong wall shelves","604","67","1459","12","0.82","24","35.82","1","4.17","35.99","24.99","5","11","3","1","1.49","0","0.0","29.99",,"0","1","0","0","0.0","0",,,,"0","0","0","2026-04-04"
"wall shelves 42 inch","402","23","483","3","0.62","11","47.83","2","18.18","89.99","63.99","0","1","1","0","0.0","0",,,,"0","0","0","0","0.0","0",,,,"0","0","0","2026-04-04"
"12x15 shelf","743","59","2243","7","0.31","25","42.37","1","4.0","29.95","26.99","0","8","5","3","5.08","0","0.0","24.99",,"0","1","2","0","0.0","0",,,,"0","0","0","2026-04-04"
"24x36 frame removable glass","770","6","118","6","5.08","3","50.0","1","33.33","81.99","81.99","0","0","1","1","16.67","0","0.0","88.26",,"0","0","1","1","16.67","0","0.0","88.26",,"0","0","1","2026-04-04"
"11x14 picture frame with mat white oak","758","7","143","7","4.9","5","71.43","1","20.0","12.99","24.99","1","2","1","0","0.0","0",,,,"0","0","0","0","0.0","0",,,,"0","0","0","2026-04-04"
"5x7 picture frame with mat","27","994","28344","15","0.05","424","42.66","1","0.24","13.29","16.99","62","226","99","136","13.68","1","0.74","9.99","16.99","28","72","27","59","5.94","1","1.69","9.99","16.99","15","32","10","2026-04-04"
"4 ft x 9 in white shelf","143","13","289","11","3.81","7","53.85","1","14.29","65.99","65.99","0","0","3","4","30.77","1","25.0","65.99","65.99","0","0","1","0","0.0","0",,,,"0","0","0","2026-04-04"
"neutral picture frames","860","88","2198","5","0.23","50","56.82","1","2.0","19.99","17.99","6","23","12","27","30.68","0","0.0","19.99",,"4","11","7","8","9.09","0","0.0","19.99",,"2","4","2","2026-04-04"
"wooden wall shelves 24""w x 10"" deep","639","5","105","10","9.52","5","100.0","1","20.0","43.99","50.43","0","4","1","0","0.0","0",,,,"0","0","0","0","0.0","0",,,,"0","0","0","2026-04-04"
"cowboy boot shelves for wall","33","15","312","8","2.56","1","6.67","1","100.0","24.99","24.99","0","1","0","1","6.67","1","100.0","24.99","24.99","0","1","0","1","6.67","1","100.0","24.99","24.99","0","1","0","2026-04-04"
"estantes de pared para ropa","790","28","774","6","0.78","12","42.86","1","8.33","49.99","27.99","2","3","4","0","0.0","0",,,,"0","0","0","0","0.0","0",,,,"0","0","0","2026-04-04"
"picture frames 8x10","448","6508","199272","61","0.03","2518","38.69","0","0.0","16.99",,"400","1252","519","902","13.86","0","0.0","14.99",,"183","437","189","393","6.04","0","0.0","14.26",,"80","201","85","2026-04-04"
"solid oak frame with glass","200","3","61","3","4.92","2","66.67","1","50.0","76.99","76.99","0","0","0","1","33.33","1","100.0","76.99","76.99","0","0","0","0","0.0","0",,,,"0","0","0","2026-04-04"
"12 inch floating shelves","430","225","6236","28","0.45","111","49.33","1","0.9","25.99","63.99","24","55","18","7","3.11","0","0.0","18.99",,"0","4","2","4","1.78","0","0.0","16.99",,"0","2","1","2026-04-04"
"book shelves for wall","385","2034","52291","44","0.08","702","34.51","1","0.14","29.99","63.99","52","289","171","150","7.37","0","0.0","28.97",,"11","61","38","18","0.88","0","0.0","27.47",,"5","9","1","2026-04-04"
"natural wood floating shelves","374","952","24795","84","0.34","389","40.86","0","0.0","34.99",,"29","120","126","69","7.25","0","0.0","34.99",,"9","14","21","9","0.95","0","0.0","31.99",,"3","2","4","2026-04-04"
"22x28 frame with mat for 18x24 light colored wood","786","3","66","6","9.09","2","66.67","1","50.0","48.43","64.99","0","0","0","1","33.33","0","0.0","48.43",,"0","0","0","0","0.0","0",,,,"0","0","0","2026-04-04"
"round edge 8x10 picture frame","647","6","133","10","7.52","4","66.67","1","25.0","18.99","18.99","0","3","1","0","0.0","0",,,,"0","0","0","0","0.0","0",,,,"0","0","0","2026-04-04"
"walnut frames 12x16","599","14","286","12","4.2","8","57.14","1","12.5","34.99","26.99","0","3","4","2","14.29","0","0.0","34.99",,"0","1","1","0","0.0","0",,,,"0","0","0","2026-04-04"
"bathroom shelves wall mounted","341","3973","101703","69","0.07","1565","39.39","1","0.06","22.99","24.99","191","731","339","269","6.77","0","0.0","22.99",,"36","137","56","46","1.16","0","0.0","21.77",,"10","22","14","2026-04-04"
"12x18 frame with mat","406","705","20513","39","0.19","352","49.93","1","0.28","24.15","45.99","15","116","112","135","19.15","0","0.0","24.15",,"7","63","44","50","7.09","0","0.0","23.99",,"4","25","16","2026-04-04"
"frame matted to 11x8.5","250","1","22","1","4.55","3","300.0","1","33.33","29.99","25.99","2","0","0","3","300.0","1","33.33","29.99","25.99","2","0","0","1","100.0","0","0.0","20.99",,"0","0","0","2026-04-04"
"24x36 matted to 20x30","141","26","795","12","1.51","9","34.62","1","11.11","54.99","76.99","0","1","3","4","15.38","1","25.0","59.99","76.99","0","1","2","1","3.85","0","0.0","54.99",,"0","0","1","2026-04-04"
"repisas de madera para pared grandes","899","8","170","5","2.94","5","62.5","1","20.0","115.98","28.99","0","0","0","0","0.0","0",,,,"0","0","0","0","0.0","0",,,,"0","0","0","2026-04-04"
"18x24 frame","79","18134","468424","171","0.04","7808","43.06","3","0.04","27.99","49.99","624","2359","2543","3257","17.96","1","0.03","26.99","49.99","334","1058","1023","1451","8.0","0","0.0","26.99",,"202","522","459","2026-04-04"
"8.5 by 11 wood picture frame","767","29","618","6","0.97","22","75.86","1","4.55","9.89","19.99","0","16","5","10","34.48","0","0.0","9.99",,"0","7","3","4","13.79","0","0.0","9.99",,"0","4","0","2026-04-04"
"shelvingwall shelves","626","11","660","11","1.67","6","54.55","1","16.67","28.99","28.99","0","0","6","0","0.0","0",,,,"0","0","0","0","0.0","0",,,,"0","0","0","2026-04-04"
"solid wood floating shelves with brackets","1000","24","1049","3","0.29","17","70.83","1","5.88","99.99","63.99","1","1","5","0","0.0","0",,,,"0","0","0","0","0.0","0",,,,"0","0","0","2026-04-04"
"12x16 walnut frame","440","49","1038","26","2.5","36","73.47","1","2.78","28.99","26.99","0","16","14","16","32.65","0","0.0","34.99",,"0","9","4","3","6.12","0","0.0","8.49",,"0","2","0","2026-04-04"
"4 x 6 picture frame with matte","978","13","264","4","1.52","4","30.77","1","25.0","9.7","12.99","1","3","0","2","15.38","0","0.0","7.99",,"1","1","0","2","15.38","0","0.0","7.99",,"1","1","0","2026-04-04"
"shelf for wall 15in depth","704","10","203","8","3.94","8","80.0","1","12.5","22.99","24.99","0","0","4","0","0.0","0",,,,"0","0","0","0","0.0","0",,,,"0","0","0","2026-04-04"
"live edge acacia wood floating shelves","980","4","80","4","5.0","6","150.0","1","16.67","119.99","114.99","0","1","1","0","0.0","0",,,,"0","0","0","0","0.0","0",,,,"0","0","0","2026-04-04"
"24 x 8 wall shelf","580","13","307","13","4.23","12","92.31","1","8.33","33.99","44.99","0","3","4","1","7.69","0","0.0","37.99",,"0","0","0","1","7.69","0","0.0","37.99",,"0","0","0","2026-04-04"
"56 in floating shelf live edge acacia","225","2","44","2","4.55","1","50.0","1","100.0","131.99","131.99","0","0","1","1","50.0","1","100.0","131.99","131.99","0","0","1","0","0.0","0",,,,"0","0","0","2026-04-04"
"picture frame with mat for 8.5 x 11 photo","606","18","603","12","1.99","11","61.11","1","9.09","16.99","26.99","3","4","4","4","22.22","0","0.0","16.99",,"0","0","4","1","5.56","0","0.0","16.99",,"0","0","1","2026-04-04"
"wall shelf 8 inches deep 12 inch wide","787","2","44","6","13.64","2","100.0","1","50.0","24.99","24.99","0","2","0","0","0.0","0",,,,"0","0","0","0","0.0","0",,,,"0","0","0","2026-04-04"
"black floating shelf","733","1654","41125","7","0.02","695","42.02","1","0.14","27.99","48.99","72","267","181","158","9.55","0","0.0","27.99",,"20","59","45","37","2.24","0","0.0","20.99",,"8","12","9","2026-04-04"
"large frame 36 x 48","496","132","2607","19","0.73","35","26.52","1","2.86","128.95","83.99","0","9","9","1","0.76","0","0.0","222.0",,"0","0","0","0","0.0","0",,,,"0","0","0","2026-04-04"
"portaretratos","603","561","14133","12","0.08","110","19.61","1","0.91","19.54","18.99","10","22","8","22","3.92","0","0.0","18.99",,"2","9","0","3","0.53","0","0.0","20.99",,"0","2","0","2026-04-04"
"white oak frame 24x36 with matt","255","1","22","1","4.55","2","200.0","1","50.0","76.99","76.99","0","0","1","2","200.0","1","50.0","76.99","76.99","0","0","1","0","0.0","0",,,,"0","0","0","2026-04-04"
"wall shelf 9 inches deep","138","26","569","13","2.28","11","42.31","1","9.09","22.49","24.99","0","9","1","1","3.85","1","100.0","24.99","24.99","0","0","0","0","0.0","0",,,,"0","0","0","2026-04-04"
"wood picture frames 4x6","544","222","7549","15","0.2","64","28.83","1","1.56","15.29","13.99","3","35","19","23","10.36","0","0.0","13.95",,"2","12","8","10","4.5","0","0.0","9.99",,"1","3","6","2026-04-04"
"12x16 frame with mat","264","1299","33859","87","0.26","565","43.49","5","0.88","18.99","25.99","65","219","164","179","13.78","0","0.0","17.99",,"26","79","45","61","4.7","0","0.0","18.99",,"9","25","16","2026-04-04"
"decorative wall shelving for bedroom","201","9","193","3","1.55","4","44.44","1","25.0","18.97","24.99","0","0","0","2","22.22","1","50.0","18.97","24.99","0","0","0","0","0.0","0",,,,"0","0","0","2026-04-04"
"8x10 frame","305","9319","266236","59","0.02","3886","41.7","2","0.05","9.99","18.99","817","1893","760","1775","19.05","0","0.0","7.99",,"424","878","301","862","9.25","0","0.0","6.99",,"222","456","122","2026-04-04"
"photo frame 16x20","677","610","18487","46","0.25","166","27.21","0","0.0","25.49",,"15","49","53","41","6.72","0","0.0","25.99",,"6","14","11","17","2.79","0","0.0","23.49",,"4","7","4","2026-04-04"
"20 x 8 inch shelf","321","10","210","8","3.81","6","60.0","3","50.0","24.99","24.99","0","2","4","0","0.0","0",,,,"0","0","0","0","0.0","0",,,,"0","0","0","2026-04-04"
"8 inch deep floating shelf","311","77","1903","53","2.79","42","54.55","2","4.76","26.99","24.99","3","4","22","10","12.99","0","0.0","34.95",,"0","0","5","3","3.9","0","0.0","26.99",,"0","0","2","2026-04-04"
"wall shelves no screws","570","97","3005","13","0.43","45","46.39","1","2.22","15.99","26.99","2","26","12","10","10.31","0","0.0","11.29",,"2","5","3","3","3.09","0","0.0","13.84",,"1","2","0","2026-04-04"
"wood frame","277","2448","65720","133","0.2","697","28.47","2","0.29","19.95","20.99","59","303","180","156","6.37","0","0.0","16.99",,"7","75","36","27","1.1","0","0.0","11.16",,"1","15","5","2026-04-04"
"decorative bathroom wall shelf","702","51","1235","8","0.65","82","160.78","1","1.22","26.82","24.99","5","56","11","7","13.73","0","0.0","26.82",,"1","6","0","0","0.0","0",,,,"0","0","0","2026-04-04"
"rustic wood frame","839","88","2950","6","0.2","27","30.68","1","3.7","17.99","16.99","0","13","8","4","4.55","0","0.0","20.78",,"0","3","0","1","1.14","0","0.0","59.99",,"0","0","0","2026-04-04"
"27 x 40 matted frame brown","47","5","109","3","2.75","2","40.0","1","50.0","23.99","92.14","0","0","1","1","20.0","1","100.0","92.14","92.14","0","0","0","1","20.0","1","100.0","92.14","92.14","0","0","0","2026-04-04"
"wall mounted bookshelf","408","2222","54878","75","0.14","829","37.31","0","0.0","39.99",,"54","302","222","148","6.66","0","0.0","41.39",,"9","57","43","19","0.86","0","0.0","38.97",,"1","11","6","2026-04-04"
"16x20 frame with mat","80","2386","62869","168","0.27","906","37.97","3","0.33","29.99","38.99","41","231","371","258","10.81","1","0.39","28.25","38.99","16","89","96","83","3.48","0","0.0","24.99",,"9","32","31","2026-04-04"
"24x30 frame wooden","761","5","93","7","7.53","2","40.0","1","50.0","42.99","73.99","0","0","2","0","0.0","0",,,,"0","0","0","0","0.0","0",,,,"0","0","0","2026-04-04"
"20x10 shelf","872","15","432","5","1.16","19","126.67","1","5.26","27.99","26.99","0","3","1","1","6.67","0","0.0","69.99",,"0","0","1","1","6.67","0","0.0","69.99",,"0","0","1","2026-04-04"
"4x6 wall picture frames with glass","596","9","423","12","2.84","9","100.0","1","11.11","14.99","14.99","2","3","4","2","22.22","0","0.0","7.49",,"1","0","1","0","0.0","0",,,,"0","0","0","2026-04-04"
"frames for picture 5x 7","20","2","66","2","3.03","2","100.0","2","100.0","16.99","16.99","0","0","2","1","50.0","1","100.0","16.99","16.99","0","0","1","1","50.0","1","100.0","16.99","16.99","0","0","1","2026-04-04"
"6 x 8 frame glass","637","8","179","10","5.59","4","50.0","1","25.0","15.99","18.99","0","3","0","0","0.0","0",,,,"0","0","0","0","0.0","0",,,,"0","0","0","2026-04-04"
"8 x 10 matted brown wooden frame￼","935","4","88","4","4.55","2","50.0","1","50.0","15.15","20.99","0","0","0","0","0.0","0",,,,"0","0","0","0","0.0","0",,,,"0","0","0","2026-04-04"
"wall mount mesh shelf","245","13","290","1","0.34","6","46.15","1","16.67","22.99","26.99","1","3","2","3","23.08","1","33.33","26.99","26.99","1","0","2","0","0.0","0",,,,"0","0","0","2026-04-04"
"27 x 40 rust gold inch frame","941","3","180","4","2.22","2","66.67","1","50.0","49.79","87.99","0","0","1","0","0.0","0",,,,"0","0","0","0","0.0","0",,,,"0","0","0","2026-04-04"
"18x24 matted frame 22x28","395","84","2413","40","1.66","26","30.95","1","3.85","48.43","64.99","0","9","9","6","7.14","0","0.0","36.99",,"0","5","1","3","3.57","0","0.0","48.43",,"0","3","0","2026-04-04"
"wood picture frames","297","2134","58540","114","0.19","708","33.18","1","0.14","20.99","16.99","57","300","172","202","9.47","0","0.0","20.39",,"22","91","44","31","1.45","0","0.0","20.99",,"3","17","10","2026-04-04"
"poster frames 24 x 36 inches","345","6475","168903","61","0.04","2273","35.1","1","0.04","39.99","83.99","15","495","678","838","12.94","0","0.0","39.99",,"5","194","240","310","4.79","0","0.0","39.99",,"2","95","100","2026-04-04"
"wall shelves no screws needed","375","50","1674","10","0.6","18","36.0","2","11.11","19.94","24.99","1","4","7","2","4.0","0","0.0","15.99",,"0","0","2","0","0.0","0",,,,"0","0","0","2026-04-04"
"11x14 picture frame glass","163","194","4998","7","0.14","94","48.45","1","1.06","16.99","22.99","20","50","14","48","24.74","1","2.08","16.99","22.99","14","24","5","21","10.82","0","0.0","16.99",,"3","12","4","2026-04-04"
"24x36 frame wood","514","356","11408","54","0.47","153","42.98","0","0.0","44.99",,"1","20","71","41","11.52","0","0.0","42.99",,"0","5","19","13","3.65","0","0.0","41.99",,"0","2","6","2026-04-04"
"rounded corner picture frame","481","81","2443","57","2.33","31","38.27","0","0.0","29.99",,"0","15","10","5","6.17","0","0.0","27.99",,"0","2","0","1","1.23","0","0.0","27.99",,"0","0","0","2026-04-04"
"walnut 8.5x11 picture frame","699","4","81","8","9.88","2","50.0","1","50.0","8.49","21.99","0","2","0","0","0.0","0",,,,"0","0","0","0","0.0","0",,,,"0","0","0","2026-04-04"
"large picture frames","370","1113","33668","85","0.25","285","25.61","0","0.0","34.38",,"27","77","70","52","4.67","0","0.0","29.99",,"9","11","11","12","1.08","0","0.0","9.99",,"4","3","2","2026-04-04"
"repisa 14 pulgadas profundidad","812","7","155","6","3.87","6","85.71","1","16.67","25.99","26.99","0","0","0","0","0.0","0",,,,"0","0","0","0","0.0","0",,,,"0","0","0","2026-04-04"
"27x40 frame mat 2 pack","640","12","266","10","3.76","12","100.0","1","8.33","95.69","87.99","0","3","5","1","8.33","0","0.0","105.99",,"0","0","0","0","0.0","0",,,,"0","0","0","2026-04-04"
"19x13 wood picture frame real glass","868","5","300","5","1.67","4","80.0","1","25.0","27.19","24.99","0","1","0","1","20.0","0","0.0","27.19",,"0","0","0","1","20.0","0","0.0","27.19",,"0","0","0","2026-04-04"
"picture frame with 8 x 11"" window","879","4","86","5","5.81","1","25.0","1","100.0","17.99","17.99","0","1","0","0","0.0","0",,,,"0","0","0","0","0.0","0",,,,"0","0","0","2026-04-04"
"24 by 36 inch walnut frame with matt","193","4","81","3","3.7","1","25.0","1","100.0","83.99","83.99","0","0","1","1","25.0","1","100.0","83.99","83.99","0","0","1","0","0.0","0",,,,"0","0","0","2026-04-04"
"36 inch floating shelves heavy duty","886","2","45","5","11.11","8","400.0","1","12.5","69.82","114.99","0","7","0","1","50.0","0","0.0","52.99",,"0","1","0","1","50.0","0","0.0","52.99",,"0","1","0","2026-04-04"
"photo frames 8x10","665","475","15527","10","0.06","144","30.32","1","0.69","18.69","16.99","25","56","42","44","9.26","0","0.0","15.98",,"7","16","17","19","4.0","0","0.0","9.16",,"3","10","5","2026-04-04"
"floating shelves heavy duty 48 x 12","914","2","52","4","7.69","2","100.0","1","50.0","72.99","72.99","0","0","1","1","50.0","0","0.0","130.99",,"0","0","1","0","0.0","0",,,,"0","0","0","2026-04-04"
"solid wood shelves 3/4 in thick","794","2","120","6","5.0","4","200.0","1","25.0","52.99","112.99","0","1","3","0","0.0","0",,,,"0","0","0","0","0.0","0",,,,"0","0","0","2026-04-04"
"11x14 picture frame without mat","137","42","1014","14","1.38","19","45.24","1","5.26","14.99","24.99","1","11","3","4","9.52","1","25.0","10.82","24.99","0","3","1","0","0.0","0",,,,"0","0","0","2026-04-04"
"wooden picture frames","462","2901","81018","60","0.07","848","29.23","0","0.0","20.99",,"73","367","212","261","9.0","0","0.0","21.99",,"17","110","69","55","1.9","0","0.0","18.99",,"5","23","17","2026-04-04"
"24x36 matted frame","572","197","5648","50","0.89","66","33.5","0","0.0","53.58",,"0","15","29","19","9.64","0","0.0","49.99",,"0","2","10","2","1.02","0","0.0","49.52",,"0","1","1","2026-04-04"
"black wall shelves","271","2131","51121","93","0.18","778","36.51","4","0.51","24.99","24.99","100","343","179","250","11.73","0","0.0","23.99",,"42","101","61","46","2.16","0","0.0","22.61",,"13","23","9","2026-04-04"
"tucson wood frame","251","5","111","1","0.9","9","180.0","1","11.11","21.99","17.99","1","4","3","2","40.0","1","50.0","15.99","17.99","1","1","0","0","0.0","0",,,,"0","0","0","2026-04-04"
"book shelf for wall","587","6148","149703","49","0.03","1882","30.61","0","0.0","28.97",,"179","700","433","414","6.73","0","0.0","27.1",,"45","164","99","60","0.98","0","0.0","25.49",,"9","33","10","2026-04-04"
"floating live edge shelves","792","79","2217","43","1.94","27","34.18","0","0.0","85.99",,"0","7","11","5","6.33","0","0.0","80.74",,"0","2","2","0","0.0","0",,,,"0","0","0","2026-04-04"
"solid oak picture frames","649","19","441","10","2.27","9","47.37","1","11.11","19.95","13.99","0","0","5","0","0.0","0",,,,"0","0","0","0","0.0","0",,,,"0","0","0","2026-04-04"
"deep floating shelves for wall","338","406","12069","72","0.6","152","37.44","1","0.66","29.99","50.43","14","74","38","23","5.67","0","0.0","36.97",,"2","9","6","8","1.97","0","0.0","29.99",,"0","4","2","2026-04-04"
"wall shelf heavy duty 8in","46","2","44","4","9.09","1","50.0","1","100.0","48.99","48.99","0","0","1","1","50.0","1","100.0","48.99","48.99","0","0","1","1","50.0","1","100.0","48.99","48.99","0","0","1","2026-04-04"
"16x12 shelf","458","22","696","23","3.3","3","13.64","1","33.33","39.99","28.99","0","2","1","2","9.09","0","0.0","39.99",,"0","1","1","0","0.0","0",,,,"0","0","0","2026-04-04"
"frame for 27x40” print with matte","642","16","352","10","2.84","12","75.0","1","8.33","87.99","87.99","0","0","7","1","6.25","0","0.0","90.91",,"0","0","1","0","0.0","0",,,,"0","0","0","2026-04-04"
"marco de fotos 8.5 x 11 para pared","652","8","178","10","5.62","9","112.5","1","11.11","19.99","22.99","4","5","0","1","12.5","0","0.0","19.99",,"1","0","0","1","12.5","0","0.0","19.99",,"1","0","0","2026-04-04"
"27x40 frame","346","372","10756","97","0.9","132","35.48","0","0.0","47.99",,"0","19","45","43","11.56","0","0.0","47.99",,"0","6","16","13","3.49","0","0.0","42.99",,"0","3","4","2026-04-04"
"acacia wood flosting shelf","943","4","88","4","4.55","3","75.0","1","33.33","89.99","89.99","0","0","0","0","0.0","0",,,,"0","0","0","0","0.0","0",,,,"0","0","0","2026-04-04"
"16"" x 8"" wooden floating wall shelf","243","1","17","1","5.88","1","100.0","1","100.0","24.99","24.99","0","0","1","1","100.0","1","100.0","24.99","24.99","0","0","1","0","0.0","0",,,,"0","0","0","2026-04-04"
"acacia wood floating shelves","530","114","3215","16","0.5","39","34.21","1","2.56","44.99","114.99","1","17","8","7","6.14","0","0.0","34.99",,"1","4","1","1","0.88","0","0.0","33.99",,"0","1","0","2026-04-04"
"shelves 12 inches deep","555","124","3283","14","0.43","58","46.77","1","1.72","63.89","63.99","1","12","18","5","4.03","0","0.0","52.99",,"0","1","1","2","1.61","0","0.0","33.99",,"0","1","0","2026-04-04"
"17x20 picture frame","658","184","4448","10","0.22","77","41.85","1","1.3","32.99","26.99","7","3","21","28","15.22","0","0.0","32.99",,"2","1","8","6","3.26","0","0.0","24.99",,"1","0","3","2026-04-04"
"8.5x11 picture frame wood","577","54","1877","50","2.66","25","46.3","0","0.0","19.99",,"0","15","7","15","27.78","0","0.0","19.99",,"0","9","3","7","12.96","0","0.0","19.99",,"0","2","2","2026-04-04"
"8x10 picture frame oak","607","36","763","12","1.57","23","63.89","1","4.35","19.95","18.99","1","17","3","10","27.78","0","0.0","19.99",,"0","7","1","4","11.11","0","0.0","23.99",,"0","2","1","2026-04-04"
"22 x 28 matted to 18 x 24 frame","752","13","271","7","2.58","8","61.54","1","12.5","64.99","64.99","0","5","2","3","23.08","0","0.0","65.54",,"0","2","0","0","0.0","0",,,,"0","0","0","2026-04-04"
"5x7 frame wood dark","50","3","63","3","4.76","3","100.0","1","33.33","17.09","16.99","0","0","2","1","33.33","1","100.0","16.99","16.99","0","0","0","1","33.33","1","100.0","16.99","16.99","0","0","0","2026-04-04"
"bathroom wall storage","427","3248","80791","29","0.04","1132","34.85","1","0.09","26.82","24.99","130","411","285","238","7.33","0","0.0","23.99",,"41","85","53","25","0.77","0","0.0","19.99",,"8","10","5","2026-04-04"
"4 wooden floating shelves for wall 8x24x2","242","1","60","1","1.67","1","100.0","1","100.0","89.99","89.99","0","1","0","1","100.0","1","100.0","89.99","89.99","0","1","0","0","0.0","0",,,,"0","0","0","2026-04-04"
"floating wood shelves","298","2136","56246","149","0.26","877","41.06","0","0.0","37.34",,"76","307","244","148","6.93","0","0.0","37.34",,"14","44","46","30","1.4","0","0.0","34.99",,"4","10","8","2026-04-04"
"live edge floating shelves grey","601","10","336","12","3.57","6","60.0","1","16.67","51.51","114.99","0","3","3","0","0.0","0",,,,"0","0","0","0","0.0","0",,,,"0","0","0","2026-04-04"
"5 x 7 picture frame","828","4316","132501","6","0.0","1717","39.78","1","0.06","9.99","16.99","256","958","335","812","18.81","0","0.0","9.99",,"142","465","127","426","9.87","0","0.0","8.99",,"85","258","54","2026-04-04"
"deep floating shelves","556","1092","29709","51","0.17","449","41.12","0","0.0","37.82",,"24","174","165","53","4.85","0","0.0","35.99",,"3","21","19","8","0.73","0","0.0","33.59",,"1","4","2","2026-04-04"
"wall shelf 20 inches long","231","14","367","2","0.54","5","35.71","1","20.0","24.69","24.99","3","1","0","1","7.14","1","100.0","24.99","24.99","0","1","0","0","0.0","0",,,,"0","0","0","2026-04-04"
"light oak 11x14 (.75) frame","59","1","16","1","6.25","1","100.0","1","100.0","22.99","22.99","0","0","1","1","100.0","1","100.0","22.99","22.99","0","0","1","1","100.0","1","100.0","22.99","22.99","0","0","1","2026-04-04"
"5x7 vintage wooden picture frame","61","7","154","1","0.65","5","71.43","1","20.0","16.99","16.99","0","3","2","1","14.29","1","100.0","16.99","16.99","0","0","1","1","14.29","1","100.0","16.99","16.99","0","0","1","2026-04-04"
"large picture frames for wall","275","815","23217","69","0.3","209","25.64","4","1.91","33.99","87.99","22","50","60","45","5.52","0","0.0","31.99",,"8","8","16","6","0.74","0","0.0","8.99",,"1","2","2","2026-04-04"
"8 deep floating shelves w brackets","966","2","40","4","10.0","2","100.0","1","50.0","24.99","24.99","0","1","1","0","0.0","0",,,,"0","0","0","0","0.0","0",,,,"0","0","0","2026-04-04"
"picture frame","262","21045","622128","245","0.04","5175","24.59","1","0.02","9.99","42.99","897","2226","955","1668","7.93","0","0.0","8.99",,"326","785","288","591","2.81","0","0.0","7.99",,"169","270","94","2026-04-04"
"12 x 16 frame for a 14 1/2 x 10 /2 with mat picture frame","773","4","238","6","2.52","5","125.0","1","20.0","19.99","26.99","0","3","2","0","0.0","0",,,,"0","0","0","0","0.0","0",,,,"0","0","0","2026-04-04"
"small book shelf for wall","123","92","2307","29","1.26","29","31.52","1","3.45","23.79","24.99","2","17","8","9","9.78","1","11.11","24.06","24.99","0","6","2","3","3.26","0","0.0","16.99",,"0","0","2","2026-04-04"
"small shelf","267","13406","340051","185","0.05","4039","30.13","2","0.05","24.29","24.99","451","1766","871","763","5.69","0","0.0","23.97",,"95","339","172","176","1.31","0","0.0","19.99",,"30","98","37","2026-04-04"
"picture frames 6x8","128","318","8636","20","0.23","110","34.59","1","0.91","8.99","16.99","10","58","23","41","12.89","1","2.44","8.99","16.99","2","18","12","21","6.6","0","0.0","8.99",,"0","14","5","2026-04-04"
"12 inch deep floating shelves","289","269","7618","94","1.23","103","38.29","2","1.94","50.99","63.99","4","28","47","8","2.97","0","0.0","37.82",,"0","4","3","2","0.74","0","0.0","42.99",,"0","1","0","2026-04-04"
"artsy picture frame","206","28","711","3","0.42","5","17.86","1","20.0","18.99","18.99","0","4","1","3","10.71","1","33.33","19.99","18.99","0","2","1","0","0.0","0",,,,"0","0","0","2026-04-04"
"storage shelves","515","56034","1479817","54","0.0","19999","35.69","0","0.0","44.98",,"2044","4688","3021","3550","6.34","0","0.0","42.49",,"451","877","580","857","1.53","0","0.0","42.49",,"161","235","147","2026-04-04"
"heavy duty large 12’ deep wall shelf","410","12","240","36","15.0","10","83.33","1","10.0","34.82","72.99","4","3","3","0","0.0","0",,,,"0","0","0","0","0.0","0",,,,"0","0","0","2026-04-04"
"wall shelf 7 inch wide","18","12","280","11","3.93","8","66.67","2","25.0","18.97","24.99","0","4","0","5","41.67","1","20.0","19.99","24.99","0","2","0","1","8.33","1","100.0","24.99","24.99","0","1","0","2026-04-04"
"28x40 walnut frame","431","30","638","28","4.39","23","76.67","1","4.35","79.99","96.99","0","3","8","2","6.67","0","0.0","99.99",,"0","1","0","0","0.0","0",,,,"0","0","0","2026-04-04"
"30inch shelf","713","27","673","8","1.19","14","51.85","1","7.14","46.99","48.99","1","4","2","0","0.0","0",,,,"0","0","0","0","0.0","0",,,,"0","0","0","2026-04-04"
"8 inch deep floating shelves","465","80","2220","60","2.7","37","46.25","0","0.0","31.99",,"0","20","11","10","12.5","0","0.0","36.99",,"0","8","2","2","2.5","0","0.0","22.99",,"0","2","0","2026-04-04"
"decorative wall shelf","565","997","27712","13","0.05","334","33.5","1","0.3","29.99","24.99","13","108","96","51","5.12","0","0.0","28.99",,"2","21","15","4","0.4","0","0.0","29.99",,"0","3","1","2026-04-04"
"5x7 oak picture frame","192","8","242","4","1.65","4","50.0","1","25.0","6.79","17.99","0","3","0","2","25.0","1","50.0","6.99","17.99","0","1","0","1","12.5","0","0.0","6.99",,"0","1","0","2026-04-04"
"datk wood floating shelf 36 inch 4 inch","627","11","220","11","5.0","9","81.82","1","11.11","58.99","114.99","0","1","8","0","0.0","0",,,,"0","0","0","0","0.0","0",,,,"0","0","0","2026-04-04"
"16x20 frame","308","6003","173902","57","0.03","2389","39.8","2","0.08","23.79","45.99","161","667","816","944","15.73","0","0.0","22.99",,"91","308","321","412","6.86","0","0.0","22.99",,"59","151","133","2026-04-04"
"gaming shelves","685","639","16358","9","0.06","193","30.2","1","0.52","51.99","26.99","11","53","34","42","6.57","0","0.0","49.99",,"4","12","6","2","0.31","0","0.0","24.99",,"0","2","0","2026-04-04"
"wooden matted picture frame with 8 x 10 display opening for 8 x 10 photo","400","3","67","3","4.48","12","400.0","2","16.67","17.99","20.99","0","0","9","1","33.33","0","0.0","15.49",,"0","0","1","1","33.33","0","0.0","15.49",,"0","0","1","2026-04-04"
"11x14 rustic wood picture frame","905","27","553","4","0.72","12","44.44","1","8.33","21.99","24.99","1","0","7","6","22.22","0","0.0","19.54",,"0","0","4","0","0.0","0",,,,"0","0","0","2026-04-04"
"solid wood floating shelves wall mounted","528","16","317","17","5.36","5","31.25","1","20.0","39.99","94.99","2","1","1","0","0.0","0",,,,"0","0","0","0","0.0","0",,,,"0","0","0","2026-04-04"
"black industrial wall shelf","917","13","370","4","1.08","5","38.46","1","20.0","59.99","59.99","0","1","0","0","0.0","0",,,,"0","0","0","0","0.0","0",,,,"0","0","0","2026-04-04"
"24 x 36 photo glass picture frame","716","4","80","8","10.0","2","50.0","1","50.0","81.99","81.99","0","0","0","0","0.0","0",,,,"0","0","0","0","0.0","0",,,,"0","0","0","2026-04-04"
"solid wood wall shelf","605","58","1530","12","0.78","24","41.38","1","4.17","54.99","63.99","0","10","4","3","5.17","0","0.0","79.97",,"0","1","1","0","0.0","0",,,,"0","0","0","2026-04-04"
"wood bookshelf wall mount","179","22","554","5","0.9","7","31.82","1","14.29","22.99","28.99","0","5","2","2","9.09","1","50.0","22.99","28.99","0","2","0","0","0.0","0",,,,"0","0","0","2026-04-04"
"20 x 30 metal picture frame with mat","232","5","146","2","1.37","4","80.0","1","25.0","37.09","81.99","0","0","3","2","40.0","1","50.0","31.99","81.99","0","0","1","0","0.0","0",,,,"0","0","0","2026-04-04"
"27w white shelf for wall","116","1","60","4","6.67","2","200.0","2","100.0","24.99","24.99","0","0","1","1","100.0","1","100.0","41.99","41.99","0","0","0","0","0.0","0",,,,"0","0","0","2026-04-04"
"aracdia wood shelves","679","9","153","9","5.88","4","44.44","1","25.0","33.99","89.99","0","1","3","0","0.0","0",,,,"0","0","0","0","0.0","0",,,,"0","0","0","2026-04-04"
"wall shelves for bedroom","115","10064","239757","42","0.02","3555","35.32","1","0.03","24.99","48.99","557","1358","853","795","7.9","1","0.13","24.99","48.99","114","319","185","96","0.95","0","0.0","20.99",,"25","53","14","2026-04-04"
"shelves on wall no drilling","564","160","4013","13","0.32","71","44.38","1","1.41","16.71","26.99","4","31","18","12","7.5","0","0.0","14.99",,"0","4","5","3","1.88","0","0.0","14.99",,"0","1","1","2026-04-04"
"deep wall shelf","359","332","10510","92","0.88","140","42.17","0","0.0","29.99",,"27","55","29","19","5.72","0","0.0","29.99",,"3","8","4","6","1.81","0","0.0","27.99",,"0","4","2","2026-04-04"
"wall shelving","452","3046","87025","61","0.07","966","31.71","0","0.0","28.99",,"143","385","204","166","5.45","0","0.0","28.79",,"26","75","34","28","0.92","0","0.0","29.99",,"6","16","3","2026-04-04"
"living edge shelf 12inch deep","598","4","240","12","5.0","4","100.0","1","25.0","126.99","131.99","0","0","3","0","0.0","0",,,,"0","0","0","0","0.0","0",,,,"0","0","0","2026-04-04"
"18x24 wood frame","468","884","25576","60","0.23","425","48.08","0","0.0","29.99",,"5","124","145","123","13.91","0","0.0","28.49",,"1","36","44","44","4.98","0","0.0","28.49",,"1","13","15","2026-04-04"
"americanflat natural oak 11"" 14"" shatter proof","236","1","14","1","7.14","2","200.0","1","50.0","12.23","38.99","0","0","0","1","100.0","1","100.0","38.99","38.99","0","0","0","0","0.0","0",,,,"0","0","0","2026-04-04"
"shelf","263","108233","2743258","203","0.01","27885","25.76","2","0.01","37.99","26.99","3260","7941","5307","5352","4.94","0","0.0","36.99",,"687","1559","974","893","0.83","0","0.0","33.99",,"194","349","144","2026-04-04"
"wall shelf 16x12","573","11","234","13","5.56","4","36.36","1","25.0","26.59","24.99","0","2","0","1","9.09","0","0.0","39.99",,"0","0","0","0","0.0","0",,,,"0","0","0","2026-04-04"
"floating bookshelves","122","1537","42557","30","0.07","649","42.23","1","0.15","27.99","68.99","59","282","153","104","6.77","1","0.96","26.99","68.99","7","37","31","8","0.52","0","0.0","27.47",,"0","4","1","2026-04-04"
"live edge 24x6 shelf","888","5","110","5","4.55","3","60.0","1","33.33","113.99","113.99","0","2","0","0","0.0","0",,,,"0","0","0","0","0.0","0",,,,"0","0","0","2026-04-04"
"cute picture frames","728","2498","63421","7","0.01","679","27.18","1","0.15","15.99","18.99","21","287","209","275","11.01","0","0.0","15.49",,"6","110","97","11","0.44","0","0.0","15.99",,"1","6","4","2026-04-04"
"27 x 40 poster frame with mat","540","22","595","16","2.69","15","68.18","1","6.67","47.99","96.99","0","1","2","3","13.64","0","0.0","29.99",,"0","0","2","0","0.0","0",,,,"0","0","0","2026-04-04"
"no screw wall shelf","623","43","1031","11","1.07","27","62.79","1","3.7","16.88","24.99","6","15","5","4","9.3","0","0.0","11.29",,"2","1","1","1","2.33","0","0.0","11.29",,"1","0","0","2026-04-04"
"shallow shadow box frames","904","21","432","4","0.93","10","47.62","1","10.0","20.99","20.99","0","5","5","0","0.0","0",,,,"0","0","0","0","0.0","0",,,,"0","0","0","2026-04-04"
"floating shelves for wall 12 inch","807","22","506","6","1.19","9","40.91","1","11.11","39.99","28.99","1","5","2","1","4.55","0","0.0","16.99",,"0","1","0","0","0.0","0",,,,"0","0","0","2026-04-04"
"shelves for room wall","279","21917","518424","129","0.02","7170","32.71","2","0.03","24.99","24.99","1041","2807","1503","1592","7.26","0","0.0","23.99",,"260","623","327","270","1.23","0","0.0","21.84",,"62","128","42","2026-04-04"
"matt's picture frame large for wall","755","3","67","7","10.45","1","33.33","1","100.0","81.99","81.99","0","0","0","0","0.0","0",,,,"0","0","0","0","0.0","0",,,,"0","0","0","2026-04-04"
"8x10 picture frame dark wood","202","96","2202","3","0.14","47","48.96","1","2.13","14.99","20.99","4","23","15","21","21.88","1","4.76","12.99","20.99","2","12","5","7","7.29","0","0.0","12.99",,"0","6","1","2026-04-04"
"floating shelves bathroom, industrial white","730","7","410","7","1.71","3","42.86","1","33.33","52.99","24.99","0","0","1","0","0.0","0",,,,"0","0","0","0","0.0","0",,,,"0","0","0","2026-04-04"
"matted to 18x24 frame solid wood","956","2","120","4","3.33","2","100.0","1","50.0","64.99","64.99","0","0","1","0","0.0","0",,,,"0","0","0","0","0.0","0",,,,"0","0","0","2026-04-04"
"18x24 frame rounded corners","821","40","1075","43","4.0","18","45.0","0","0.0","47.49",,"0","5","1","1","2.5","0","0.0","32.16",,"0","1","0","1","2.5","0","0.0","32.16",,"0","1","0","2026-04-04"
"photo frames for wall","355","3965","97522","93","0.1","1136","28.65","0","0.0","21.63",,"162","475","242","305","7.69","0","0.0","20.99",,"48","137","71","43","1.08","0","0.0","18.99",,"11","20","7","2026-04-04"
"24x30 frame matted to 18x24","429","44","1112","29","2.61","15","34.09","1","6.67","59.99","73.99","0","4","3","4","9.09","0","0.0","36.99",,"0","1","1","2","4.55","0","0.0","36.99",,"0","0","1","2026-04-04"
"floating frame 24x36","676","189","5253","9","0.17","92","48.68","1","1.09","49.99","76.99","0","10","32","7","3.7","0","0.0","35.54",,"0","0","4","3","1.59","0","0.0","35.54",,"0","0","2","2026-04-04"
"living edge floating shelf","779","59","1676","43","2.57","25","42.37","0","0.0","71.99",,"0","4","6","0","0.0","0",,,,"0","0","0","0","0.0","0",,,,"0","0","0","2026-04-04"
"shadow box frame with matte","783","4","126","6","4.76","1","25.0","1","100.0","24.99","24.99","0","0","0","0","0.0","0",,,,"0","0","0","0","0.0","0",,,,"0","0","0","2026-04-04"
"photo frame 19x27 mat to 11x14","214","5","107","2","1.87","2","40.0","1","50.0","45.99","45.99","0","0","1","1","20.0","1","100.0","45.99","45.99","0","0","1","0","0.0","0",,,,"0","0","0","2026-04-04"
"20 x 30 picture frame","895","2038","56290","42","0.07","772","37.88","0","0.0","32.99",,"6","191","256","299","14.67","0","0.0","31.99",,"2","85","101","102","5.0","0","0.0","31.49",,"2","33","35","2026-04-04"
"shelves wall 23 inches 12 in wide","221","17","342","2","0.58","11","64.71","1","9.09","26.99","26.99","0","9","2","3","17.65","1","33.33","26.99","26.99","0","2","1","0","0.0","0",,,,"0","0","0","2026-04-04"
"4x6 picture frame dark brown","244","32","677","1","0.15","19","59.38","1","5.26","14.99","14.99","2","8","7","12","37.5","1","8.33","14.99","14.99","0","6","4","3","9.38","0","0.0","5.99",,"0","2","1","2026-04-04"
"farmhouse style kitchen shelves","319","20","434","10","2.3","15","75.0","3","20.0","35.99","63.99","1","0","1","3","15.0","0","0.0","30.39",,"1","0","1","1","5.0","0","0.0","35.99",,"0","0","0","2026-04-04"
"metal bracket bathroom wall shelves","711","44","964","8","0.83","20","45.45","1","5.0","22.99","51.99","3","9","2","1","2.27","0","0.0","23.99",,"0","0","0","0","0.0","0",,,,"0","0","0","2026-04-04"
"16x4 irish art","891","8","162","5","3.09","5","62.5","1","20.0","26.99","49.99","0","1","2","0","0.0","0",,,,"0","0","0","0","0.0","0",,,,"0","0","0","2026-04-04"
"frame 11 x 14 wood","248","5","107","1","0.93","1","20.0","1","100.0","24.99","24.99","0","1","0","1","20.0","1","100.0","24.99","24.99","0","1","0","0","0.0","0",,,,"0","0","0","2026-04-04"
"24 x 36 frame with mat","379","248","8411","83","0.99","107","43.15","0","0.0","50.99",,"0","24","40","26","10.48","0","0.0","49.99",,"0","5","13","8","3.23","0","0.0","39.99",,"0","2","4","2026-04-04"
"12in wide wall shelves","553","19","383","51","13.32","9","47.37","0","0.0","29.99",,"0","0","9","1","5.26","0","0.0","50.99",,"0","0","1","0","0.0","0",,,,"0","0","0","2026-04-04"
"floating shelf 36 inch","342","215","5896","103","1.75","88","40.93","0","0.0","39.99",,"0","20","32","17","7.91","0","0.0","39.99",,"0","6","6","3","1.4","0","0.0","45.97",,"0","2","0","2026-04-04"
"heavy duty wall shelf 23x7","939","4","89","4","4.49","12","300.0","1","8.33","25.99","24.99","6","4","2","3","75.0","0","0.0","29.99",,"0","3","0","0","0.0","0",,,,"0","0","0","2026-04-04"
"large picture frame eith glass with matte","817","3","66","6","9.09","2","66.67","1","50.0","37.99","45.99","0","0","0","0","0.0","0",,,,"0","0","0","0","0.0","0",,,,"0","0","0","2026-04-04"
"matted brown oval picture frame 4x6","228","4","81","2","2.47","1","25.0","1","100.0","14.99","14.99","0","1","0","1","25.0","1","100.0","14.99","14.99","0","1","0","0","0.0","0",,,,"0","0","0","2026-04-04"
"renter friendly wall shelves","441","197","5496","26","0.47","84","42.64","1","1.19","16.99","24.99","16","35","17","8","4.06","0","0.0","14.89",,"4","3","1","0","0.0","0",,,,"0","0","0","2026-04-04"
"36 x24+inch+wooden+picture+frame medium oak","907","3","84","4","4.76","3","100.0","1","33.33","85.49","83.99","0","0","2","1","33.33","0","0.0","85.49",,"0","0","1","1","33.33","0","0.0","85.49",,"0","0","1","2026-04-04"
