Brand=["KovaScape"],Reporting Range=["Weekly"],Select week=["Week 16 | 2026-04-12 - 2026-04-18 2026"]
"Search Query","Search Query Score","Search Query Volume","Impressions: Total Count","Impressions: Brand Count","Impressions: Brand Share %","Clicks: Total Count","Clicks: Click Rate %","Clicks: Brand Count","Clicks: Brand Share %","Clicks: Price (Median)","Clicks: Brand Price (Median)","Clicks: Same Day Shipping Speed","Clicks: 1D Shipping Speed","Clicks: 2D Shipping Speed","Cart Adds: Total Count","Cart Adds: Cart Add Rate %","Cart Adds: Brand Count","Cart Adds: Brand Share %","Cart Adds: Price (Median)","Cart Adds: Brand Price (Median)","Cart Adds: Same Day Shipping Speed","Cart Adds: 1D Shipping Speed","Cart Adds: 2D Shipping Speed","Purchases: Total Count","Purchases: Purchase Rate %","Purchases: Brand Count","Purchases: Brand Share %","Purchases: Price (Median)","Purchases: Brand Price (Median)","Purchases: Same Day Shipping Speed","Purchases: 1D Shipping Speed","Purchases: 2D Shipping Speed","Reporting Date"
"8-inch deep wall-mounted shelf","740","31","683","47","6.88","21","67.74","0","0.0","19.99",,"0","0","0","1","3.23","0","0.0","22.99",,"0","0","0","0","0.0","0",,,,"0","0","0","2026-04-18"
"long floating shelf","365","2045","51196","103","0.2","842","41.17","0","0.0","54.99",,"30","213","271","118","5.77","0","0.0","49.99",,"4","29","43","15","0.73","0","0.0","39.82",,"1","5","4","2026-04-18"
"rustic grey shelf","183","18","405","6","1.48","4","22.22","1","25.0","28.99","28.99","0","2","0","1","5.56","1","100.0","28.99","28.99","0","1","0","0","0.0","0",,,,"0","0","0","2026-04-18"
"bathroom shelves","568","49312","1171329","19","0.0","18650","37.82","1","0.01","25.64","44.99","2899","7596","3330","4126","8.37","0","0.0","23.82",,"721","1717","720","707","1.43","0","0.0","20.99",,"186","343","99","2026-04-18"
"wood floating book shelves 36x8","159","3","180","9","5.0","4","133.33","1","25.0","64.99","112.99","0","3","0","1","33.33","1","100.0","112.99","112.99","0","1","0","0","0.0","0",,,,"0","0","0","2026-04-18"
"12 inch wide wall shelves with rail","636","7","420","14","3.33","9","128.57","1","11.11","24.98","24.99","0","4","1","1","14.29","0","0.0","21.99",,"0","0","0","0","0.0","0",,,,"0","0","0","2026-04-18"
"24” rounded corners floating shelves","227","2","56","2","3.57","1","50.0","1","100.0","89.99","89.99","0","0","1","1","50.0","1","100.0","89.99","89.99","0","0","1","0","0.0","0",,,,"0","0","0","2026-04-18"
"floating shelves","19","131568","3286752","203","0.01","51443","39.1","3","0.01","23.99","24.99","8943","21397","9815","8352","6.35","1","0.01","22.39","26.99","1565","3443","1481","1637","1.24","1","0.06","20.99","26.99","456","753","256","2026-04-18"
"picture matting","560","379","11768","56","0.48","82","21.64","0","0.0","12.59",,"3","40","20","16","4.22","0","0.0","11.99",,"2","9","3","9","2.37","0","0.0","11.99",,"1","7","1","2026-04-18"
"12x17 frame","836","398","11863","7","0.06","188","47.24","1","0.53","8.99","25.99","8","103","44","80","20.1","0","0.0","8.99",,"5","50","15","40","10.05","0","0.0","8.99",,"3","25","7","2026-04-18"
"18 inch floating shelf live edge","795","10","240","9","3.75","7","70.0","1","14.29","76.99","94.99","0","4","0","0","0.0","0",,,,"0","0","0","0","0.0","0",,,,"0","0","0","2026-04-18"
"11x14 picture frame wood antique","214","5","108","3","2.78","1","20.0","1","100.0","23.99","23.99","0","0","0","1","20.0","1","100.0","23.99","23.99","0","0","0","0","0.0","0",,,,"0","0","0","2026-04-18"
"grey big wall shelves","788","5","111","9","8.11","5","100.0","1","20.0","21.99","27.99","0","3","1","0","0.0","0",,,,"0","0","0","0","0.0","0",,,,"0","0","0","2026-04-18"
"16 x 20 frame with 11 x 14 mat","311","156","4359","36","0.83","92","58.97","3","3.26","34.79","45.99","1","29","34","13","8.33","0","0.0","26.99",,"0","11","1","5","3.21","0","0.0","23.99",,"0","5","0","2026-04-18"
"wall bookshelves","300","829","23822","84","0.35","276","33.29","2","0.72","27.99","24.99","25","114","53","59","7.12","0","0.0","25.99",,"6","25","9","3","0.36","0","0.0","29.97",,"0","1","1","2026-04-18"
"22x28 frame for canvas painting","435","14","503","7","1.39","9","64.29","2","22.22","67.49","64.99","0","0","5","2","14.29","0","0.0","67.49",,"0","0","2","0","0.0","0",,,,"0","0","0","2026-04-18"
"24x30 frame with mat","332","215","6907","125","1.81","92","42.79","0","0.0","46.99",,"0","24","36","26","12.09","0","0.0","46.99",,"0","9","10","6","2.79","0","0.0","49.99",,"0","4","1","2026-04-18"
"small utility shelf wall mount","866","52","1102","7","0.64","27","51.92","1","3.7","34.99","24.99","0","11","11","3","5.77","0","0.0","34.99",,"0","1","2","0","0.0","0",,,,"0","0","0","2026-04-18"
"photo frame 14x20 bronze","813","14","809","8","0.99","6","42.86","1","16.67","38.99","27.99","0","3","2","0","0.0","0",,,,"0","0","0","0","0.0","0",,,,"0","0","0","2026-04-18"
"22x28 frame with mat","9","518","13633","239","1.75","228","44.02","4","1.75","39.99","64.99","0","52","88","63","12.16","3","4.76","47.24","64.99","0","20","25","14","2.7","1","7.14","30.99","64.99","0","7","3","2026-04-18"
"boho picture frames","490","1194","29513","29","0.1","409","34.25","1","0.24","18.99","17.99","18","199","98","171","14.32","0","0.0","17.99",,"9","86","34","12","1.01","0","0.0","18.99",,"0","10","1","2026-04-18"
"elm wood floating shelf view in room","970","3","67","5","7.46","3","100.0","1","33.33","94.99","131.99","0","3","0","0","0.0","0",,,,"0","0","0","0","0.0","0",,,,"0","0","0","2026-04-18"
"wood holder on wall","200","7","194","4","2.06","3","42.86","1","33.33","29.99","27.99","1","1","1","1","14.29","1","100.0","27.99","27.99","1","0","0","0","0.0","0",,,,"0","0","0","2026-04-18"
"shelf","99","106214","2809133","336","0.01","24840","23.39","3","0.01","38.36","44.99","2519","7181","4013","4755","4.48","0","0.0","37.79",,"557","1427","737","788","0.74","0","0.0","29.99",,"171","292","103","2026-04-18"
"wooden narrow shelf with live edge","587","6","120","18","15.0","3","50.0","1","33.33","79.99","131.99","0","1","0","0","0.0","0",,,,"0","0","0","0","0.0","0",,,,"0","0","0","2026-04-18"
"24 x 36 poster frame","780","3841","112599","46","0.04","1471","38.3","0","0.0","39.99",,"3","422","453","624","16.25","0","0.0","39.99",,"0","174","194","247","6.43","0","0.0","39.49",,"0","73","86","2026-04-18"
"floating shelves, 8 inch deep rustic wood wall storage, 16w x 8d wall shelves set of 2, heavy duty metal brackets, industrial book shelf for living room, kitchen, bathroom, bedroom, brown","60","1","20","3","15.0","1","100.0","1","100.0","24.24","24.24","0","0","0","1","100.0","1","100.0","24.24","24.24","0","0","0","1","100.0","1","100.0","24.24","24.24","0","0","0","2026-04-18"
"8,5 x 11 frame","890","30","683","6","0.88","8","26.67","1","12.5","5.93","21.99","4","4","0","4","13.33","0","0.0","5.89",,"4","0","0","3","10.0","0","0.0","5.93",,"3","0","0","2026-04-18"
"big picture frames for wall","611","1022","24437","16","0.07","287","28.08","1","0.35","29.99","64.99","27","82","56","77","7.53","0","0.0","29.99",,"7","22","17","6","0.59","0","0.0","29.99",,"2","2","1","2026-04-18"
"floating shelves bedroom","182","333","8334","6","0.07","89","26.73","1","1.12","24.99","24.99","7","36","11","7","2.1","1","14.29","24.99","24.99","1","3","0","1","0.3","0","0.0","26.96",,"0","1","0","2026-04-18"
"框画","447","7","259","5","1.93","22","314.29","2","9.09","39.99","48.59","0","0","13","1","14.29","0","0.0","29.99",,"0","0","1","0","0.0","0",,,,"0","0","0","2026-04-18"
"bathroom wall storage","923","3682","92777","43","0.05","1396","37.91","0","0.0","27.82",,"159","540","320","299","8.12","0","0.0","24.99",,"38","120","72","34","0.92","0","0.0","19.98",,"5","18","6","2026-04-18"
"black wall shelf for pc","340","8","170","8","4.71","4","50.0","3","75.0","26.99","26.99","0","1","3","0","0.0","0",,,,"0","0","0","0","0.0","0",,,,"0","0","0","2026-04-18"
"80 inch long live edge wood shelves","679","4","240","12","5.0","7","175.0","1","14.29","131.99","131.99","0","5","1","0","0.0","0",,,,"0","0","0","0","0.0","0",,,,"0","0","0","2026-04-18"
"wood frames 4x6","557","124","3320","19","0.57","49","39.52","1","2.04","17.79","17.99","6","31","5","13","10.48","0","0.0","15.98",,"1","7","2","2","1.61","0","0.0","13.99",,"0","1","0","2026-04-18"
"wall wood shelf for coffee bar 16x6","718","11","199","11","5.53","7","63.64","1","14.29","24.98","24.99","0","0","0","0","0.0","0",,,,"0","0","0","0","0.0","0",,,,"0","0","0","2026-04-18"
"25cm deep shelf","988","5","90","5","5.56","5","100.0","1","20.0","28.37","24.99","0","4","1","0","0.0","0",,,,"0","0","0","0","0.0","0",,,,"0","0","0","2026-04-18"
"8x11 picture frame wood with glass matted","981","5","100","5","5.0","5","100.0","1","20.0","25.99","25.99","0","3","2","0","0.0","0",,,,"0","0","0","0","0.0","0",,,,"0","0","0","2026-04-18"
"11x14 picture frame with stand","29","430","11976","29","0.24","221","51.4","1","0.45","9.99","25.99","30","143","27","43","10.0","1","2.33","13.49","25.99","4","27","8","21","4.88","1","4.76","13.49","25.99","2","13","5","2026-04-18"
"8x10 rounded edge wood hanging frame","689","6","126","12","9.52","4","66.67","1","25.0","18.99","17.99","0","0","3","0","0.0","0",,,,"0","0","0","0","0.0","0",,,,"0","0","0","2026-04-18"
"heavy duty wall shelves","597","477","13318","54","0.41","171","35.85","0","0.0","50.99",,"8","42","48","27","5.66","0","0.0","86.99",,"3","4","8","6","1.26","0","0.0","50.99",,"1","1","0","2026-04-18"
"real glass frame wall","893","5","103","6","5.83","3","60.0","1","33.33","23.39","20.99","0","0","0","0","0.0","0",,,,"0","0","0","0","0.0","0",,,,"0","0","0","2026-04-18"
"heavy duty wall mounted shelf","562","64","1469","19","1.29","15","23.44","1","6.67","59.99","24.99","0","5","7","2","3.13","0","0.0","19.98",,"0","0","2","1","1.56","0","0.0","59.99",,"0","0","1","2026-04-18"
"photo frames for wall","506","3737","92031","63","0.07","1095","29.3","0","0.0","22.99",,"152","466","185","290","7.76","0","0.0","20.99",,"48","119","48","47","1.26","0","0.0","21.63",,"11","27","5","2026-04-18"
"heavy duty floating shelves","287","1116","29028","144","0.5","460","41.22","1","0.22","49.99","63.99","57","169","120","40","3.58","0","0.0","44.97",,"5","13","16","2","0.18","0","0.0","44.97",,"0","0","2","2026-04-18"
"industrial shelf for wall","723","90","2487","11","0.44","36","40.0","1","2.78","49.99","24.99","0","12","11","9","10.0","0","0.0","49.99",,"0","5","3","3","3.33","0","0.0","35.99",,"0","2","0","2026-04-18"
"nickle 12x16 frame","742","10","200","10","5.0","6","60.0","1","16.67","28.91","26.99","0","0","3","0","0.0","0",,,,"0","0","0","0","0.0","0",,,,"0","0","0","2026-04-18"
"amazon.co.jp","369","2136","39084","100","0.26","42","1.97","0","0.0","19.99",,"0","6","1","4","0.19","0","0.0","40.84",,"0","1","0","0","0.0","0",,,,"0","0","0","2026-04-18"
"bedroom floating shelves","818","172","4382","8","0.18","56","32.56","1","1.79","23.99","51.99","9","25","11","16","9.3","0","0.0","21.99",,"2","6","5","1","0.58","0","0.0","9.99",,"0","1","0","2026-04-18"
"photo frame","91","12233","330267","430","0.13","3203","26.18","3","0.09","13.86","16.99","494","1344","462","834","6.82","0","0.0","12.99",,"153","380","143","226","1.85","0","0.0","8.99",,"46","126","36","2026-04-18"
"wall mount shelf","107","2174","62983","94","0.15","679","31.23","1","0.15","20.99","24.99","78","278","155","105","4.83","1","0.95","19.99","24.99","14","33","25","27","1.24","0","0.0","22.99",,"6","7","6","2026-04-18"
"4x6 wall frame","142","196","4939","15","0.3","93","47.45","1","1.08","9.99","13.99","5","50","16","23","11.73","1","4.35","9.98","13.99","2","13","1","9","4.59","0","0.0","9.98",,"2","6","0","2026-04-18"
"live edge shelves floating","315","83","1986","67","3.37","43","51.81","2","4.65","69.99","94.99","0","13","10","2","2.41","0","0.0","89.99",,"0","0","0","0","0.0","0",,,,"0","0","0","2026-04-18"
"shelving wall mounted","308","2473","66569","151","0.23","828","33.48","0","0.0","28.49",,"107","339","168","115","4.65","0","0.0","26.98",,"9","50","29","14","0.57","0","0.0","22.99",,"0","7","7","2026-04-18"
"20x24 frame with mat gold","999","24","492","5","1.02","20","83.33","1","5.0","46.99","49.99","0","8","4","7","29.17","0","0.0","45.89",,"0","3","0","1","4.17","0","0.0","62.9",,"0","1","0","2026-04-18"
"8.5 x 11 frame with mat","518","120","4951","24","0.48","59","49.17","1","1.69","15.98","21.99","5","37","10","15","12.5","0","0.0","9.99",,"3","9","2","6","5.0","0","0.0","9.99",,"2","4","0","2026-04-18"
"shelves for room wall","111","19943","470047","282","0.06","6709","33.64","2","0.03","24.98","24.99","1012","2802","1182","1539","7.72","0","0.0","22.99",,"229","648","254","246","1.23","0","0.0","20.99",,"68","112","28","2026-04-18"
"thick wood shelves for bathroom","599","39","801","17","2.12","13","33.33","1","7.69","27.82","24.99","3","10","0","0","0.0","0",,,,"0","0","0","0","0.0","0",,,,"0","0","0","2026-04-18"
"18w x 8d wall shelf","649","6","162","13","8.02","6","100.0","1","16.67","19.99","24.99","0","0","0","0","0.0","0",,,,"0","0","0","0","0.0","0",,,,"0","0","0","2026-04-18"
"wood picture frame tabletop","508","9","191","25","13.09","7","77.78","1","14.29","15.99","13.99","0","1","5","1","11.11","0","0.0","9.99",,"0","0","1","0","0.0","0",,,,"0","0","0","2026-04-18"
"small book shelf","275","4388","116193","232","0.2","1492","34.0","0","0.0","32.99",,"65","540","365","261","5.95","0","0.0","29.99",,"17","103","64","43","0.98","0","0.0","27.99",,"5","24","7","2026-04-18"
"deep shelf for wall","505","118","2756","26","0.94","48","40.68","1","2.08","29.99","24.99","5","18","14","10","8.47","0","0.0","29.99",,"4","3","0","2","1.69","0","0.0","16.82",,"1","1","0","2026-04-18"
"16x24 mat opening frame","728","30","938","10","1.07","17","56.67","1","5.88","32.99","45.99","0","0","9","3","10.0","0","0.0","34.99",,"0","0","3","0","0.0","0",,,,"0","0","0","2026-04-18"
"8x16 frame","863","372","11539","7","0.06","141","37.9","1","0.71","8.99","26.99","3","64","32","51","13.71","0","0.0","8.59",,"3","30","10","29","7.8","0","0.0","7.99",,"2","18","7","2026-04-18"
"live edge floating shelves","5","2609","67337","2152","3.2","1136","43.54","14","1.23","89.99","94.99","20","276","354","125","4.79","0","0.0","79.99",,"3","35","36","17","0.65","0","0.0","63.99",,"0","5","5","2026-04-18"
"raw wood shelves","521","65","1806","23","1.27","20","30.77","1","5.0","68.99","114.99","0","10","6","4","6.15","0","0.0","45.99",,"0","2","2","0","0.0","0",,,,"0","0","0","2026-04-18"
"rustic wall shelves with live edge","453","22","490","40","8.16","23","104.55","1","4.35","101.69","131.99","0","0","0","0","0.0","0",,,,"0","0","0","0","0.0","0",,,,"0","0","0","2026-04-18"
"6 x 8 picture frame horizontal","166","37","1045","8","0.77","27","72.97","1","3.7","9.88","18.99","0","11","12","6","16.22","1","16.67","9.25","18.99","0","1","5","2","5.41","0","0.0","7.99",,"0","0","2","2026-04-18"
"picture frame 8.5 x 11","317","513","15524","100","0.64","227","44.25","1","0.44","6.64","21.99","28","130","41","107","20.86","0","0.0","6.09",,"15","61","22","63","12.28","0","0.0","6.09",,"10","39","10","2026-04-18"
"tablillas flotantes para pared","796","1091","22778","8","0.04","360","33.0","1","0.28","21.99","26.99","21","61","15","49","4.49","0","0.0","21.99",,"4","14","1","9","0.82","0","0.0","19.99",,"2","2","1","2026-04-18"
"floating wood shelf","607","623","18171","53","0.29","215","34.51","0","0.0","39.99",,"23","89","51","39","6.26","0","0.0","29.99",,"5","17","11","7","1.12","0","0.0","24.99",,"2","3","2","2026-04-18"
"16 x 20 frame with mat","132","270","9395","22","0.23","102","37.78","1","0.98","26.99","45.99","12","17","41","29","10.74","1","3.45","29.35","45.99","3","5","11","11","4.07","0","0.0","29.35",,"0","3","4","2026-04-18"
"long shallow wall shelf live edge","933","2","44","6","13.64","1","50.0","1","100.0","114.99","114.99","0","0","1","0","0.0","0",,,,"0","0","0","0","0.0","0",,,,"0","0","0","2026-04-18"
"live edge floating shelf 30 inch just one","973","6","132","5","3.79","5","83.33","1","20.0","91.99","94.99","0","0","5","0","0.0","0",,,,"0","0","0","0","0.0","0",,,,"0","0","0","2026-04-18"
"24x36 frame with mat","354","497","13957","70","0.5","179","36.02","1","0.56","49.99","83.99","0","36","69","65","13.08","0","0.0","49.99",,"0","16","22","25","5.03","0","0.0","39.99",,"0","7","9","2026-04-18"
"big wood art photo frames for wall","989","4","83","5","6.02","1","25.0","1","100.0","81.99","81.99","0","0","1","0","0.0","0",,,,"0","0","0","0","0.0","0",,,,"0","0","0","2026-04-18"
"36x24 picture frame","639","1747","42818","14","0.03","684","39.15","1","0.15","39.99","26.99","5","141","211","267","15.28","0","0.0","36.99",,"0","59","87","95","5.44","0","0.0","36.99",,"0","30","30","2026-04-18"
"wall & tabletop picture frames","363","4219","112558","104","0.09","173","4.1","0","0.0","20.99",,"17","71","30","41","0.97","0","0.0","24.95",,"3","19","6","13","0.31","0","0.0","21.99",,"1","7","4","2026-04-18"
"bathroom water proof storage wood shelves","579","5","110","18","16.36","1","20.0","1","100.0","112.99","112.99","0","0","0","0","0.0","0",,,,"0","0","0","0","0.0","0",,,,"0","0","0","2026-04-18"
"5x7 picture frame glass","790","153","4217","9","0.21","69","45.1","1","1.45","7.99","17.99","16","43","9","23","15.03","0","0.0","6.49",,"1","18","3","14","9.15","0","0.0","6.49",,"0","11","2","2026-04-18"
"live edge shelving with brackets","773","10","211","9","4.27","7","70.0","1","14.29","94.99","94.99","0","1","3","0","0.0","0",,,,"0","0","0","0","0.0","0",,,,"0","0","0","2026-04-18"
"gold 24x36","939","10","202","6","2.97","8","80.0","1","12.5","51.99","81.99","0","1","5","5","50.0","0","0.0","49.99",,"0","0","4","1","10.0","0","0.0","41.39",,"0","0","1","2026-04-18"
"36” floating walnut color shelf","819","8","176","8","4.55","7","87.5","1","14.29","79.99","114.99","0","2","4","1","12.5","0","0.0","42.99",,"0","0","1","0","0.0","0",,,,"0","0","0","2026-04-18"
"wall-mounted shelf heavy duty kitchen","401","20","411","50","12.17","4","20.0","1","25.0","80.99","63.99","0","1","0","0","0.0","0",,,,"0","0","0","0","0.0","0",,,,"0","0","0","2026-04-18"
"8x10 picture frame cream color","49","19","382","4","1.05","7","36.84","1","14.29","18.89","17.99","0","3","2","3","15.79","1","33.33","18.89","17.99","0","0","1","1","5.26","1","100.0","17.99","17.99","0","0","1","2026-04-18"
"heavy duty floating shelf","801","344","10203","45","0.44","100","29.07","0","0.0","44.99",,"12","35","32","6","1.74","0","0.0","20.99",,"1","3","1","1","0.29","0","0.0","87.3",,"0","0","1","2026-04-18"
"8 inch deep small shelf","28","2","43","4","9.3","2","100.0","2","100.0","24.99","24.99","0","0","2","1","50.0","1","100.0","24.99","24.99","0","0","1","1","50.0","1","100.0","24.99","24.99","0","0","1","2026-04-18"
"boy room shelf","78","10","199","1","0.5","8","80.0","1","12.5","23.99","48.99","0","6","0","3","30.0","1","33.33","48.99","48.99","0","1","0","2","20.0","1","50.0","15.29","44.09","0","1","0","2026-04-18"
"walnut frame 11x14","173","36","987","6","0.61","20","55.56","1","5.0","26.99","27.99","2","15","1","11","30.56","1","9.09","27.99","27.99","2","7","1","3","8.33","0","0.0","26.99",,"1","2","0","2026-04-18"
"12x16 walnut frame with real glass","389","10","281","18","6.41","7","70.0","2","28.57","29.99","28.99","0","1","4","2","20.0","0","0.0","27.89",,"0","1","1","0","0.0","0",,,,"0","0","0","2026-04-18"
"vertical column wall deep shelves","416","10","200","10","5.0","7","70.0","2","28.57","29.99","26.99","0","0","6","0","0.0","0",,,,"0","0","0","0","0.0","0",,,,"0","0","0","2026-04-18"
"8.5 by 11 pictue framw with stand","121","5","105","5","4.76","3","60.0","2","66.67","21.99","21.99","0","1","0","1","20.0","1","100.0","21.99","21.99","0","0","0","0","0.0","0",,,,"0","0","0","2026-04-18"
"hanging shelves","499","8691","222305","64","0.03","2873","33.06","0","0.0","20.99",,"416","1219","578","651","7.49","0","0.0","20.99",,"89","280","132","87","1.0","0","0.0","19.99",,"16","48","14","2026-04-18"
"wood floating shelf","95","922","24364","130","0.53","370","40.13","3","0.81","29.99","131.99","37","143","112","46","4.99","1","2.17","25.99","131.99","4","11","19","9","0.98","0","0.0","16.99",,"2","1","2","2026-04-18"
"8 inch depth floating shelf","618","12","269","15","5.58","4","33.33","1","25.0","37.99","41.99","1","3","0","1","8.33","0","0.0","21.84",,"0","1","0","0","0.0","0",,,,"0","0","0","2026-04-18"
"wall mounted shelves","86","6535","175951","202","0.11","1838","28.13","7","0.38","28.99","24.99","289","703","339","244","3.73","1","0.41","26.96","24.99","42","85","37","43","0.66","0","0.0","21.99",,"16","16","2","2026-04-18"
"floating 12 inches deep white","61","3","66","3","4.55","2","66.67","1","50.0","22.99","24.99","0","0","0","1","33.33","1","100.0","24.99","24.99","0","0","0","1","33.33","1","100.0","24.99","24.99","0","0","0","2026-04-18"
"homeforia picture frame 11x14 with mat","826","28","1590","8","0.5","18","64.29","1","5.56","21.99","20.99","0","3","10","5","17.86","0","0.0","19.99",,"0","1","1","0","0.0","0",,,,"0","0","0","2026-04-18"
"live edge floating shelves 24 inch by 10 inch depth","779","3","180","9","5.0","11","366.67","1","9.09","93.99","94.99","0","0","6","0","0.0","0",,,,"0","0","0","0","0.0","0",,,,"0","0","0","2026-04-18"
"wall mounted shelves 12 inches deep","580","14","349","18","5.16","8","57.14","1","12.5","24.99","24.99","0","6","0","2","14.29","0","0.0","23.95",,"0","1","0","0","0.0","0",,,,"0","0","0","2026-04-18"
"wood floating shelves for wall","519","300","7977","61","0.76","100","33.33","0","0.0","27.99",,"6","44","23","18","6.0","0","0.0","29.99",,"0","11","3","1","0.33","0","0.0","36.99",,"0","1","0","2026-04-18"
"24x24 picture frame wood","662","26","1046","13","1.24","5","19.23","1","20.0","69.99","73.99","0","0","4","1","3.85","0","0.0","69.99",,"0","0","1","0","0.0","0",,,,"0","0","0","2026-04-18"
"8 inch wide wall bookshelves","400","6","340","14","4.12","3","50.0","2","66.67","24.99","24.99","0","3","0","0","0.0","0",,,,"0","0","0","0","0.0","0",,,,"0","0","0","2026-04-18"
"deep floating shelves for wall","539","433","11272","58","0.51","181","41.8","0","0.0","36.97",,"24","70","62","17","3.93","0","0.0","35.99",,"0","10","5","3","0.69","0","0.0","25.99",,"0","2","1","2026-04-18"
"linen closet shelves","670","804","20966","12","0.06","301","37.44","1","0.33","39.99","60.99","41","82","61","48","5.97","0","0.0","35.99",,"9","14","5","6","0.75","0","0.0","33.99",,"3","3","0","2026-04-18"
"5x7 frame with mat","321","782","21572","134","0.62","343","43.86","0","0.0","13.99",,"56","190","68","113","14.45","0","0.0","9.99",,"23","61","21","44","5.63","0","0.0","8.99",,"10","26","8","2026-04-18"
"60 inch live edge floating shelves","538","14","382","21","5.5","8","57.14","1","12.5","152.99","109.6","0","0","4","0","0.0","0",,,,"0","0","0","0","0.0","0",,,,"0","0","0","2026-04-18"
"8x10 brown rounded frame","254","2","43","1","2.33","2","100.0","1","50.0","17.99","17.99","0","2","0","2","100.0","1","50.0","17.99","17.99","0","2","0","0","0.0","0",,,,"0","0","0","2026-04-18"
"floating shelves kovascape","385","3","66","21","31.82","3","100.0","2","66.67","94.99","94.99","1","2","0","0","0.0","0",,,,"0","0","0","0","0.0","0",,,,"0","0","0","2026-04-18"
"8x10 teak frame","967","12","502","5","1.0","6","50.0","1","16.67","18.99","18.99","0","2","3","2","16.67","0","0.0","22.99",,"0","1","1","2","16.67","0","0.0","22.99",,"0","1","1","2026-04-18"
"5x7 wall frame","669","361","9959","12","0.12","147","40.72","1","0.68","13.49","17.99","18","88","30","46","12.74","0","0.0","8.99",,"8","27","9","15","4.16","0","0.0","7.99",,"3","11","1","2026-04-18"
"frame with mat for 24x36 print","595","32","772","17","2.2","13","40.63","1","7.69","57.99","81.99","0","1","3","2","6.25","0","0.0","49.99",,"0","0","2","0","0.0","0",,,,"0","0","0","2026-04-18"
"27 x40 matted frame","540","23","485","21","4.33","21","91.3","1","4.76","89.99",,"0","0","10","0","0.0","0",,,,"0","0","0","0","0.0","0",,,,"0","0","0","2026-04-18"
"8x10 picture frame","1","61953","1581845","1227","0.08","25649","41.4","15","0.06","11.99","17.99","4718","13774","4111","12214","19.71","4","0.03","9.99","17.99","2652","6587","1788","5446","8.79","3","0.06","7.99","17.99","1353","3063","698","2026-04-18"
"wide shelves for wall","603","159","3912","16","0.41","57","35.85","1","1.75","27.99","24.99","5","30","10","9","5.66","0","0.0","30.99",,"2","6","0","1","0.63","0","0.0","26.96",,"1","0","0","2026-04-18"
"wood shelf for bath","161","5","109","9","8.26","3","60.0","1","33.33","31.99","112.99","0","0","1","1","20.0","1","100.0","112.99","112.99","0","0","0","0","0.0","0",,,,"0","0","0","2026-04-18"
"24x36 frame","14","8810","245475","151","0.06","2941","33.38","3","0.1","44.99","76.99","12","674","918","908","10.31","2","0.22","42.99","76.99","0","237","285","284","3.22","1","0.35","42.74","83.99","0","94","102","2026-04-18"
"floating shelf brackets and hardware","783","848","20864","9","0.04","333","39.27","1","0.3","20.99","24.99","50","120","61","48","5.66","0","0.0","15.98",,"15","18","5","7","0.83","0","0.0","14.76",,"4","2","0","2026-04-18"
"18x24 rounded corners","571","10","221","18","8.14","8","80.0","1","12.5","56.99","49.99","0","0","8","1","10.0","0","0.0","44.99",,"0","0","1","0","0.0","0",,,,"0","0","0","2026-04-18"
"navy wide wall shelves","979","5","110","5","4.55","4","80.0","1","25.0","53.99","51.99","0","2","2","0","0.0","0",,,,"0","0","0","0","0.0","0",,,,"0","0","0","2026-04-18"
"wall picture frames","575","2225","64722","18","0.03","635","28.54","1","0.16","23.99","81.99","80","282","137","141","6.34","0","0.0","22.99",,"28","65","20","26","1.17","0","0.0","19.99",,"4","15","6","2026-04-18"
"floating bookshelf","576","3990","96910","55","0.06","1560","39.1","0","0.0","27.97",,"149","709","324","338","8.47","0","0.0","25.87",,"36","142","76","55","1.38","0","0.0","19.99",,"13","26","14","2026-04-18"
"light wood floating shelves","526","511","13447","60","0.45","229","44.81","0","0.0","29.99",,"6","120","52","50","9.78","0","0.0","28.99",,"0","27","11","11","2.15","0","0.0","27.89",,"0","6","2","2026-04-18"
"4x6 picture frame","277","34463","887183","188","0.02","11749","34.09","1","0.01","10.17","13.99","1522","6500","2204","5527","16.04","0","0.0","9.99",,"829","3087","964","2350","6.82","0","0.0","9.98",,"433","1414","318","2026-04-18"
"wide floating shelves 8 inch depth","520","9","199","24","12.06","8","88.89","1","12.5","24.99","24.99","0","0","0","0","0.0","0",,,,"0","0","0","0","0.0","0",,,,"0","0","0","2026-04-18"
"8.5 by 11 picture frame","12","9006","221797","269","0.12","4068","45.17","5","0.12","6.99","21.99","804","2114","637","2040","22.65","2","0.1","6.09","21.99","471","1065","287","1180","13.1","1","0.08","5.93","21.99","297","644","160","2026-04-18"
"floating shelf 8 inch deep","351","68","1575","73","4.63","37","54.41","1","2.7","21.84","24.99","6","17","2","9","13.24","0","0.0","18.35",,"1","6","0","4","5.88","0","0.0","29.99",,"0","4","0","2026-04-18"
"frame","90","13176","378999","219","0.06","2635","20.0","2","0.08","14.99","16.99","473","1148","383","693","5.26","1","0.14","9.99","16.99","156","337","85","264","2.0","0","0.0","9.49",,"72","154","21","2026-04-18"
"22x28 with matt frame","162","4","80","8","10.0","3","75.0","1","33.33","64.99","64.99","0","0","3","2","50.0","1","50.0","39.99","64.99","0","0","2","0","0.0","0",,,,"0","0","0","2026-04-18"
"frame 11x14","553","1032","31668","57","0.18","430","41.67","0","0.0","8.99",,"91","220","58","165","15.99","0","0.0","6.99",,"43","80","24","94","9.11","0","0.0","6.99",,"25","47","15","2026-04-18"
"2 tier decorative wall shelf 8” deep","386","19","422","20","4.74","14","73.68","2","14.29","27.99","24.99","0","0","8","0","0.0","0",,,,"0","0","0","0","0.0","0",,,,"0","0","0","2026-04-18"
"black shelf for wall 8 d by 14 w","165","4","88","8","9.09","3","75.0","1","33.33","23.99","24.99","0","2","1","2","50.0","1","50.0","23.99","24.99","0","1","1","0","0.0","0",,,,"0","0","0","2026-04-18"
"8 inch deep shelf","566","179","5034","56","1.11","75","41.9","0","0.0","36.99",,"8","12","21","13","7.26","0","0.0","32.99",,"1","2","5","6","3.35","0","0.0","19.99",,"1","0","4","2026-04-18"
"wooden frame rounded corners","845","16","366","7","1.91","5","31.25","1","20.0","29.99","25.99","1","3","0","0","0.0","0",,,,"0","0","0","0","0.0","0",,,,"0","0","0","2026-04-18"
"kitchen modern floating wall shelves wood","613","4","88","16","18.18","4","100.0","1","25.0","95.99","114.99","0","0","3","0","0.0","0",,,,"0","0","0","0","0.0","0",,,,"0","0","0","2026-04-18"
"shelf board 12 inch deep","871","5","97","7","7.22","3","60.0","1","33.33","32.89","24.99","0","1","1","1","20.0","0","0.0","58.49",,"0","0","1","0","0.0","0",,,,"0","0","0","2026-04-18"
"wall shelf 9 inches deep","814","26","688","8","1.16","16","61.54","1","6.25","29.99","24.99","0","6","3","5","19.23","0","0.0","29.82",,"0","1","0","1","3.85","0","0.0","44.99",,"0","0","0","2026-04-18"
"white floating shelves for wall 15 x 8","474","40","885","72","8.14","34","85.0","0","0.0","21.99",,"0","25","5","4","10.0","0","0.0","22.49",,"0","3","0","1","2.5","0","0.0","22.99",,"0","1","0","2026-04-18"
"closet wood shelves","746","296","7973","10","0.13","79","26.69","1","1.27","78.99","89.99","2","16","10","6","2.03","0","0.0","78.99",,"0","1","1","0","0.0","0",,,,"0","0","0","2026-04-18"
"cute metal wall shelf","331","7","410","14","3.41","4","57.14","3","75.0","24.99","24.99","0","1","0","0","0.0","0",,,,"0","0","0","0","0.0","0",,,,"0","0","0","2026-04-18"
"self for wall","961","54","1247","5","0.4","20","37.04","1","5.0","20.99","72.99","1","10","3","11","20.37","0","0.0","20.99",,"1","7","2","1","1.85","0","0.0","20.99",,"0","1","0","2026-04-18"
"whit oak picture frame 5x7","62","3","66","3","4.55","1","33.33","1","100.0","16.99","16.99","0","0","0","1","33.33","1","100.0","16.99","16.99","0","0","0","1","33.33","1","100.0","16.99","16.99","0","0","0","2026-04-18"
"live edge floating shelves 24 inch","105","45","1020","33","3.24","31","68.89","3","9.68","94.99","94.99","0","3","13","6","13.33","1","16.67","94.99","94.99","0","0","2","0","0.0","0",,,,"0","0","0","2026-04-18"
"wood fliating shelves with light ubderneath","830","4","88","8","9.09","4","100.0","1","25.0","112.99","112.99","0","0","2","1","25.0","0","0.0","134.41",,"0","0","1","0","0.0","0",,,,"0","0","0","2026-04-18"
"a3 frame","698","1441","41471","11","0.03","718","49.83","1","0.14","13.98","27.99","70","311","185","256","17.77","0","0.0","9.99",,"29","115","65","133","9.23","0","0.0","11.17",,"17","65","29","2026-04-18"
"8 10 picture frame","561","1264","31065","19","0.06","505","39.95","1","0.2","13.99","19.99","100","245","93","216","17.09","0","0.0","7.99",,"50","103","34","79","6.25","0","0.0","6.88",,"25","40","6","2026-04-18"
"rustic wooden wall shelves","681","271","5664","12","0.21","105","38.75","1","0.95","26.99","24.99","9","54","17","13","4.8","0","0.0","23.82",,"1","8","3","5","1.85","0","0.0","19.99",,"1","3","1","2026-04-18"
"22x28 picture frame","25","196","6544","50","0.76","82","41.84","1","1.22","32.99","64.99","0","19","34","28","14.29","1","3.57","29.99","64.99","0","7","8","11","5.61","1","9.09","30.95","64.99","0","1","5","2026-04-18"
"16 x 24 picture frame wood with 12 x 18 mat opening","146","8","196","14","7.14","4","50.0","1","25.0","37.5","44.61","1","0","1","2","25.0","1","50.0","36.89","44.61","1","0","0","1","12.5","0","0.0","36.89",,"1","0","0","2026-04-18"
"16x22 frame with mat","764","77","1928","9","0.47","41","53.25","1","2.44","29.72","45.99","0","6","21","10","12.99","0","0.0","25.99",,"0","4","6","5","6.49","0","0.0","25.99",,"0","2","3","2026-04-18"
"8 inch deep floating shelf","322","101","2716","59","2.17","52","51.49","2","3.85","36.99","24.99","1","19","10","6","5.94","0","0.0","22.99",,"0","4","1","2","1.98","0","0.0","16.99",,"0","2","0","2026-04-18"
"no hole shelves for wall","409","33","796","12","1.51","14","42.42","2","14.29","14.49","24.99","0","6","2","0","0.0","0",,,,"0","0","0","0","0.0","0",,,,"0","0","0","2026-04-18"
"frame with mat for signing","634","37","1011","14","1.38","23","62.16","1","4.35","27.98","27.99","0","8","6","5","13.51","0","0.0","23.99",,"0","2","1","1","2.7","0","0.0","11.99",,"0","1","0","2026-04-18"
"walnut 18""x 24"" poster frame with curved edges tempered glass","831","4","240","8","3.33","4","100.0","1","25.0","55.79","49.99","0","3","1","0","0.0","0",,,,"0","0","0","0","0.0","0",,,,"0","0","0","2026-04-18"
"12-15in wide shelves","264","1","59","1","1.69","1","100.0","1","100.0","26.99","26.99","0","1","0","1","100.0","1","100.0","26.99","26.99","0","1","0","0","0.0","0",,,,"0","0","0","2026-04-18"
"11x14 picture frame with mat museum glass","909","2","40","6","15.0","2","100.0","1","50.0","19.99","27.99","0","0","0","0","0.0","0",,,,"0","0","0","0","0.0","0",,,,"0","0","0","2026-04-18"
"dark wood shelves","445","546","13338","42","0.31","187","34.25","1","0.53","29.99","114.99","16","79","46","45","8.24","0","0.0","27.99",,"3","20","11","2","0.37","0","0.0","22.97",,"0","2","0","2026-04-18"
"large picture frame","292","2814","75218","172","0.23","779","27.68","0","0.0","28.49",,"84","270","195","207","7.36","0","0.0","24.99",,"37","80","42","40","1.42","0","0.0","24.99",,"9","15","9","2026-04-18"
"frames","288","25253","724317","181","0.02","5267","20.86","0","0.0","19.99",,"818","2308","882","1495","5.92","0","0.0","18.99",,"277","719","240","475","1.88","0","0.0","18.49",,"96","260","77","2026-04-18"
"16x24 wood frame with glass","673","65","1665","49","2.94","27","41.54","0","0.0","39.99",,"0","9","7","6","9.23","0","0.0","27.99",,"0","2","3","3","4.62","0","0.0","27.99",,"0","2","1","2026-04-18"
"picture frames 6x8 oak","160","3","180","9","5.0","6","200.0","1","16.67","18.99","18.99","0","0","0","3","100.0","1","33.33","18.99","18.99","0","0","0","0","0.0","0",,,,"0","0","0","2026-04-18"
"9x13 frame","440","361","10484","6","0.06","189","52.35","2","1.06","12.99","25.99","6","79","41","84","23.27","0","0.0","9.99",,"3","36","21","41","11.36","0","0.0","9.99",,"2","17","11","2026-04-18"
"frames for 11x14 pic with shadow bow","69","2","40","2","5.0","1","50.0","1","100.0","20.99","20.99","0","0","1","1","50.0","1","100.0","20.99","20.99","0","0","1","1","50.0","1","100.0","20.99","20.99","0","0","1","2026-04-18"
"3' w x 2' picture frame, solid oak wood frame with tempered real glass,","624","3","177","15","8.47","2","66.67","1","50.0","56.93","76.99","0","0","0","1","33.33","0","0.0","56.93",,"0","0","0","0","0.0","0",,,,"0","0","0","2026-04-18"
"6 ft floating shelves live edge","843","2","45","7","15.56","3","150.0","1","33.33","131.99","131.99","1","1","0","0","0.0","0",,,,"0","0","0","0","0.0","0",,,,"0","0","0","2026-04-18"
"6x8 picture frame wood","36","77","2220","10","0.45","31","40.26","1","3.23","8.99","16.99","4","20","5","13","16.88","1","7.69","8.99","16.99","1","10","0","6","7.79","1","16.67","8.99","16.99","1","4","0","2026-04-18"
"sturdy floating shelves for wall","956","44","1438","5","0.35","13","29.55","1","7.69","44.09","51.99","1","7","4","1","2.27","0","0.0","90.99",,"0","1","0","0","0.0","0",,,,"0","0","0","2026-04-18"
"floating shelves for wall","17","73358","1774138","295","0.02","24968","34.04","3","0.01","24.99","24.99","4157","10153","4912","4241","5.78","1","0.02","23.82","24.99","806","1755","808","807","1.1","1","0.12","20.99","24.99","228","365","121","2026-04-18"
"rustic wall shelves with bracket","1000","23","488","5","1.02","5","21.74","1","20.0","92.14","102.99","0","0","0","0","0.0","0",,,,"0","0","0","0","0.0","0",,,,"0","0","0","2026-04-18"
"27x40 matted to 24x36","685","20","502","12","2.39","12","60.0","1","8.33","56.79",,"0","2","0","4","20.0","0","0.0","44.99",,"0","2","0","0","0.0","0",,,,"0","0","0","2026-04-18"
"12x16 light wood frame","901","40","1188","6","0.51","26","65.0","1","3.85","12.59","25.99","0","8","6","9","22.5","0","0.0","12.59",,"0","3","2","6","15.0","0","0.0","12.59",,"0","2","1","2026-04-18"
"16x24 poster frame natural wood","657","21","456","13","2.85","5","23.81","1","20.0","59.99","45.99","1","0","3","0","0.0","0",,,,"0","0","0","0","0.0","0",,,,"0","0","0","2026-04-18"
"wood frame 8x10","88","329","9367","94","1.0","108","32.83","2","1.85","17.49","17.99","6","67","17","45","13.68","2","4.44","12.72","17.99","5","25","9","20","6.08","0","0.0","9.99",,"4","12","4","2026-04-18"
"customize picture frame with photo","448","241","5811","4","0.07","100","41.49","2","2.0","15.99","25.99","0","4","5","0","0.0","0",,,,"0","0","0","0","0.0","0",,,,"0","0","0","2026-04-18"
"8 inch deep shelves for wall","491","16","357","28","7.84","11","68.75","1","9.09","43.64","43.64","1","4","5","0","0.0","0",,,,"0","0","0","0","0.0","0",,,,"0","0","0","2026-04-18"
"repisa flotante de madera sólida 60 pulgadas","895","6","132","6","4.55","6","100.0","1","16.67","119.99","114.99","0","0","0","0","0.0","0",,,,"0","0","0","0","0.0","0",,,,"0","0","0","2026-04-18"
"small book shelves","593","301","8700","54","0.62","126","41.86","0","0.0","34.99",,"2","48","32","15","4.98","0","0.0","39.99",,"0","6","5","0","0.0","0",,,,"0","0","0","2026-04-18"
"extra shelves for cabinets","454","166","4734","3","0.06","74","44.58","2","2.7","21.99","27.99","4","22","11","3","1.81","0","0.0","55.51",,"0","0","2","0","0.0","0",,,,"0","0","0","2026-04-18"
"b08c2bc2lv","309","244","949","37","3.9","224","91.8","3","1.34","39.99","52.99","0","1","6","0","0.0","0",,,,"0","0","0","0","0.0","0",,,,"0","0","0","2026-04-18"
"shelves for wall decor","501","304","10587","27","0.26","92","30.26","1","1.09","24.98","24.99","9","30","28","23","7.57","0","0.0","27.1",,"4","7","7","2","0.66","0","0.0","17.99",,"1","1","0","2026-04-18"
"small wall shekves","76","3","108","1","0.93","1","33.33","1","100.0","24.99","24.99","0","1","0","1","33.33","1","100.0","24.99","24.99","0","1","0","1","33.33","1","100.0","24.99","24.99","0","1","0","2026-04-18"
"4 x 6 frame","522","537","18841","23","0.12","251","46.74","1","0.4","10.99","14.99","21","144","46","107","19.93","0","0.0","9.98",,"14","69","14","53","9.87","0","0.0","8.99",,"8","37","4","2026-04-18"
"bookshelf mount￼","994","6","134","5","3.73","7","116.67","1","14.29","29.97","44.99","0","0","0","1","16.67","0","0.0","29.97",,"0","0","0","0","0.0","0",,,,"0","0","0","2026-04-18"
"cornice","531","369","10521","60","0.57","81","21.95","0","0.0","37.99",,"4","23","19","3","0.81","0","0.0","29.99",,"0","2","0","0","0.0","0",,,,"0","0","0","2026-04-18"
"rustic shelf 12”","882","4","88","6","6.82","2","50.0","1","50.0","22.49","28.99","0","0","0","0","0.0","0",,,,"0","0","0","0","0.0","0",,,,"0","0","0","2026-04-18"
"black shelf","360","5067","125552","67","0.05","1449","28.6","1","0.07","44.98","24.99","116","423","227","423","8.35","0","0.0","42.42",,"43","116","64","48","0.95","0","0.0","20.99",,"15","15","6","2026-04-18"
"wood frame 5x7","133","168","4726","21","0.44","60","35.71","1","1.67","12.99","17.99","3","33","14","21","12.5","1","4.76","14.99","17.99","1","15","3","10","5.95","0","0.0","12.99",,"1","7","1","2026-04-18"
"12 inch deep floating shelves","333","249","7736","88","1.14","115","46.18","1","0.87","56.49","26.99","5","48","30","7","2.81","0","0.0","56.49",,"0","5","2","2","0.8","0","0.0","34.82",,"0","1","1","2026-04-18"
"extra large picture with 12x16 matte","816","5","111","8","7.21","3","60.0","1","33.33","22.99","28.99","1","1","1","0","0.0","0",,,,"0","0","0","0","0.0","0",,,,"0","0","0","2026-04-18"
"luxury picture frame wooden","267","7","135","1","0.74","4","57.14","1","25.0","18.99","16.99","0","0","2","1","14.29","1","100.0","16.99","16.99","0","0","1","0","0.0","0",,,,"0","0","0","2026-04-18"
"8 deep floating shelves","777","60","1438","9","0.63","41","68.33","1","2.44","29.82","24.99","2","22","11","4","6.67","0","0.0","27.99",,"0","2","2","1","1.67","0","0.0","52.99",,"0","0","1","2026-04-18"
"small shelf for wall","329","4101","104902","89","0.08","1597","38.94","1","0.06","14.99","24.99","191","823","315","363","8.85","0","0.0","12.99",,"51","184","62","101","2.46","0","0.0","11.99",,"23","53","17","2026-04-18"
"picture frames","13","124337","3426517","670","0.02","27313","21.97","9","0.03","18.95","20.99","3955","12053","4686","8833","7.1","2","0.02","16.99","20.99","1520","4084","1457","2504","2.01","0","0.0","15.99",,"545","1366","330","2026-04-18"
"5x7 with mat picture frame","986","58","1738","5","0.29","25","43.1","1","4.0","9.99","16.99","7","8","9","9","15.52","0","0.0","8.99",,"2","3","3","4","6.9","0","0.0","5.69",,"2","2","0","2026-04-18"
"picture mat 18x12","59","3","67","3","4.48","2","66.67","1","50.0","34.99","45.99","0","1","0","1","33.33","1","100.0","45.99","45.99","0","0","0","1","33.33","1","100.0","45.99","45.99","0","0","0","2026-04-18"
"28x 40 poster frame with mat","359","16","353","31","8.78","16","100.0","2","12.5","49.99","81.99","0","0","10","0","0.0","0",,,,"0","0","0","0","0.0","0",,,,"0","0","0","2026-04-18"
"white kitchen wall shelf","808","32","689","8","1.16","13","40.63","1","7.69","29.99","24.99","1","4","1","3","9.38","0","0.0","29.99",,"1","0","0","1","3.13","0","0.0","21.99",,"1","0","0","2026-04-18"
"wooden half round wall shelf 8inch depth wall mount","244","8","154","1","0.65","2","25.0","1","50.0","24.99","24.99","0","0","0","2","25.0","1","50.0","24.99","24.99","0","0","0","0","0.0","0",,,,"0","0","0","2026-04-18"
"hanging shelf","465","5368","138000","74","0.05","1629","30.35","0","0.0","19.99",,"207","706","319","349","6.5","0","0.0","19.99",,"45","139","70","56","1.04","0","0.0","19.99",,"14","27","8","2026-04-18"
"live edge floating shelves 55","154","2","44","10","22.73","2","100.0","1","50.0","131.99","131.99","0","2","0","1","50.0","1","100.0","131.99","131.99","0","1","0","0","0.0","0",,,,"0","0","0","2026-04-18"
"wooden 11x14 picture frame","34","45","930","11","1.18","22","48.89","1","4.55","14.99","20.99","4","12","3","10","22.22","1","10.0","14.99","20.99","1","7","1","4","8.89","1","25.0","8.99","20.99","0","4","0","2026-04-18"
"shelves on wall no drilling","475","191","5018","34","0.68","95","49.74","1","1.05","17.99","26.99","17","47","11","15","7.85","0","0.0","15.99",,"4","7","2","3","1.57","0","0.0","15.99",,"1","1","1","2026-04-18"
"12 by 16 brown picture frame","249","4","86","1","1.16","7","175.0","1","14.29","12.99","28.99","2","3","2","5","125.0","1","20.0","9.99","28.99","2","2","1","0","0.0","0",,,,"0","0","0","2026-04-18"
"shelf with no drilling","850","24","718","7","0.97","8","33.33","1","12.5","14.89","26.99","0","6","1","2","8.33","0","0.0","9.98",,"0","1","0","1","4.17","0","0.0","9.98",,"0","0","0","2026-04-18"
"wall frame","791","943","26296","46","0.17","179","18.98","0","0.0","22.99",,"20","83","31","36","3.82","0","0.0","17.99",,"5","21","3","9","0.95","0","0.0","23.99",,"1","7","0","2026-04-18"
"photo without frame","887","4","198","6","3.03","3","75.0","1","33.33","8.99","25.99","0","1","0","0","0.0","0",,,,"0","0","0","0","0.0","0",,,,"0","0","0","2026-04-18"
"kovascape 22x28","883","1","7","6","85.71","1","100.0","1","100.0","64.99","64.99","0","0","0","0","0.0","0",,,,"0","0","0","0","0.0","0",,,,"0","0","0","2026-04-18"
"shelf for wall no drilling","143","78","2138","15","0.7","37","47.44","1","2.7","19.94","24.99","5","15","5","11","14.1","1","9.09","23.99","24.99","2","6","1","2","2.56","0","0.0","11.29",,"1","1","0","2026-04-18"
"24x36 mat poster","191","7","146","5","3.42","5","71.43","1","20.0","83.99","83.99","0","4","1","3","42.86","1","33.33","83.99","83.99","0","2","1","0","0.0","0",,,,"0","0","0","2026-04-18"
"18x24 wood frame with anti glare glass","984","6","134","5","3.73","2","33.33","1","50.0","42.89","49.99","0","0","1","0","0.0","0",,,,"0","0","0","0","0.0","0",,,,"0","0","0","2026-04-18"
"16 x 20 frame","295","1463","52292","128","0.24","606","41.42","1","0.17","23.49","45.99","42","207","175","219","14.97","0","0.0","23.49",,"21","78","67","111","7.59","0","0.0","22.99",,"14","43","30","2026-04-18"
"heavy duty wall shelves with brackets","904","7","155","6","3.87","3","42.86","1","33.33","24.99","24.99","0","2","0","0","0.0","0",,,,"0","0","0","0","0.0","0",,,,"0","0","0","2026-04-18"
"26x34 frame with mat","827","26","630","8","1.27","13","50.0","1","7.69","59.99","83.99","0","1","5","1","3.85","0","0.0","44.99",,"0","0","0","0","0.0","0",,,,"0","0","0","2026-04-18"
"two photo frame wall","266","3","61","1","1.64","2","66.67","1","50.0","27.99","27.99","0","0","1","1","33.33","1","100.0","27.99","27.99","0","0","0","0","0.0","0",,,,"0","0","0","2026-04-18"
"black shelves 20x8","815","4","104","8","7.69","4","100.0","1","25.0","26.99","26.99","0","0","4","1","25.0","0","0.0","22.99",,"0","0","1","0","0.0","0",,,,"0","0","0","2026-04-18"
"4x6 picture frame for desk top","975","12","670","5","0.75","5","41.67","1","20.0","14.99","14.99","0","3","2","0","0.0","0",,,,"0","0","0","0","0.0","0",,,,"0","0","0","2026-04-18"
"flyjoe 12x16 picture frame, usa-sourced natural walnut wood photo frame with tempered glass, handcrafted rounded corner 12 x 16 wooden frame matted to 8.5x11 photos, horizontal or vertical wall mounting","193","4","89","4","4.49","2","50.0","1","50.0","26.99","26.99","0","0","2","1","25.0","1","100.0","26.99","26.99","0","0","1","0","0.0","0",,,,"0","0","0","2026-04-18"
"kitchen wall shelves","320","2060","51097","62","0.12","720","34.95","2","0.28","29.99","27.99","83","271","166","116","5.63","0","0.0","26.99",,"18","51","22","9","0.44","0","0.0","29.99",,"3","3","1","2026-04-18"
"matted 18x24 frame","835","31","672","7","1.04","12","38.71","1","8.33","30.99","64.99","0","6","1","2","6.45","0","0.0","30.99",,"0","1","0","1","3.23","0","0.0","40.24",,"0","1","0","2026-04-18"
"11x14 picture frame for table","799","68","1565","8","0.51","52","76.47","1","1.92","8.99","25.99","2","29","16","14","20.59","0","0.0","9.49",,"0","9","4","6","8.82","0","0.0","11.99",,"0","3","3","2026-04-18"
"large picture frames for wall","290","819","22687","62","0.27","234","28.57","3","1.28","35.49","67.99","17","77","69","68","8.3","0","0.0","31.99",,"7","24","17","7","0.85","0","0.0","34.99",,"1","0","4","2026-04-18"
"wooden photo frame","489","355","10012","67","0.67","102","28.73","0","0.0","15.99",,"10","50","18","31","8.73","0","0.0","15.99",,"5","21","1","10","2.82","0","0.0","15.99",,"1","8","0","2026-04-18"
"22x28+thin+narrow+wood+gallery+rounded+corner+1/2""+frame+beachwood","926","6","126","6","4.76","5","83.33","1","20.0","67.49","64.99","0","1","2","0","0.0","0",,,,"0","0","0","0","0.0","0",,,,"0","0","0","2026-04-18"
"wall mount shelves","594","1140","32799","54","0.16","404","35.44","0","0.0","29.99",,"60","164","84","67","5.88","0","0.0","20.99",,"16","30","14","17","1.49","0","0.0","19.99",,"4","10","2","2026-04-18"
"22x28 frame matted to 18x24 antireflective","847","7","140","7","5.0","6","85.71","1","16.67","51.29","64.99","0","3","2","0","0.0","0",,,,"0","0","0","0","0.0","0",,,,"0","0","0","2026-04-18"
"wall mounted shelf","373","1558","45274","61","0.13","476","30.55","1","0.21","24.99","72.99","65","171","97","75","4.81","0","0.0","19.99",,"18","25","14","19","1.22","0","0.0","19.99",,"5","10","4","2026-04-18"
"28x22 picture frame","382","208","5930","21","0.35","93","44.71","2","2.15","32.99","26.99","1","21","34","35","16.83","0","0.0","33.99",,"0","7","13","21","10.1","0","0.0","34.99",,"0","4","10","2026-04-18"
"bathroom wood shelves","806","241","5814","8","0.14","101","41.91","1","0.99","29.99","114.99","14","40","26","13","5.39","0","0.0","27.82",,"5","3","3","4","1.66","0","0.0","26.99",,"2","1","1","2026-04-18"
"floating shelves 36 inch","297","422","11532","126","1.09","255","60.43","1","0.39","55.99","114.99","1","68","100","49","11.61","0","0.0","57.79",,"0","14","18","17","4.03","0","0.0","57.79",,"0","6","5","2026-04-18"
"14x18 frame matted to 12x16","418","14","370","9","2.43","20","142.86","2","10.0","30.99","26.99","0","3","7","2","14.29","0","0.0","20.99",,"0","0","2","1","7.14","0","0.0","27.99",,"0","0","1","2026-04-18"
"live edge 48inch floating shelves","643","7","141","14","9.93","4","57.14","1","25.0","89.99","102.99","0","1","0","0","0.0","0",,,,"0","0","0","0","0.0","0",,,,"0","0","0","2026-04-18"
"wooden fram","725","18","581","10","1.72","6","33.33","1","16.67","13.95","27.99","0","5","1","1","5.56","0","0.0","13.95",,"0","1","0","0","0.0","0",,,,"0","0","0","2026-04-18"
"picture frame with glass","667","83","2545","13","0.51","26","31.33","1","3.85","21.99","25.99","1","10","6","3","3.61","0","0.0","32.99",,"0","1","1","0","0.0","0",,,,"0","0","0","2026-04-18"
"decorative wood shelf","952","78","1742","6","0.34","48","61.54","1","2.08","29.99","114.99","0","29","5","8","10.26","0","0.0","26.99",,"0","4","0","0","0.0","0",,,,"0","0","0","2026-04-18"
"shelf's","198","173","7760","4","0.05","41","23.7","1","2.44","25.99","24.99","2","9","12","12","6.94","1","8.33","26.0","24.99","0","3","3","1","0.58","0","0.0","21.99",,"0","1","0","2026-04-18"
"frame mattes to 22 x 28","869","6","133","7","5.26","5","83.33","1","20.0","59.99","64.99","0","0","2","0","0.0","0",,,,"0","0","0","0","0.0","0",,,,"0","0","0","2026-04-18"
"marlow glen frames","525","53","1482","23","1.55","11","20.75","1","9.09","19.99","48.99","1","5","2","2","3.77","0","0.0","34.19",,"0","2","0","0","0.0","0",,,,"0","0","0","2026-04-18"
"8x10 frame with mat 5x7 thin wood","503","9","199","26","13.07","6","66.67","1","16.67","20.69","17.99","2","4","0","0","0.0","0",,,,"0","0","0","0","0.0","0",,,,"0","0","0","2026-04-18"
"8x10 solid wood picture frames","139","68","1478","16","1.08","29","42.65","1","3.45","24.83","17.99","1","20","4","8","11.76","1","12.5","24.83","17.99","0","6","1","3","4.41","0","0.0","24.98",,"0","3","0","2026-04-18"
"36 inch floating shelves","83","1084","28437","335","1.18","533","49.17","6","1.13","52.19","114.99","18","169","176","78","7.2","1","1.28","49.0","114.99","0","23","27","29","2.68","0","0.0","47.97",,"0","7","12","2026-04-18"
"floating shelves 36 inches","696","26","783","11","1.4","15","57.69","1","6.67","51.97","114.99","0","3","4","1","3.85","0","0.0","51.97",,"0","0","0","0","0.0","0",,,,"0","0","0","2026-04-18"
"bedroom shelves for wall","125","1107","28338","39","0.14","399","36.04","1","0.25","24.69","24.99","76","168","92","78","7.05","1","1.28","21.99","24.99","11","35","15","12","1.08","0","0.0","21.99",,"3","8","0","2026-04-18"
"one natural wood floating shelves","821","4","89","8","8.99","1","25.0","1","100.0","114.99","114.99","0","0","0","0","0.0","0",,,,"0","0","0","0","0.0","0",,,,"0","0","0","2026-04-18"
"kovascape floating shelves","609","3","60","16","26.67","2","66.67","1","50.0","24.99","24.99","0","0","2","0","0.0","0",,,,"0","0","0","0","0.0","0",,,,"0","0","0","2026-04-18"
"walnut real wood frame to fit a picture 8x10 with mat","230","3","64","2","3.13","2","66.67","1","50.0","22.99","22.99","0","0","2","1","33.33","1","100.0","22.99","22.99","0","0","1","0","0.0","0",,,,"0","0","0","2026-04-18"
"deep floating shelves","494","1024","25682","65","0.25","446","43.55","0","0.0","36.97",,"35","173","127","50","4.88","0","0.0","39.82",,"5","21","7","15","1.46","0","0.0","56.49",,"2","5","4","2026-04-18"
"wall shelves for books","493","613","15823","28","0.18","223","36.38","1","0.45","29.97","24.99","18","96","63","44","7.18","0","0.0","29.97",,"4","22","9","6","0.98","0","0.0","29.97",,"0","4","2","2026-04-18"
"a4 picture frame","188","504","15583","5","0.03","252","50.0","1","0.4","9.99","21.99","17","126","46","89","17.66","1","1.12","7.99","21.99","6","55","14","47","9.33","0","0.0","6.99",,"5","29","7","2026-04-18"
"picture frame 5x7","131","1834","53137","24","0.05","686","37.4","1","0.15","9.99","16.99","93","393","131","264","14.39","1","0.38","8.49","16.99","49","152","43","126","6.87","0","0.0","7.99",,"28","76","19","2026-04-18"
"vintage wood frame no mat 8x10 set of 5 light brown","614","12","262","16","6.11","15","125.0","1","6.67","19.99","17.99","0","11","3","1","8.33","0","0.0","18.99",,"0","0","1","0","0.0","0",,,,"0","0","0","2026-04-18"
"22x28 frame","84","1849","49975","537","1.07","777","42.02","6","0.77","33.99","64.99","4","255","265","311","16.82","0","0.0","30.99",,"2","99","110","120","6.49","0","0.0","30.95",,"1","46","42","2026-04-18"
"live edge floating shelf 55 inches","209","1","33","3","9.09","6","600.0","1","16.67","129.99","131.99","0","0","0","4","400.0","1","25.0","131.99","131.99","0","0","0","0","0.0","0",,,,"0","0","0","2026-04-18"
"simple 11x14 picture frame","338","13","266","9","3.38","7","53.85","3","42.86","20.99","20.99","2","5","0","0","0.0","0",,,,"0","0","0","0","0.0","0",,,,"0","0","0","2026-04-18"
"deep floating shelf","534","313","8997","59","0.66","125","39.94","0","0.0","29.99",,"20","65","20","19","6.07","0","0.0","27.99",,"2","10","5","5","1.6","0","0.0","27.99",,"0","3","1","2026-04-18"
"wooden picture frame 26x37","51","4","132","4","3.03","1","25.0","1","100.0","81.99","81.99","0","0","1","1","25.0","1","100.0","81.99","81.99","0","0","1","1","25.0","1","100.0","81.99","81.99","0","0","1","2026-04-18"
"no punch wall shelves","330","15","319","14","4.39","8","53.33","3","37.5","24.99","24.99","0","0","0","0","0.0","0",,,,"0","0","0","0","0.0","0",,,,"0","0","0","2026-04-18"
"5x7 picture frame","94","38773","993686","167","0.02","15720","40.54","2","0.01","9.99","16.99","2236","9025","2734","7164","18.48","1","0.01","9.99","17.99","1256","4124","1149","3349","8.64","0","0.0","8.99",,"728","1953","461","2026-04-18"
"bookshelves for wall","760","592","16397","46","0.28","192","32.43","0","0.0","29.97",,"11","73","49","32","5.41","0","0.0","24.95",,"2","15","8","7","1.18","0","0.0","24.95",,"0","4","2","2026-04-18"
"wood frame real glass 18x24","842","16","357","7","1.96","21","131.25","1","4.76","45.99","49.99","0","8","11","1","6.25","0","0.0","52.99",,"0","0","1","0","0.0","0",,,,"0","0","0","2026-04-18"
"15 inch shelf","805","158","4153","8","0.19","71","44.94","1","1.41","24.99","24.99","7","35","8","14","8.86","0","0.0","21.99",,"4","5","2","9","5.7","0","0.0","26.99",,"3","4","1","2026-04-18"
"24x30 frame solid wood","225","3","65","2","3.08","4","133.33","1","25.0","59.99","73.99","0","0","1","4","133.33","1","25.0","59.99","73.99","0","0","1","0","0.0","0",,,,"0","0","0","2026-04-18"
"mango wood floating shelf 6 inch","675","11","234","12","5.13","6","54.55","1","16.67","59.99","112.99","0","2","2","0","0.0","0",,,,"0","0","0","0","0.0","0",,,,"0","0","0","2026-04-18"
"lego shelves","757","5276","120802","9","0.01","2078","39.39","1","0.05","35.99","51.99","199","891","272","380","7.2","0","0.0","35.99",,"35","166","57","70","1.33","0","0.0","35.99",,"9","41","12","2026-04-18"
"floating shelves for wall 16 inches long","911","21","652","6","0.92","13","61.9","1","7.69","26.96","24.99","1","5","2","2","9.52","0","0.0","23.82",,"1","0","1","1","4.76","0","0.0","39.99",,"0","0","1","2026-04-18"
"12 depth shelf with bracket","116","7","154","12","7.79","4","57.14","2","50.0","24.99","24.99","0","0","0","2","28.57","1","50.0","24.99","24.99","0","0","0","0","0.0","0",,,,"0","0","0","2026-04-18"
"home in bold no screw head board shelf","964","11","204","5","2.45","3","27.27","1","33.33","58.89","24.99","0","0","0","0","0.0","0",,,,"0","0","0","0","0.0","0",,,,"0","0","0","2026-04-18"
"wood shelves with gold brackets","699","54","1354","11","0.81","19","35.19","1","5.26","25.97","44.99","5","7","3","0","0.0","0",,,,"0","0","0","0","0.0","0",,,,"0","0","0","2026-04-18"
"floating shelves dark wood","573","121","3534","18","0.51","61","50.41","1","1.64","29.99","114.99","17","21","5","12","9.92","0","0.0","31.46",,"4","3","2","4","3.31","0","0.0","31.46",,"0","2","1","2026-04-18"
"16 x 24 matted frame","886","44","1148","6","0.52","22","50.0","1","4.55","43.69","45.99","0","3","9","3","6.82","0","0.0","34.99",,"0","1","1","1","2.27","0","0.0","34.99",,"0","1","0","2026-04-18"
"bookshelf wall mount","543","485","12797","58","0.45","145","29.9","0","0.0","29.97",,"19","64","24","26","5.36","0","0.0","24.98",,"5","9","6","5","1.03","0","0.0","18.99",,"2","1","2","2026-04-18"
"black floating shelf","567","1330","36238","56","0.15","562","42.26","0","0.0","26.99",,"55","249","128","128","9.62","0","0.0","24.99",,"16","53","34","47","3.53","0","0.0","20.99",,"9","24","9","2026-04-18"
"floating shelves for wall no drilling","623","663","16425","15","0.09","319","48.11","1","0.31","19.99","24.99","62","118","69","43","6.49","0","0.0","16.98",,"11","15","7","7","1.06","0","0.0","16.98",,"3","2","1","2026-04-18"
"book shelf","93","218551","5549958","232","0.0","55520","25.4","1","0.0","56.85","24.99","2462","12273","9542","11490","5.26","1","0.01","56.0","24.99","618","2615","1951","1181","0.54","0","0.0","40.98",,"129","344","210","2026-04-18"
"11x14 extra dark brown wood frame","542","24","532","21","3.95","30","125.0","1","3.33","14.99","23.99","2","20","7","7","29.17","0","0.0","19.99",,"1","3","2","0","0.0","0",,,,"0","0","0","2026-04-18"
"8x10 wedding picture frame","228","300","8620","2","0.02","141","47.0","1","0.71","23.99","17.99","5","80","28","40","13.33","1","2.5","22.99","17.99","2","26","9","12","4.0","0","0.0","19.99",,"2","6","3","2026-04-18"
"closet heavy duty shelf 24 "" by 16""","853","13","281","7","2.49","3","23.08","1","33.33","89.99","51.99","0","0","0","0","0.0","0",,,,"0","0","0","0","0.0","0",,,,"0","0","0","2026-04-18"
"photo frames with stand","959","26","1007","5","0.5","9","34.62","1","11.11","16.14","20.99","2","5","0","1","3.85","0","0.0","7.58",,"0","1","0","0","0.0","0",,,,"0","0","0","2026-04-18"
"16 x 20 picture frame","293","4968","144420","170","0.12","1933","38.91","0","0.0","23.99",,"98","644","601","760","15.3","0","0.0","23.49",,"63","251","255","293","5.9","0","0.0","22.99",,"39","109","92","2026-04-18"
"ikea wall shelf","544","217","6036","21","0.35","81","37.33","1","1.23","59.99","24.99","1","19","29","32","14.75","0","0.0","59.99",,"0","7","9","1","0.46","0","0.0","59.99",,"0","1","0","2026-04-18"
"wood frame glass 8x10 5x7 mat","514","17","380","24","6.32","10","58.82","1","10.0","28.97","18.99","0","3","4","1","5.88","0","0.0","28.99",,"0","0","0","1","5.88","0","0.0","28.99",,"0","0","0","2026-04-18"
"11x14 picture frame with mat","2","5534","144180","2012","1.4","2294","41.45","17","0.74","18.99","20.99","341","1092","520","754","13.62","6","0.8","16.19","20.99","144","352","164","287","5.19","0","0.0","15.19",,"66","145","54","2026-04-18"
"12 inch floating shelves","858","227","6503","44","0.68","108","47.58","0","0.0","28.77",,"17","59","19","14","6.17","0","0.0","29.99",,"1","10","3","5","2.2","0","0.0","19.99",,"0","3","2","2026-04-18"
"heavy duty shelving","678","5927","172001","12","0.01","2640","44.54","1","0.04","69.99","51.99","61","271","253","316","5.33","0","0.0","59.99",,"9","37","32","77","1.3","0","0.0","89.99",,"5","14","9","2026-04-18"
"real wood floating shelf","394","71","2327","17","0.73","38","53.52","2","5.26","69.99","89.99","0","9","17","4","5.63","0","0.0","45.99",,"0","1","2","1","1.41","0","0.0","85.49",,"0","0","1","2026-04-18"
"floating wood shelves 4ft","427","9","199","8","4.02","3","33.33","2","66.67","114.99","114.99","0","1","1","0","0.0","0",,,,"0","0","0","0","0.0","0",,,,"0","0","0","2026-04-18"
"wood shelves","119","6724","176238","263","0.15","2048","30.46","2","0.1","29.99","85.38","231","671","394","326","4.85","0","0.0","29.99",,"37","122","53","38","0.57","0","0.0","29.99",,"7","22","8","2026-04-18"
"shelves with brackets","357","252","6508","31","0.48","88","34.92","2","2.27","24.99","24.99","13","35","27","7","2.78","0","0.0","23.99",,"1","5","1","2","0.79","0","0.0","19.99",,"0","2","0","2026-04-18"
"walnut live edge floating shelves","569","33","1010","55","5.45","15","45.45","0","0.0","109.99",,"0","2","4","5","15.15","0","0.0","79.99",,"0","1","2","0","0.0","0",,,,"0","0","0","2026-04-18"
"white wall shelves for living room","250","10","521","1","0.19","2","20.0","1","50.0","24.99","24.99","0","1","1","2","20.0","1","50.0","24.99","24.99","0","1","1","0","0.0","0",,,,"0","0","0","2026-04-18"
"long floating shelves for wall","348","1290","31552","116","0.37","534","41.4","0","0.0","54.99",,"27","160","164","94","7.29","0","0.0","52.99",,"7","29","30","12","0.93","0","0.0","39.98",,"1","3","7","2026-04-18"
"industrial grey wood floating shelves","651","5","112","13","11.61","3","60.0","1","33.33","36.99","28.99","0","0","3","0","0.0","0",,,,"0","0","0","0","0.0","0",,,,"0","0","0","2026-04-18"
"large tan picture frames","870","7","147","7","4.76","4","57.14","1","25.0","21.99","45.99","0","1","2","0","0.0","0",,,,"0","0","0","0","0.0","0",,,,"0","0","0","2026-04-18"
"rustic wood wall shelf with brackets","598","14","310","17","5.48","7","50.0","1","14.29","57.99","24.99","0","0","1","0","0.0","0",,,,"0","0","0","0","0.0","0",,,,"0","0","0","2026-04-18"
"heavy duty shelves","411","1958","52957","48","0.09","753","38.46","1","0.13","63.99","51.99","42","54","78","117","5.98","0","0.0","64.99",,"10","6","17","29","1.48","0","0.0","53.99",,"3","1","3","2026-04-18"
"18 by 24 poster frame unfinished","46","4","240","4","1.67","4","100.0","1","25.0","36.99","49.99","0","2","2","1","25.0","1","100.0","49.99","49.99","0","1","0","1","25.0","1","100.0","49.99","49.99","0","1","0","2026-04-18"
"wall mounted bookshelf","307","2649","66310","114","0.17","926","34.96","1","0.11","39.99","44.99","48","371","228","145","5.47","0","0.0","37.99",,"6","61","37","18","0.68","0","0.0","27.1",,"1","12","3","2026-04-18"
"12x6.5” wall shelf","342","3","66","8","12.12","3","100.0","3","100.0","24.99","24.99","2","1","0","0","0.0","0",,,,"0","0","0","0","0.0","0",,,,"0","0","0","2026-04-18"
"12 x 12 shelf kitchen","625","13","290","15","5.17","14","107.69","1","7.14","27.99","24.99","0","0","7","0","0.0","0",,,,"0","0","0","0","0.0","0",,,,"0","0","0","2026-04-18"
"bathroom shelf","512","22701","568422","25","0.0","7514","33.1","1","0.01","26.99","24.99","1090","3071","1351","1557","6.86","0","0.0","24.64",,"258","667","264","297","1.31","0","0.0","22.99",,"62","147","39","2026-04-18"
"poster frame","442","7274","216865","43","0.02","1747","24.02","1","0.06","28.49","25.99","165","691","492","521","7.16","0","0.0","28.49",,"56","219","150","163","2.24","0","0.0","28.49",,"19","74","47","2026-04-18"
"24x30 wood picture frame","676","23","513","12","2.34","22","95.65","1","4.55","42.99","73.99","0","2","2","2","8.7","0","0.0","33.75",,"0","0","0","0","0.0","0",,,,"0","0","0","2026-04-18"
"18 x 24 matted frame","868","86","2385","7","0.29","34","39.53","1","2.94","34.99","64.99","0","14","13","12","13.95","0","0.0","34.99",,"0","7","3","7","8.14","0","0.0","34.99",,"0","5","2","2026-04-18"
"8.5 by 10 frame","261","5","147","1","0.68","2","40.0","1","50.0","8.29","21.99","0","1","0","1","20.0","1","100.0","21.99","21.99","0","0","0","0","0.0","0",,,,"0","0","0","2026-04-18"
"light/medium warm wood and simple bracket shelf","439","7","124","6","4.84","3","42.86","2","66.67","24.99","24.99","0","0","0","0","0.0","0",,,,"0","0","0","0","0.0","0",,,,"0","0","0","2026-04-18"
"16 x 24 wooden frame no mat","942","3","99","6","6.06","3","100.0","1","33.33","45.99","45.99","0","0","0","0","0.0","0",,,,"0","0","0","0","0.0","0",,,,"0","0","0","2026-04-18"
"wood floating shelves oak walnut maple","481","321","7744","69","0.89","133","41.43","0","0.0","39.99",,"13","42","38","9","2.8","0","0.0","29.99",,"2","0","5","4","1.25","0","0.0","26.99",,"2","0","2","2026-04-18"
"84 inch live edge shelf","750","5","110","10","9.09","3","60.0","1","33.33","158.29","131.99","0","1","1","1","20.0","0","0.0","158.29",,"0","0","1","0","0.0","0",,,,"0","0","0","2026-04-18"
"wall mount bookshelf heavy duty white","902","8","142","6","4.23","8","100.0","1","12.5","22.97","24.99","0","6","2","0","0.0","0",,,,"0","0","0","0","0.0","0",,,,"0","0","0","2026-04-18"
"large size frame","752","64","1369","10","0.73","8","12.5","1","12.5","46.99","81.99","0","4","0","0","0.0","0",,,,"0","0","0","0","0.0","0",,,,"0","0","0","2026-04-18"
"18x24 frame","6","18306","480383","238","0.05","6655","36.35","7","0.11","28.49","49.99","338","2142","2275","2620","14.31","2","0.08","28.49","49.99","164","902","918","1200","6.56","2","0.17","27.08","49.99","88","478","433","2026-04-18"
"22 x 28 frame real natural wood","181","6","360","6","1.67","5","83.33","1","20.0","64.99","64.99","0","0","0","1","16.67","1","100.0","64.99","64.99","0","0","0","0","0.0","0",,,,"0","0","0","2026-04-18"
"live edge wood heavy duty floating shelves","325","5","110","20","18.18","4","80.0","3","75.0","122.35","131.99","0","0","2","0","0.0","0",,,,"0","0","0","0","0.0","0",,,,"0","0","0","2026-04-18"
"11x14 light oak frame","653","11","417","13","3.12","7","63.64","1","14.29","20.99","20.99","1","5","0","2","18.18","0","0.0","8.99",,"0","1","0","1","9.09","0","0.0","8.99",,"0","1","0","2026-04-18"
"16x13 frame","429","85","2170","8","0.37","37","43.53","2","5.41","21.99","28.99","0","15","5","7","8.24","0","0.0","9.99",,"0","4","1","4","4.71","0","0.0","9.99",,"0","2","1","2026-04-18"
"48 in walnut floating shelves 8 inch depth live edge","473","8","175","35","20.0","6","75.0","1","16.67","102.99","102.99","0","1","5","0","0.0","0",,,,"0","0","0","0","0.0","0",,,,"0","0","0","2026-04-18"
"11 in rustic brown shelf","983","5","111","5","4.5","3","60.0","1","33.33","30.99","24.99","0","2","0","0","0.0","0",,,,"0","0","0","0","0.0","0",,,,"0","0","0","2026-04-18"
"matted 11x14 picture frame","509","105","2449","25","1.02","55","52.38","1","1.82","22.99","27.99","6","23","16","14","13.33","0","0.0","19.99",,"3","6","3","6","5.71","0","0.0","8.99",,"2","1","1","2026-04-18"
"dark brown frame 16x20","192","11","274","4","1.46","31","281.82","1","3.23","39.99","49.99","0","6","17","26","236.36","1","3.85","39.99","49.99","0","5","14","1","9.09","0","0.0","26.99",,"0","0","1","2026-04-18"
"6x8 photo frame","517","140","3721","24","0.64","54","38.57","1","1.85","9.99","16.99","0","38","11","19","13.57","0","0.0","9.99",,"0","12","5","9","6.43","0","0.0","6.79",,"0","6","3","2026-04-18"
"floating renter friendly shelves","216","31","749","3","0.4","11","35.48","1","9.09","20.8","28.99","1","5","3","3","9.68","1","33.33","16.99","28.99","0","1","1","1","3.23","0","0.0","16.99",,"0","1","0","2026-04-18"
"12 inch floating shelf","612","442","12000","53","0.44","198","44.8","0","0.0","23.99",,"36","105","25","27","6.11","0","0.0","16.99",,"3","19","1","6","1.36","0","0.0","15.99",,"2","4","0","2026-04-18"
"8x10 bamboo picture frame","648","59","1789","14","0.78","19","32.2","1","5.26","23.19","17.99","0","4","12","6","10.17","0","0.0","25.99",,"0","1","3","1","1.69","0","0.0","26.99",,"0","1","0","2026-04-18"
"24 wide and 8 in deep wall shelves gold","906","6","132","6","4.55","5","83.33","1","20.0","43.99","44.99","0","0","1","0","0.0","0",,,,"0","0","0","0","0.0","0",,,,"0","0","0","2026-04-18"
"heavy wide duty all wood floating shelves","362","29","625","30","4.8","12","41.38","2","16.67","78.99","28.99","0","5","0","0","0.0","0",,,,"0","0","0","0","0.0","0",,,,"0","0","0","2026-04-18"
"matted to 18x24","344","20","796","7","0.88","15","75.0","3","20.0","60.99","64.99","0","4","2","3","15.0","0","0.0","33.99",,"0","0","1","0","0.0","0",,,,"0","0","0","2026-04-18"
"shelf for bedroom","583","3257","79419","18","0.02","799","24.53","1","0.13","42.99","24.99","66","196","115","193","5.93","0","0.0","45.99",,"17","42","29","14","0.43","0","0.0","25.99",,"3","5","2","2026-04-18"
"18x24 frame rounded wood","256","2","41","1","2.44","3","150.0","1","33.33","44.99","49.99","0","0","3","3","150.0","1","33.33","44.99","49.99","0","0","3","0","0.0","0",,,,"0","0","0","2026-04-18"
"floating shelves 36 inches long","738","112","3612","47","1.3","75","66.96","0","0.0","57.79",,"1","23","39","12","10.71","0","0.0","57.79",,"0","5","6","1","0.89","0","0.0","47.97",,"0","1","0","2026-04-18"
"11x14 light wood picture frame","602","20","539","17","3.15","12","60.0","1","8.33","22.99","23.99","0","4","4","2","10.0","0","0.0","22.99",,"0","1","0","0","0.0","0",,,,"0","0","0","2026-04-18"
"large wall shelf","431","483","13701","45","0.33","180","37.27","1","0.56","31.27","51.99","18","69","49","37","7.66","0","0.0","32.99",,"4","13","10","1","0.21","0","0.0","29.99",,"1","0","0","2026-04-18"
"solid oak walnut 8x10 frames","189","12","261","5","1.92","5","41.67","1","20.0","14.99","22.99","0","5","0","1","8.33","1","100.0","22.99","22.99","0","1","0","0","0.0","0",,,,"0","0","0","2026-04-18"
"kitchen wall shelves organizers","985","10","215","5","2.33","5","50.0","1","20.0","28.99","28.99","0","3","1","1","10.0","0","0.0","26.99",,"0","0","0","0","0.0","0",,,,"0","0","0","2026-04-18"
"4x6 wooden picture frames","626","196","5205","15","0.29","89","45.41","1","1.12","17.99","16.99","5","49","24","36","18.37","0","0.0","17.69",,"1","21","10","14","7.14","0","0.0","17.69",,"0","10","2","2026-04-18"
"frame photo","770","137","3023","9","0.3","25","18.25","1","4.0","14.99","17.99","4","10","0","5","3.65","0","0.0","14.39",,"1","1","0","1","0.73","0","0.0","3.99",,"0","1","0","2026-04-18"
"frame for 4x6 photo","922","21","757","6","0.79","9","42.86","1","11.11","15.98","13.99","0","2","1","0","0.0","0",,,,"0","0","0","0","0.0","0",,,,"0","0","0","2026-04-18"
"8x10 photo frame with matt","733","9","500","10","2.0","9","100.0","1","11.11","17.99","17.99","1","4","3","2","22.22","0","0.0","7.98",,"0","0","2","0","0.0","0",,,,"0","0","0","2026-04-18"
"custom frames for artwork","482","269","9615","31","0.32","96","35.69","1","1.04","39.99","25.99","4","4","3","3","1.12","0","0.0","8.99",,"0","1","0","1","0.37","0","0.0","43.67",,"0","0","0","2026-04-18"
"metal bookshelf on wall 1 foot deep","776","9","198","9","4.55","6","66.67","1","16.67","38.99","24.99","0","0","3","0","0.0","0",,,,"0","0","0","0","0.0","0",,,,"0","0","0","2026-04-18"
"floating shelves 12 inches deep","294","345","9653","92","0.95","158","45.8","2","1.27","42.99","24.99","9","68","46","19","5.51","0","0.0","37.99",,"1","10","5","6","1.74","0","0.0","39.97",,"0","2","3","2026-04-18"
"wood shelving","574","548","16491","55","0.33","123","22.45","0","0.0","49.99",,"19","29","26","16","2.92","0","0.0","50.99",,"1","2","2","1","0.18","0","0.0","56.09",,"1","0","0","2026-04-18"
"mcm floating shelves","223","41","1237","2","0.16","17","41.46","1","5.88","40.49","48.99","0","8","7","8","19.51","1","12.5","48.99","48.99","0","4","3","0","0.0","0",,,,"0","0","0","2026-04-18"
"solid wood shelf over the toilet","647","14","258","14","5.43","5","35.71","1","20.0","69.99","112.99","2","0","1","0","0.0","0",,,,"0","0","0","0","0.0","0",,,,"0","0","0","2026-04-18"
"16x20 matted to 8x10","697","414","17455","48","0.27","88","21.26","0","0.0","38.69",,"0","13","22","20","4.83","0","0.0","38.49",,"0","4","6","5","1.21","0","0.0","35.99",,"0","2","1","2026-04-18"
"16.54 x 11.02 frame a2","259","17","373","1","0.27","14","82.35","1","7.14","25.99","20.99","2","6","4","7","41.18","1","14.29","26.59","20.99","2","2","1","0","0.0","0",,,,"0","0","0","2026-04-18"
"large photo frame","552","567","15526","20","0.13","163","28.75","1","0.61","32.99","48.59","20","60","39","34","6.0","0","0.0","28.49",,"8","11","7","5","0.88","0","0.0","27.99",,"2","0","1","2026-04-18"
"wood picture frames","375","2043","57350","98","0.17","678","33.19","0","0.0","22.99",,"51","326","171","184","9.01","0","0.0","21.99",,"14","93","44","30","1.47","0","0.0","18.99",,"3","20","3","2026-04-18"
"12 deep shelves","721","84","1773","11","0.62","31","36.9","1","3.23","44.99","24.99","3","9","5","1","1.19","0","0.0","29.99",,"0","0","1","0","0.0","0",,,,"0","0","0","2026-04-18"
"two shelf book case wall","444","3","66","5","7.58","2","66.67","2","100.0","24.99","24.99","0","2","0","0","0.0","0",,,,"0","0","0","0","0.0","0",,,,"0","0","0","2026-04-18"
"shelves for kitchen￼ to put on the wall￼","664","13","287","13","4.53","11","84.62","1","9.09","22.99","24.99","2","8","1","0","0.0","0",,,,"0","0","0","0","0.0","0",,,,"0","0","0","2026-04-18"
"black wall shelves 9 inches deep, 12 inches wide","810","4","235","8","3.4","2","50.0","1","50.0","24.99","24.99","0","0","2","0","0.0","0",,,,"0","0","0","0","0.0","0",,,,"0","0","0","2026-04-18"
"12x16 frame with mat","397","1253","33258","89","0.27","538","42.94","0","0.0","19.41",,"47","262","126","137","10.93","0","0.0","18.99",,"11","71","37","56","4.47","0","0.0","17.99",,"5","30","14","2026-04-18"
"16x24 frame wood","563","141","4552","19","0.42","59","41.84","1","1.69","28.99","45.99","0","21","24","21","14.89","0","0.0","27.99",,"0","10","7","9","6.38","0","0.0","27.99",,"0","3","4","2026-04-18"
"large floating shelves for wall heavy duty","800","66","1767","8","0.45","12","18.18","1","8.33","56.49","24.99","0","7","3","2","3.03","0","0.0","46.47",,"0","1","1","0","0.0","0",,,,"0","0","0","2026-04-18"
"wood frames with glasss","196","2","120","4","3.33","2","100.0","1","50.0","19.88","25.99","0","2","0","2","100.0","1","50.0","19.88","25.99","0","2","0","0","0.0","0",,,,"0","0","0","2026-04-18"
"live edge fliating shelving with brackets","305","39","858","78","9.09","13","33.33","2","15.38","129.99","131.99","0","0","9","0","0.0","0",,,,"0","0","0","0","0.0","0",,,,"0","0","0","2026-04-18"
"2 shelves 30x10","864","8","174","7","4.02","4","50.0","1","25.0","20.99","24.99","0","0","0","0","0.0","0",,,,"0","0","0","0","0.0","0",,,,"0","0","0","2026-04-18"
"kitchen shelves wall mounted 12 inch deep","656","6","208","13","6.25","5","83.33","1","20.0","53.99","51.99","0","0","3","1","16.67","0","0.0","56.49",,"0","0","1","0","0.0","0",,,,"0","0","0","2026-04-18"
"anti glare picture frame","414","52","1285","10","0.78","14","26.92","2","14.29","45.99","81.99","0","5","4","1","1.92","0","0.0","87.99",,"0","0","1","1","1.92","0","0.0","87.99",,"0","0","1","2026-04-18"
"self","527","4600","100760","60","0.06","168","3.65","0","0.0","35.99",,"7","49","28","38","0.83","0","0.0","18.99",,"0","13","4","4","0.09","0","0.0","0.0",,"0","1","0","2026-04-18"
"slim wood shelves for wall","736","4","82","10","12.2","1","25.0","1","100.0","89.99","89.99","0","0","0","0","0.0","0",,,,"0","0","0","0","0.0","0",,,,"0","0","0","2026-04-18"
"high weight capacity wall shelves","483","52","1172","31","2.65","14","26.92","1","7.14","45.99","72.99","0","4","6","4","7.69","0","0.0","33.98",,"0","2","0","0","0.0","0",,,,"0","0","0","2026-04-18"
"rustic gray floating shelves","707","18","413","11","2.66","17","94.44","1","5.88","26.99","27.99","0","8","8","6","33.33","0","0.0","23.99",,"0","1","4","0","0.0","0",,,,"0","0","0","2026-04-18"
"b09x3x9nft","272","365","4195","258","6.15","0","0.0","0",,,,"0","0","0","0","0.0","0",,,,"0","0","0","0","0.0","0",,,,"0","0","0","2026-04-18"
"tablas para pared flotante anchas","719","18","402","11","2.74","17","94.44","1","5.88","39.99","48.99","1","1","12","1","5.56","0","0.0","15.99",,"1","0","0","0","0.0","0",,,,"0","0","0","2026-04-18"
"12x16 solid oak frame thick","58","1","60","3","5.0","1","100.0","1","100.0","25.99","25.99","0","1","0","1","100.0","1","100.0","25.99","25.99","0","1","0","1","100.0","1","100.0","25.99","25.99","0","1","0","2026-04-18"
"44 inch live edge floating shelves","682","4","88","12","13.64","1","25.0","1","100.0","102.99","102.99","0","0","0","0","0.0","0",,,,"0","0","0","0","0.0","0",,,,"0","0","0","2026-04-18"
"kovascape picture frames 8x10 picture frame solid walnut wood picture","37","2","40","8","20.0","1","50.0","1","100.0","22.99","22.99","0","1","0","1","50.0","1","100.0","22.99","22.99","0","1","0","1","50.0","1","100.0","22.99","22.99","0","1","0","2026-04-18"
"14” wood shelf","861","7","154","7","4.55","5","71.43","1","20.0","39.97","89.99","0","0","0","0","0.0","0",,,,"0","0","0","0","0.0","0",,,,"0","0","0","2026-04-18"
"20x28 picture frame natural wood","234","14","312","2","0.64","13","92.86","1","7.69","64.99","64.99","0","2","10","10","71.43","1","10.0","64.99","64.99","0","2","8","0","0.0","0",,,,"0","0","0","2026-04-18"
"floating shelves for wall 12 inch deep","112","96","2394","21","0.88","64","66.67","2","3.13","39.99","24.99","5","24","16","11","11.46","1","9.09","35.99","24.99","0","6","1","4","4.17","0","0.0","29.99",,"0","3","0","2026-04-18"
"12"" deep wood shelf","179","8","206","6","2.91","1","12.5","1","100.0","24.99","24.99","0","0","1","1","12.5","1","100.0","24.99","24.99","0","0","1","0","0.0","0",,,,"0","0","0","2026-04-18"
"22 x 28 frame","556","397","12563","19","0.15","163","41.06","1","0.61","32.99","67.99","0","46","62","60","15.11","0","0.0","30.95",,"0","19","24","28","7.05","0","0.0","30.99",,"0","10","12","2026-04-18"
"natural wood and black metal shelves","184","2","44","6","13.64","2","100.0","1","50.0","22.97","63.99","0","1","0","2","100.0","1","50.0","22.97","63.99","0","1","0","0","0.0","0",,,,"0","0","0","2026-04-18"
"black wall shelf","87","1310","33414","204","0.61","473","36.11","6","1.27","23.99","44.99","62","195","102","109","8.32","1","0.92","23.99","24.99","12","50","21","22","1.68","0","0.0","20.99",,"2","14","1","2026-04-18"
"rustic white shelf for wall","749","16","345","10","2.9","11","68.75","1","9.09","34.99","48.99","0","2","6","2","12.5","0","0.0","17.95",,"0","0","1","0","0.0","0",,,,"0","0","0","2026-04-18"
"12 in wide shelf","152","63","1696","12","0.71","30","47.62","1","3.33","36.99","24.99","4","7","4","5","7.94","1","20.0","28.99","24.99","0","1","2","1","1.59","0","0.0","35.98",,"0","1","0","2026-04-18"
"8x10 picture frame with mat","104","3768","99094","116","0.12","1617","42.91","1","0.06","14.99","22.99","300","859","294","552","14.65","1","0.18","9.99","22.99","133","278","92","232","6.16","0","0.0","7.98",,"62","126","24","2026-04-18"
"floating wood shelves","324","1996","52724","95","0.18","832","41.68","1","0.12","32.99","114.99","92","340","193","117","5.86","0","0.0","29.99",,"8","63","27","18","0.9","0","0.0","33.99",,"3","8","5","2026-04-18"
"wood frame 18x24","532","83","2786","23","0.83","52","62.65","1","1.92","41.39","49.99","0","12","26","8","9.64","0","0.0","34.99",,"0","4","3","2","2.41","0","0.0","28.99",,"0","0","2","2026-04-18"
"27.5 in by 21.5 in frame","255","19","355","1","0.28","15","78.95","1","6.67","49.99","67.99","0","0","1","10","52.63","1","10.0","58.99","67.99","0","0","1","0","0.0","0",,,,"0","0","0","2026-04-18"
"gold24x36 picture frames","905","18","384","6","1.56","10","55.56","1","10.0","34.99","28.99","0","0","0","5","27.78","0","0.0","40.99",,"0","0","0","1","5.56","0","0.0","49.99",,"0","0","0","2026-04-18"
"underlit floating wood shelf","270","4","89","1","1.12","3","75.0","1","33.33","114.99","114.99","0","0","2","1","25.0","1","100.0","114.99","114.99","0","0","1","0","0.0","0",,,,"0","0","0","2026-04-18"
"50x70 poster frame","762","26","703","9","1.28","14","53.85","1","7.14","33.99","67.99","0","6","7","1","3.85","0","0.0","76.99",,"0","0","1","1","3.85","0","0.0","76.99",,"0","0","1","2026-04-18"
"small wall shelves","15","1608","43284","252","0.58","672","41.79","5","0.74","16.99","24.99","109","331","94","131","8.15","1","0.76","16.14","24.99","19","69","18","41","2.55","1","2.44","15.99","24.99","5","26","5","2026-04-18"
"wall shelf 10 inch deep","366","132","3148","102","3.24","57","43.18","0","0.0","29.82",,"10","28","15","11","8.33","0","0.0","29.82",,"2","5","3","3","2.27","0","0.0","29.82",,"1","2","0","2026-04-18"
"bgmg wood floating shelves for wall","650","13","239","13","5.44","9","69.23","1","11.11","49.99","94.99","0","0","0","0","0.0","0",,,,"0","0","0","0","0.0","0",,,,"0","0","0","2026-04-18"
"18x24 walnut frame","541","82","2045","21","1.03","62","75.61","1","1.61","37.99","53.99","0","12","20","7","8.54","0","0.0","29.99",,"0","1","3","5","6.1","0","0.0","53.99",,"0","1","2","2026-04-18"
"matted to 11x14 picture frame","403","369","10439","87","0.83","132","35.77","0","0.0","22.99",,"14","55","38","43","11.65","0","0.0","18.99",,"4","16","15","11","2.98","0","0.0","18.99",,"1","8","2","2026-04-18"
"wall bookshelf","279","7447","181157","135","0.07","2372","31.85","2","0.08","29.97","24.99","185","1031","504","460","6.18","0","0.0","29.97",,"33","193","108","42","0.56","0","0.0","24.95",,"7","26","6","2026-04-18"
"wall shelves white","115","520","14057","13","0.09","215","41.35","2","0.93","23.99","24.99","34","111","35","64","12.31","1","1.56","23.99","24.99","10","35","13","12","2.31","0","0.0","23.99",,"2","7","2","2026-04-18"
"floating shelf 24x9 with black brackets","865","22","1199","7","0.58","10","45.45","1","10.0","41.99","41.99","0","2","6","0","0.0","0",,,,"0","0","0","0","0.0","0",,,,"0","0","0","2026-04-18"
"picture frame walnut","610","39","1300","16","1.23","10","25.64","1","10.0","16.99","83.99","0","2","5","0","0.0","0",,,,"0","0","0","0","0.0","0",,,,"0","0","0","2026-04-18"
"5x7 picture frame wooden","775","31","766","9","1.17","19","61.29","1","5.26","9.99","16.99","1","17","0","2","6.45","0","0.0","5.99",,"0","2","0","0","0.0","0",,,,"0","0","0","2026-04-18"
"frame 16x24","516","573","16848","24","0.14","221","38.57","1","0.45","22.99","45.99","8","67","75","95","16.58","0","0.0","22.99",,"4","30","31","34","5.93","0","0.0","22.99",,"1","12","14","2026-04-18"
"12 x 16 fram","268","5","260","1","0.38","3","60.0","1","33.33","16.66","25.99","0","2","1","3","60.0","1","33.33","16.66","25.99","0","2","1","1","20.0","0","0.0","16.66",,"0","0","1","2026-04-18"
"industrial+style+12 inch deep+floating+shelves","811","3","99","8","8.08","2","66.67","1","50.0","24.99","24.99","0","0","1","0","0.0","0",,,,"0","0","0","0","0.0","0",,,,"0","0","0","2026-04-18"
"22x 28 matted","965","4","220","5","2.27","1","25.0","1","100.0","67.99","67.99","0","0","0","0","0.0","0",,,,"0","0","0","0","0.0","0",,,,"0","0","0","2026-04-18"
"24"" x 8"" wall rack shelf","632","10","510","14","2.75","3","30.0","1","33.33","39.97","44.99","0","0","2","0","0.0","0",,,,"0","0","0","0","0.0","0",,,,"0","0","0","2026-04-18"
"4x6 tabletop picture frame","265","16","388","1","0.26","11","68.75","1","9.09","13.99","13.99","0","2","3","7","43.75","1","14.29","12.99","13.99","0","1","2","2","12.5","0","0.0","4.99",,"0","1","1","2026-04-18"
"matted photo frames","894","52","1661","6","0.36","19","36.54","1","5.26","19.99","13.99","1","7","7","4","7.69","0","0.0","25.49",,"0","1","2","0","0.0","0",,,,"0","0","0","2026-04-18"
"wall wooden shelves garage","450","9","193","4","2.07","4","44.44","2","50.0","63.99","51.99","0","0","1","0","0.0","0",,,,"0","0","0","0","0.0","0",,,,"0","0","0","2026-04-18"
"frame with mat 2:3","948","9","185","6","3.24","5","55.56","1","20.0","27.99","27.99","1","4","0","0","0.0","0",,,,"0","0","0","0","0.0","0",,,,"0","0","0","2026-04-18"
"picture frame with stand 16 x 21","992","5","100","5","5.0","4","80.0","1","25.0","22.99","21.99","0","1","1","1","20.0","0","0.0","24.99",,"0","0","0","1","20.0","0","0.0","24.99",,"0","0","0","2026-04-18"
"16x24inch frame with glass","202","4","84","4","4.76","4","100.0","1","25.0","30.44","48.59","0","1","2","3","75.0","1","33.33","30.44","48.59","0","0","2","0","0.0","0",,,,"0","0","0","2026-04-18"
"wooden frames","280","1386","43174","207","0.48","466","33.62","0","0.0","21.99",,"30","225","94","150","10.82","0","0.0","19.88",,"10","80","22","39","2.81","0","0.0","18.95",,"2","25","4","2026-04-18"
"book shelf wall mount","695","566","14701","49","0.33","177","31.27","0","0.0","29.97",,"19","82","33","39","6.89","0","0.0","25.99",,"3","18","9","7","1.24","0","0.0","19.99",,"1","4","1","2026-04-18"
"12 deep floating shelves","110","105","2588","29","1.12","45","42.86","2","4.44","56.49","24.99","1","24","16","8","7.62","1","12.5","56.49","24.99","0","4","3","2","1.9","0","0.0","59.99",,"0","2","0","2026-04-18"
"wall shelf 8 inches wide","630","13","363","14","3.86","8","61.54","1","12.5","34.99","24.99","0","5","3","1","7.69","0","0.0","21.84",,"0","1","0","0","0.0","0",,,,"0","0","0","2026-04-18"
"wall shelves heavy duty","140","156","4023","16","0.4","65","41.67","1","1.54","44.97","24.99","2","22","21","11","7.05","1","9.09","49.99","24.99","1","2","2","2","1.28","0","0.0","85.49",,"0","0","1","2026-04-18"
"wooden rounded frame","971","17","377","5","1.33","8","47.06","1","12.5","19.99","19.99","1","0","0","0","0.0","0",,,,"0","0","0","0","0.0","0",,,,"0","0","0","2026-04-18"
"24 inch flat edge floating shelves, 8 inch deep solid elm wood wall shelf, heavy-duty wall mounted shelf with invisible brackets for living room, bathroom, kitchen, set of 2, natural color","163","2","38","8","21.05","2","100.0","1","50.0","71.99","89.99","0","2","0","1","50.0","1","100.0","89.99","89.99","0","1","0","0","0.0","0",,,,"0","0","0","2026-04-18"
"floating 6' shelves live edge","931","2","44","6","13.64","2","100.0","1","50.0","131.99","131.99","0","1","0","0","0.0","0",,,,"0","0","0","0","0.0","0",,,,"0","0","0","2026-04-18"
"27x21.5 frame","238","7","137","2","1.46","1","14.29","1","100.0","67.99","67.99","0","0","0","1","14.29","1","100.0","67.99","67.99","0","0","0","0","0.0","0",,,,"0","0","0","2026-04-18"
"wall mountable solid very deep small width shelves","134","5","100","20","20.0","5","100.0","1","20.0","12.89","24.99","3","2","0","1","20.0","1","100.0","24.99","24.99","0","1","0","0","0.0","0",,,,"0","0","0","2026-04-18"
"wood shelves for wall","581","3056","74991","55","0.07","1057","34.59","0","0.0","29.99",,"122","430","226","159","5.2","0","0.0","28.49",,"26","63","33","23","0.75","0","0.0","29.99",,"6","12","4","2026-04-18"
"big photo frame","703","160","3668","11","0.3","49","30.63","1","2.04","22.99","73.99","16","13","9","8","5.0","0","0.0","8.99",,"4","2","1","0","0.0","0",,,,"0","0","0","2026-04-18"
"24 x 8 floating shelves for wall","229","10","205","2","0.98","8","80.0","1","12.5","46.99","89.99","0","5","3","2","20.0","1","50.0","80.99","89.99","0","2","0","0","0.0","0",,,,"0","0","0","2026-04-18"
"16x20 frames veneer","584","20","443","18","4.06","23","115.0","1","4.35","35.99","38.99","0","9","5","0","0.0","0",,,,"0","0","0","0","0.0","0",,,,"0","0","0","2026-04-18"
"16x20 wooden frame","41","166","4681","6","0.13","84","50.6","1","1.19","29.99","38.99","0","19","44","25","15.06","1","4.0","25.99","38.99","0","6","14","8","4.82","1","12.5","24.99","38.99","0","2","6","2026-04-18"
"frame with mat","629","471","14489","51","0.35","116","24.63","0","0.0","17.99",,"12","63","27","26","5.52","0","0.0","13.99",,"1","15","9","16","3.4","0","0.0","19.99",,"1","10","5","2026-04-18"
"5 inch deep floating shelf","940","27","849","6","0.71","12","44.44","1","8.33","31.49","44.99","0","6","2","0","0.0","0",,,,"0","0","0","0","0.0","0",,,,"0","0","0","2026-04-18"
"24x26 walnut frame","428","9","181","8","4.42","11","122.22","2","18.18","84.99","83.99","0","2","4","4","44.44","0","0.0","82.99",,"0","1","1","1","11.11","0","0.0","82.99",,"0","0","0","2026-04-18"
"mahogany floating shelving boards 12"" deep","185","3","60","6","10.0","3","100.0","1","33.33","62.99","63.99","0","1","1","1","33.33","1","100.0","63.99","63.99","0","0","0","0","0.0","0",,,,"0","0","0","2026-04-18"
"12x20 gray shelf with hardware","807","8","128","8","6.25","6","75.0","1","16.67","27.99","28.99","0","0","6","0","0.0","0",,,,"0","0","0","0","0.0","0",,,,"0","0","0","2026-04-18"
"8x10, wood, rounded corner frame","604","8","177","16","9.04","4","50.0","1","25.0","17.99","17.99","0","0","4","1","12.5","0","0.0","25.47",,"0","0","1","0","0.0","0",,,,"0","0","0","2026-04-18"
"small book shelf for bedroom","601","238","7001","54","0.77","59","24.79","0","0.0","36.15",,"7","13","12","17","7.14","0","0.0","39.99",,"2","5","4","1","0.42","0","0.0","27.99",,"0","0","1","2026-04-18"
"8.5x11 wooden vintage frame","205","6","131","4","3.05","1","16.67","1","100.0","24.99","24.99","0","1","0","1","16.67","1","100.0","24.99","24.99","0","1","0","0","0.0","0",,,,"0","0","0","2026-04-18"
"vintage wall shelves","417","509","13738","9","0.07","161","31.63","2","1.24","29.69","24.99","3","25","39","32","6.29","0","0.0","24.99",,"0","5","8","0","0.0","0",,,,"0","0","0","2026-04-18"
"rustic brown floating shelf 10 inches wide","346","4","132","6","4.55","3","75.0","3","100.0","24.24","24.24","0","0","3","0","0.0","0",,,,"0","0","0","0","0.0","0",,,,"0","0","0","2026-04-18"
"22x28 to 18x24 matted","754","3","180","9","5.0","3","100.0","1","33.33","64.99","64.99","0","2","0","0","0.0","0",,,,"0","0","0","0","0.0","0",,,,"0","0","0","2026-04-18"
"3.5x5 picture frame with mat","955","28","611","5","0.82","15","53.57","1","6.67","8.99","13.99","0","7","7","1","3.57","0","0.0","5.59",,"0","1","0","1","3.57","0","0.0","5.59",,"0","1","0","2026-04-18"
"28x22","441","19","744","6","0.81","5","26.32","2","40.0","29.99","48.99","0","2","2","0","0.0","0",,,,"0","0","0","0","0.0","0",,,,"0","0","0","2026-04-18"
"b0g3nfpqp4","74","1","8","1","12.5","1","100.0","1","100.0","50.43","50.43","0","0","0","1","100.0","1","100.0","50.43","50.43","0","0","0","1","100.0","1","100.0","50.43","50.43","0","0","0","2026-04-18"
"16 24 picture frame","954","283","6102","6","0.1","124","43.82","1","0.81","25.49","45.99","6","37","43","47","16.61","0","0.0","25.48",,"3","13","16","16","5.65","0","0.0","22.99",,"1","7","4","2026-04-18"
"wall shelves with brackets","98","1880","46672","309","0.66","631","33.56","4","0.63","28.99","24.99","96","233","121","83","4.41","0","0.0","27.49",,"12","32","19","18","0.96","0","0.0","23.99",,"2","8","6","2026-04-18"
"floating shelves, 8 inch deep wall storage, 24w x 8d wall shelves set of 2, heavy duty metal brackets, industrial book shelf for living room, kitchen, bathroom, bedroom, distressed hickory","327","7","170","18","10.59","9","128.57","3","33.33","40.84","43.64","0","6","1","0","0.0","0",,,,"0","0","0","0","0.0","0",,,,"0","0","0","2026-04-18"
"8x10 picture frame no mat","215","53","2077","3","0.14","21","39.62","1","4.76","14.99","17.99","1","18","1","9","16.98","1","11.11","13.99","17.99","1","7","0","4","7.55","0","0.0","5.69",,"0","4","0","2026-04-18"
"wall shelves no nails","941","17","474","6","1.27","10","58.82","1","10.0","16.99","24.99","0","3","4","2","11.76","0","0.0","26.99",,"0","0","0","0","0.0","0",,,,"0","0","0","2026-04-18"
"walnut wood wall shelves that are deep","627","6","131","15","11.45","2","33.33","1","50.0","29.99","51.99","0","0","1","0","0.0","0",,,,"0","0","0","0","0.0","0",,,,"0","0","0","2026-04-18"
"40x60 frame","402","907","23204","50","0.22","291","32.08","1","0.34","45.99","45.99","5","50","60","46","5.07","0","0.0","28.99",,"2","10","10","11","1.21","0","0.0","27.99",,"2","3","2","2026-04-18"
"repisas flotantes de pared","415","11931","261589","47","0.02","4324","36.24","1","0.02","23.82","24.99","650","1369","563","593","4.97","0","0.0","21.99",,"117","219","66","99","0.83","0","0.0","20.99",,"35","44","8","2026-04-18"
"wall floating shelves 36 inches","907","6","133","6","4.51","4","66.67","1","25.0","53.99","114.99","0","0","3","0","0.0","0",,,,"0","0","0","0","0.0","0",,,,"0","0","0","2026-04-18"
"wood shelf charcoal finish","935","3","66","6","9.09","2","66.67","1","50.0","39.99","114.99","0","0","1","0","0.0","0",,,,"0","0","0","0","0.0","0",,,,"0","0","0","2026-04-18"
"12 in. x4in.dark wood shelves with metal brackets￼","745","6","120","10","8.33","2","33.33","1","50.0","17.99","24.99","0","0","2","0","0.0","0",,,,"0","0","0","0","0.0","0",,,,"0","0","0","2026-04-18"
"reclaimed grey wash wood floating shelf 60 inches","710","15","336","11","3.27","28","186.67","1","3.57","129.69","131.99","0","10","5","0","0.0","0",,,,"0","0","0","0","0.0","0",,,,"0","0","0","2026-04-18"
"11x8.5 picture frame","535","587","16075","59","0.37","324","55.2","0","0.0","6.64",,"56","178","47","184","31.35","0","0.0","5.93",,"37","106","26","111","18.91","0","0.0","5.93",,"24","66","17","2026-04-18"
"36” wide wood floating shelves for bar bottles","856","7","154","7","4.55","5","71.43","1","20.0","129.99","112.99","0","0","4","0","0.0","0",,,,"0","0","0","0","0.0","0",,,,"0","0","0","2026-04-18"
"hanging bookshelves for wall","459","1245","29227","75","0.26","468","37.59","0","0.0","27.99",,"29","202","134","105","8.43","0","0.0","26.99",,"7","42","28","9","0.72","0","0.0","31.99",,"3","3","2","2026-04-18"
"8x10 rounded wood frame","130","17","347","25","7.2","16","94.12","1","6.25","21.99","18.99","0","10","4","13","76.47","1","7.69","20.69","18.99","0","10","2","2","11.76","0","0.0","12.99",,"0","0","1","2026-04-18"
"wall shelf deep","484","104","2702","31","1.15","56","53.85","1","1.79","29.82","24.99","8","26","16","11","10.58","0","0.0","25.99",,"0","3","5","3","2.88","0","0.0","29.99",,"0","1","1","2026-04-18"
"16x20 coastal frame","763","12","284","9","3.17","5","41.67","1","20.0","42.99","81.99","0","0","0","0","0.0","0",,,,"0","0","0","0","0.0","0",,,,"0","0","0","2026-04-18"
"24x30 frames","507","123","3759","26","0.69","46","37.4","1","2.17","39.99","73.99","0","8","24","11","8.94","0","0.0","35.2",,"0","2","6","4","3.25","0","0.0","31.74",,"0","2","2","2026-04-18"
"28x40 frame with mat","485","354","9617","31","0.32","155","43.79","1","0.65","54.99","81.99","0","25","29","43","12.15","0","0.0","56.99",,"0","7","11","11","3.11","0","0.0","49.99",,"0","2","4","2026-04-18"
"11x14 gold frame","35","1159","31035","10","0.03","638","55.05","1","0.16","15.93","20.99","70","365","126","284","24.5","1","0.35","14.99","20.99","32","167","56","96","8.28","1","1.04","9.99","20.99","16","55","17","2026-04-18"
"shelves 12""","605","13","279","16","5.73","6","46.15","1","16.67","24.29","28.99","0","2","1","1","7.69","0","0.0","26.99",,"0","0","0","0","0.0","0",,,,"0","0","0","2026-04-18"
"5 inch deep shelves","706","50","1491","11","0.74","32","64.0","1","3.13","25.64","51.99","1","11","11","2","4.0","0","0.0","15.99",,"0","1","0","0","0.0","0",,,,"0","0","0","2026-04-18"
"white floating shelves","476","5656","137941","71","0.05","2713","47.97","0","0.0","25.99",,"420","1176","588","736","13.01","0","0.0","24.29",,"112","327","157","152","2.69","0","0.0","24.98",,"25","85","24","2026-04-18"
"wooden shelf live edge","572","6","156","18","11.54","2","33.33","1","50.0","91.33","131.99","0","0","0","0","0.0","0",,,,"0","0","0","0","0.0","0",,,,"0","0","0","2026-04-18"
"hanging bookshelf for wall","510","170","5092","25","0.49","51","30.0","1","1.96","29.97","24.99","5","26","6","12","7.06","0","0.0","29.97",,"1","8","2","2","1.18","0","0.0","29.97",,"1","0","1","2026-04-18"
"small wall shelf","21","5251","138704","408","0.29","2092","39.84","8","0.38","14.35","24.99","276","1126","383","475","9.05","2","0.42","12.82","24.99","65","272","71","136","2.59","0","0.0","11.99",,"21","94","15","2026-04-18"
"26 x 32 with mat","834","7","140","7","5.0","5","71.43","1","20.0","62.99","67.99","0","0","2","1","14.29","0","0.0","83.69",,"0","0","0","1","14.29","0","0.0","83.69",,"0","0","0","2026-04-18"
"deep round edge shelves","739","8","177","10","5.65","6","75.0","1","16.67","71.99","112.99","0","6","0","1","12.5","0","0.0","104.99",,"0","1","0","0","0.0","0",,,,"0","0","0","2026-04-18"
"thank you plaque on wall photo frame","211","10","199","3","1.51","4","40.0","1","25.0","12.59","25.99","0","3","1","2","20.0","1","50.0","12.59","25.99","0","1","1","1","10.0","0","0.0","12.59",,"0","1","0","2026-04-18"
"heavy duty natural wood floating shelves 36” set of 3","199","2","44","4","9.09","2","100.0","1","50.0","99.99","114.99","0","1","0","2","100.0","1","50.0","99.99","114.99","0","1","0","1","50.0","0","0.0","99.99",,"0","0","0","2026-04-18"
"8x10 picture frame with mat and glass","771","9","247","9","3.64","6","66.67","1","16.67","19.88","20.99","1","4","1","2","22.22","0","0.0","19.88",,"0","2","0","1","11.11","0","0.0","36.99",,"0","1","0","2026-04-18"
"cuadros foto 12x16","248","1","22","1","4.55","1","100.0","1","100.0","26.99","26.99","0","1","0","1","100.0","1","100.0","26.99","26.99","0","1","0","0","0.0","0",,,,"0","0","0","2026-04-18"
"5x7 wood picture frame","89","706","24490","46","0.19","204","28.9","2","0.98","13.29","16.99","22","122","39","75","10.62","2","2.67","14.24","16.99","8","48","13","31","4.39","0","0.0","9.89",,"3","24","3","2026-04-18"
"24 live edge floating shelf","730","17","554","10","1.81","8","47.06","1","12.5","89.99","94.99","0","3","3","0","0.0","0",,,,"0","0","0","0","0.0","0",,,,"0","0","0","2026-04-18"
"heavy duty bracket shelves","457","3","66","2","3.03","3","100.0","2","66.67","35.99","24.99","0","0","2","0","0.0","0",,,,"0","0","0","0","0.0","0",,,,"0","0","0","2026-04-18"
"wire shelving wall mounted 12 inch deep","167","6","165","7","4.24","3","50.0","1","33.33","52.24","24.99","0","0","0","1","16.67","1","100.0","24.99","24.99","0","0","0","0","0.0","0",,,,"0","0","0","2026-04-18"
"18x24 canvas frame","998","353","10721","5","0.05","195","55.24","1","0.51","29.99","26.99","1","41","49","36","10.2","0","0.0","29.99",,"0","7","11","11","3.12","0","0.0","29.99",,"0","3","1","2026-04-18"
"walnut 8x10 picture frame","784","43","1115","9","0.81","19","44.19","1","5.26","24.99","17.99","0","11","8","11","25.58","0","0.0","24.99",,"0","8","3","6","13.95","0","0.0","19.99",,"0","4","2","2026-04-18"
"wall shelf with cord hole","591","59","2090","17","0.81","34","57.63","1","2.94","25.99","44.99","3","14","6","1","1.69","0","0.0","21.99",,"0","1","0","1","1.69","0","0.0","21.99",,"0","1","0","2026-04-18"
"walnut picture frames with glass modern","217","3","180","3","1.67","2","66.67","1","50.0","13.99","28.99","0","2","0","1","33.33","1","100.0","28.99","28.99","0","1","0","0","0.0","0",,,,"0","0","0","2026-04-18"
"30 x 20 gold frame with glass mat","876","11","222","6","2.7","7","63.64","1","14.29","50.98","57.99","0","3","3","0","0.0","0",,,,"0","0","0","0","0.0","0",,,,"0","0","0","2026-04-18"
"framed wedding photo","156","5","111","9","8.11","4","80.0","1","25.0","28.99","28.99","0","0","0","3","60.0","1","33.33","67.99","28.99","0","0","0","0","0.0","0",,,,"0","0","0","2026-04-18"
"24x36 matted frame","663","151","4023","13","0.32","64","42.38","1","1.56","49.99","81.99","0","9","31","17","11.26","0","0.0","49.99",,"0","4","7","6","3.97","0","0.0","49.99",,"0","3","3","2026-04-18"
"black wall shelves","8","2131","52244","217","0.42","839","39.37","7","0.83","24.98","24.99","155","349","168","244","11.45","3","1.23","24.95","24.99","43","101","52","41","1.92","1","2.44","24.98","24.99","10","18","7","2026-04-18"
"20x30 frame","486","8267","205585","30","0.01","3095","37.44","1","0.03","33.87","57.99","30","819","1077","1178","14.25","0","0.0","30.99",,"8","356","405","407","4.92","0","0.0","29.99",,"4","147","143","2026-04-18"
"wooden wall shelves for living room","938","98","2068","6","0.29","48","48.98","1","2.08","28.99","24.99","13","16","12","4","4.08","0","0.0","25.64",,"0","1","2","1","1.02","0","0.0","17.99",,"0","0","0","2026-04-18"
"heavy duty floating shelves extra large white","443","5","111","6","5.41","10","200.0","2","20.0","47.69","24.99","0","7","0","3","60.0","0","0.0","51.97",,"0","3","0","0","0.0","0",,,,"0","0","0","2026-04-18"
"wide floating white shelves","145","6","122","14","11.48","5","83.33","1","20.0","35.99","24.99","0","3","1","5","83.33","1","20.0","35.99","24.99","0","3","1","0","0.0","0",,,,"0","0","0","2026-04-18"
"4x6 polished wood frame for 4","753","9","199","9","4.52","7","77.78","1","14.29","14.44","16.99","0","7","0","1","11.11","0","0.0","14.44",,"0","1","0","0","0.0","0",,,,"0","0","0","2026-04-18"
"solid wood floating shelf rounded","368","13","287","26","9.06","11","84.62","2","18.18","99.99","112.99","0","0","3","0","0.0","0",,,,"0","0","0","0","0.0","0",,,,"0","0","0","2026-04-18"
"12 x18 picture frame with mat natural wood","138","10","222","17","7.66","7","70.0","1","14.29","31.99","45.99","0","2","1","3","30.0","1","33.33","31.99","45.99","0","0","0","0","0.0","0",,,,"0","0","0","2026-04-18"
"floating shelves 8 inches wide","310","67","1537","74","4.81","38","56.72","2","5.26","21.99","24.99","6","17","9","8","11.94","0","0.0","26.99",,"1","2","2","1","1.49","0","0.0","20.99",,"1","0","0","2026-04-18"
"8 inch deep floating shelves","372","45","1085","24","2.21","25","55.56","2","8.0","31.99","24.99","0","13","5","1","2.22","0","0.0","22.99",,"0","1","0","0","0.0","0",,,,"0","0","0","2026-04-18"
"real wood floating shelves","316","447","12628","102","0.81","205","45.86","1","0.49","65.99","114.99","9","70","54","21","4.7","0","0.0","65.99",,"0","9","3","2","0.45","0","0.0","54.99",,"0","1","0","2026-04-18"
"oak picture frames","451","206","6341","77","1.21","72","34.95","0","0.0","26.56",,"8","27","25","27","13.11","0","0.0","29.69",,"4","6","11","4","1.94","0","0.0","19.79",,"1","1","0","2026-04-18"
"wood floating shelves","271","4513","115579","181","0.16","1856","41.13","3","0.16","34.99","94.99","212","725","494","287","6.36","0","0.0","29.99",,"42","105","71","42","0.93","0","0.0","26.99",,"11","20","7","2026-04-18"
"24x26 frame with glass","564","10","214","19","8.88","4","40.0","1","25.0","69.29","83.99","0","2","0","1","10.0","0","0.0","69.29",,"0","0","0","1","10.0","0","0.0","69.29",,"0","0","0","2026-04-18"
"24 x 30 frame","301","724","22928","120","0.52","261","36.05","1","0.38","37.99","73.99","0","67","89","99","13.67","0","0.0","35.99",,"0","29","33","40","5.52","0","0.0","35.2",,"0","11","15","2026-04-18"
"oak frame","436","146","5024","81","1.61","57","39.04","0","0.0","26.99",,"4","24","11","8","5.48","0","0.0","26.09",,"0","1","3","2","1.37","0","0.0","22.99",,"0","0","1","2026-04-18"
"wall shelf with brackets","319","257","7009","100","1.43","75","29.18","1","1.33","25.99","24.99","14","33","14","11","4.28","0","0.0","25.99",,"1","8","1","3","1.17","0","0.0","16.71",,"1","2","0","2026-04-18"
"18x24 oak frame with glass","387","12","490","19","3.88","16","133.33","2","12.5","49.99","49.99","0","0","5","2","16.67","0","0.0","41.39",,"0","0","1","0","0.0","0",,,,"0","0","0","2026-04-18"
"wood shelf modern","224","5","99","2","2.02","2","40.0","1","50.0","59.99","112.99","0","1","0","2","40.0","1","50.0","59.99","112.99","0","1","0","0","0.0","0",,,,"0","0","0","2026-04-18"
"16x20 frame","341","6280","182151","82","0.05","2235","35.59","1","0.04","23.49",,"101","723","656","817","13.01","0","0.0","22.99",,"54","308","256","345","5.49","0","0.0","22.99",,"32","137","117","2026-04-18"
"5x7 thin picture frame","219","22","535","3","0.56","16","72.73","1","6.25","8.99","17.99","1","10","1","7","31.82","1","14.29","15.1","17.99","1","3","0","2","9.09","0","0.0","7.99",,"0","2","0","2026-04-18"
"rounded corner picture frame","658","132","3315","50","1.51","35","26.52","0","0.0","19.79",,"0","18","9","5","3.79","0","0.0","26.99",,"0","0","2","0","0.0","0",,,,"0","0","0","2026-04-18"
"30x24 frame","837","189","6076","44","0.72","75","39.68","0","0.0","36.99",,"0","19","21","30","15.87","0","0.0","35.99",,"0","7","8","18","9.52","0","0.0","34.99",,"0","6","5","2026-04-18"
"16x24 frame","92","9674","238348","170","0.07","3679","38.03","3","0.08","24.35","45.99","154","1160","1286","1656","17.12","1","0.06","24.29","45.99","76","569","570","612","6.33","0","0.0","22.99",,"35","241","201","2026-04-18"
"shelf boards 12 inch deep","524","180","4630","60","1.3","56","31.11","0","0.0","23.79",,"2","13","6","2","1.11","0","0.0","27.49",,"0","1","0","1","0.56","0","0.0","27.49",,"0","1","0","2026-04-18"
"100 cm frame","804","15","297","8","2.69","7","46.67","1","14.29","55.99","83.99","0","0","0","0","0.0","0",,,,"0","0","0","0","0.0","0",,,,"0","0","0","2026-04-18"
"5x7￼ frame with mat￼","652","16","356","13","3.65","10","62.5","1","10.0","26.59","27.99","0","5","5","0","0.0","0",,,,"0","0","0","0","0.0","0",,,,"0","0","0","2026-04-18"
"gray floating shelves for wall","101","254","6150","62","1.01","106","41.73","3","2.83","28.99","51.99","11","41","42","20","7.87","1","5.0","26.99","51.99","1","7","6","6","2.36","0","0.0","26.99",,"0","2","1","2026-04-18"
"11x14 walnut frame beveled","705","9","202","11","5.45","9","100.0","1","11.11","26.99","27.99","0","7","1","0","0.0","0",,,,"0","0","0","0","0.0","0",,,,"0","0","0","2026-04-18"
"wall mount bookshelf","756","1167","29666","46","0.16","408","34.96","0","0.0","33.99",,"18","168","105","57","4.88","0","0.0","29.97",,"4","26","13","8","0.69","0","0.0","26.34",,"0","4","3","2026-04-18"
"20 x 30 picture frame","635","1876","49325","14","0.03","761","40.57","1","0.13","34.99","57.99","4","214","235","281","14.98","0","0.0","31.49",,"1","82","86","111","5.92","0","0.0","29.99",,"1","42","35","2026-04-18"
"wall shelf 12 inches deep pair","197","2","120","4","3.33","1","50.0","1","100.0","24.99","24.99","0","1","0","1","50.0","1","100.0","24.99","24.99","0","1","0","0","0.0","0",,,,"0","0","0","2026-04-18"
"5x7 picture frame box pine","851","8","177","7","3.95","8","100.0","1","12.5","16.99","16.99","0","4","4","0","0.0","0",,,,"0","0","0","0","0.0","0",,,,"0","0","0","2026-04-18"
"minimalist metal picture frames","388","534","12167","19","0.16","196","36.7","2","1.02","19.99","21.99","12","93","49","27","5.06","0","0.0","16.99",,"3","12","7","7","1.31","0","0.0","9.95",,"3","2","2","2026-04-18"
"wooden frames 4x6","33","184","5406","12","0.22","68","36.96","1","1.47","15.95","13.99","6","41","10","29","15.76","1","3.45","13.99","13.99","3","21","2","12","6.52","1","8.33","13.99","13.99","2","10","0","2026-04-18"
"shelves wall deep edges","56","2","39","3","7.69","1","50.0","1","100.0","26.99","26.99","0","0","1","1","50.0","1","100.0","26.99","26.99","0","0","1","1","50.0","1","100.0","26.99","26.99","0","0","1","2026-04-18"
"one floating shelf 36 inch","913","3","66","6","9.09","1","33.33","1","100.0","114.99","114.99","0","0","0","0","0.0","0",,,,"0","0","0","0","0.0","0",,,,"0","0","0","2026-04-18"
"a4 frame","495","1585","45507","65","0.14","782","49.34","0","0.0","9.99",,"35","417","183","280","17.67","0","0.0","7.99",,"19","154","62","147","9.27","0","0.0","7.99",,"9","81","30","2026-04-18"
"black wall shelf 8 in","872","3","180","6","3.33","2","66.67","1","50.0","9.99","24.99","0","2","0","0","0.0","0",,,,"0","0","0","0","0.0","0",,,,"0","0","0","2026-04-18"
"floating shelf live edge","383","81","2199","58","2.64","33","40.74","1","3.03","89.99","94.99","2","4","4","2","2.47","0","0.0","45.98",,"0","0","1","0","0.0","0",,,,"0","0","0","2026-04-18"
"26x36 frame","852","214","4966","7","0.14","69","32.24","1","1.45","65.88","83.99","2","6","23","24","11.21","0","0.0","48.99",,"0","3","11","5","2.34","0","0.0","39.99",,"0","1","3","2026-04-18"
"wall shelf","759","46346","1206854","46","0.0","13122","28.31","0","0.0","20.99",,"1969","5448","2278","2656","5.73","0","0.0","19.99",,"436","1140","433","545","1.18","0","0.0","19.99",,"155","251","72","2026-04-18"
"frame matted to 11x14","423","325","9726","45","0.46","139","42.77","1","0.72","24.29","20.99","9","65","37","33","10.15","0","0.0","22.99",,"1","19","9","15","4.62","0","0.0","22.99",,"0","10","4","2026-04-18"
"24x36 for 11x17 photo mat","237","1","60","2","3.33","1","100.0","1","100.0","48.59","48.59","0","0","1","1","100.0","1","100.0","48.59","48.59","0","0","1","0","0.0","0",,,,"0","0","0","2026-04-18"
"book shelf wall","982","1134","28182","42","0.15","364","32.1","0","0.0","26.99",,"32","159","71","95","8.38","0","0.0","27.09",,"7","40","15","10","0.88","0","0.0","21.99",,"1","6","2","2026-04-18"
"shelf 12inch wide","218","2","44","3","6.82","1","50.0","1","100.0","72.99","72.99","0","0","0","1","50.0","1","100.0","72.99","72.99","0","0","0","0","0.0","0",,,,"0","0","0","2026-04-18"
"22x28 frame with mat for 18x24","646","189","5010","51","1.02","89","47.09","0","0.0","41.66",,"0","22","25","25","13.23","0","0.0","34.99",,"0","3","8","5","2.65","0","0.0","37.43",,"0","1","2","2026-04-18"
"18x24 frame wood","589","444","12596","18","0.14","193","43.47","1","0.52","28.99","49.99","1","53","82","72","16.22","0","0.0","28.49",,"1","25","34","24","5.41","0","0.0","28.49",,"1","12","8","2026-04-18"
"gaming shelf for wall","930","413","10623","43","0.4","118","28.57","0","0.0","39.99",,"6","53","20","35","8.47","0","0.0","37.04",,"2","22","5","6","1.45","0","0.0","26.99",,"1","5","0","2026-04-18"
"5x7 matted picture frame","23","713","19229","62","0.32","327","45.86","1","0.31","15.99","16.99","58","179","57","114","15.99","1","0.88","11.89","16.99","21","66","14","54","7.57","1","1.85","8.99","16.99","12","32","7","2026-04-18"
"shelves+for+wall 18 width","751","3","180","10","5.56","1","33.33","1","100.0","24.99","24.99","0","0","0","0","0.0","0",,,,"0","0","0","0","0.0","0",,,,"0","0","0","2026-04-18"
"big bathroom shelves for a business","73","2","41","1","2.44","1","50.0","1","100.0","44.99","44.99","0","0","1","1","50.0","1","100.0","44.99","44.99","0","0","1","1","50.0","1","100.0","44.99","44.99","0","0","1","2026-04-18"
"shelf rustic brown no nails","456","2","44","2","4.55","2","100.0","2","100.0","24.99","24.99","0","0","0","0","0.0","0",,,,"0","0","0","0","0.0","0",,,,"0","0","0","2026-04-18"
"wall shelf 32 x 11","242","10","219","1","0.46","8","80.0","1","12.5","47.99","63.99","0","2","3","2","20.0","1","50.0","47.49","63.99","0","0","1","0","0.0","0",,,,"0","0","0","2026-04-18"
"￼floating shelves live edge 48” x 8”","600","5","100","17","17.0","2","40.0","1","50.0","99.99","102.99","0","0","1","0","0.0","0",,,,"0","0","0","0","0.0","0",,,,"0","0","0","2026-04-18"
"non screw shelves for wall","823","83","2028","8","0.39","33","39.76","1","3.03","16.88","24.99","3","13","13","5","6.02","0","0.0","19.99",,"2","1","0","1","1.2","0","0.0","11.29",,"1","0","0","2026-04-18"
"wood 11x14 picture frames","108","892","19287","42","0.22","401","44.96","2","0.5","15.49","23.99","53","189","99","130","14.57","1","0.77","14.88","23.99","19","62","26","54","6.05","0","0.0","11.99",,"12","31","10","2026-04-18"
"rustic wood floating shelves for wall","312","85","1704","35","2.05","74","87.06","3","4.05","42.97","94.99","13","22","30","3","3.53","0","0.0","41.99",,"0","1","1","0","0.0","0",,,,"0","0","0","2026-04-18"
"12x16 frame","398","14453","335135","51","0.02","6544","45.28","1","0.02","9.99","26.99","1169","3237","1142","3331","23.05","0","0.0","8.99",,"674","1681","555","1286","8.9","0","0.0","8.98",,"302","708","179","2026-04-18"
"16x20 wood frames","408","520","12496","12","0.1","223","42.88","2","0.9","29.99","38.99","2","83","78","66","12.69","0","0.0","26.59",,"2","27","25","21","4.04","0","0.0","24.29",,"1","12","7","2026-04-18"
"36 inch floating shelf single walnut color","889","2","44","6","13.64","1","50.0","1","100.0","112.99","112.99","0","0","0","0","0.0","0",,,,"0","0","0","0","0.0","0",,,,"0","0","0","2026-04-18"
"live edge floating shelves dark walnut 20 inch long","727","19","384","47","12.24","11","57.89","0","0.0","89.99",,"0","0","6","1","5.26","0","0.0","54.99",,"0","0","1","0","0.0","0",,,,"0","0","0","2026-04-18"
"shelves for wall no drilling","582","108","2689","18","0.67","46","42.59","1","2.17","19.99","24.99","6","24","7","7","6.48","0","0.0","17.99",,"1","4","1","0","0.0","0",,,,"0","0","0","2026-04-18"
"11x14 picture frame uv protection glass","929","32","905","6","0.66","15","46.88","1","6.67","26.99","27.99","0","10","1","1","3.13","0","0.0","6.79",,"0","1","0","1","3.13","0","0.0","6.79",,"0","1","0","2026-04-18"
"36 x 12 inch solid wood floating shelf","608","8","254","16","6.3","4","50.0","1","25.0","99.99","114.99","0","3","0","0","0.0","0",,,,"0","0","0","0","0.0","0",,,,"0","0","0","2026-04-18"
"8x10 brown picture frame","31","168","4947","22","0.44","79","47.02","1","1.27","11.99","17.99","6","42","21","26","15.48","1","3.85","11.99","17.99","3","12","9","10","5.95","1","10.0","9.99","17.99","0","5","5","2026-04-18"
"wood floating shelves for corners","187","5","110","5","4.55","3","60.0","1","33.33","39.99","114.99","1","1","1","2","40.0","1","50.0","39.99","114.99","1","0","1","0","0.0","0",,,,"0","0","0","2026-04-18"
"16x24 matted to 12x18","30","23","597","22","3.69","10","43.48","1","10.0","47.69","45.99","0","3","3","2","8.7","1","50.0","45.99","45.99","0","0","1","1","4.35","1","100.0","45.99","45.99","0","0","0","2026-04-18"
"live edge walnut floating shelves","349","37","779","77","9.88","25","67.57","1","4.0","85.0","94.99","1","6","2","1","2.7","0","0.0","79.99",,"0","0","1","0","0.0","0",,,,"0","0","0","2026-04-18"
"single reclaimed wood floating shelf 36”","621","14","309","15","4.85","10","71.43","1","10.0","93.99","114.99","0","0","7","0","0.0","0",,,,"0","0","0","0","0.0","0",,,,"0","0","0","2026-04-18"
"16x20 picture frames for wall","684","3903","110959","12","0.01","1446","37.05","1","0.07","24.99","38.99","82","498","509","558","14.3","0","0.0","24.29",,"40","207","199","199","5.1","0","0.0","23.49",,"23","84","69","2026-04-18"
"6x8 picture frame matted fancy","221","6","340","3","0.88","3","50.0","1","33.33","20.99","20.99","0","1","2","1","16.67","1","100.0","20.99","20.99","0","1","0","0","0.0","0",,,,"0","0","0","2026-04-18"
"frame matted to 5x7","151","131","3473","13","0.37","55","41.98","1","1.82","15.99","17.99","2","35","9","18","13.74","1","5.56","15.99","17.99","2","11","3","7","5.34","0","0.0","18.99",,"1","4","1","2026-04-18"
"wood shelf for kitchen on top","178","3","66","6","9.09","3","100.0","1","33.33","89.99","89.99","1","1","0","1","33.33","1","100.0","89.99","89.99","0","1","0","0","0.0","0",,,,"0","0","0","2026-04-18"
"microwave wall shelf","487","434","11642","30","0.26","182","41.94","1","0.55","39.99","24.99","2","36","45","36","8.29","0","0.0","42.99",,"1","6","8","5","1.15","0","0.0","39.99",,"0","2","2","2026-04-18"
"frame with 12x16 mat opening","546","100","2972","20","0.67","42","42.0","1","2.38","24.72","48.59","1","14","17","9","9.0","0","0.0","35.9",,"1","4","1","5","5.0","0","0.0","59.99",,"0","1","1","2026-04-18"
"14x18 frame","846","846","24317","7","0.03","339","40.07","1","0.29","29.99","45.99","5","73","114","106","12.53","0","0.0","25.99",,"4","29","45","33","3.9","0","0.0","25.99",,"2","10","15","2026-04-18"
"16x20 frames with glass","949","74","2475","6","0.24","61","82.43","1","1.64","35.99","45.99","1","21","23","11","14.86","0","0.0","29.49",,"1","4","4","4","5.41","0","0.0","29.99",,"1","0","1","2026-04-18"
"wall shelves for living room","370","4047","99570","63","0.06","1301","32.15","1","0.08","29.99","51.99","150","472","317","239","5.91","0","0.0","27.99",,"31","88","57","26","0.64","0","0.0","25.99",,"8","11","3","2026-04-18"
"boho frames","168","187","4198","7","0.17","63","33.69","1","1.59","19.99","20.99","6","30","18","29","15.51","1","3.45","19.77","20.99","4","13","7","0","0.0","0",,,,"0","0","0","2026-04-18"
"uncut matt board for picture frames","977","18","423","5","1.18","8","44.44","1","12.5","22.95","83.99","0","0","1","1","5.56","0","0.0","7.19",,"0","0","1","1","5.56","0","0.0","7.19",,"0","0","1","2026-04-18"
"wall shelf for laptop","171","68","2026","7","0.35","21","30.88","1","4.76","20.57","24.99","2","8","4","5","7.35","1","20.0","24.69","24.99","0","3","1","4","5.88","0","0.0","20.37",,"0","3","1","2026-04-18"
"white birch live edge floating shelves","27","3","66","7","10.61","2","66.67","2","100.0","131.99","131.99","0","0","2","1","33.33","1","100.0","131.99","131.99","0","0","1","1","33.33","1","100.0","131.99","131.99","0","0","1","2026-04-18"
"36in floating solid wood shelf","677","12","265","12","4.53","9","75.0","1","11.11","89.99","114.99","0","0","8","0","0.0","0",,,,"0","0","0","0","0.0","0",,,,"0","0","0","2026-04-18"
"36 wood floating shelves","879","3","66","6","9.09","3","100.0","1","33.33","112.99","112.99","0","0","0","0","0.0","0",,,,"0","0","0","0","0.0","0",,,,"0","0","0","2026-04-18"
"gold large floating shelf","680","13","287","12","4.18","9","69.23","1","11.11","61.18","78.99","0","0","5","1","7.69","0","0.0","65.58",,"0","0","1","0","0.0","0",,,,"0","0","0","2026-04-18"
"60"" long 10"" extra deep live edge solid wood shelf","251","2","45","1","2.22","8","400.0","1","12.5","134.45","131.99","0","4","1","1","50.0","1","100.0","131.99","131.99","0","0","0","0","0.0","0",,,,"0","0","0","2026-04-18"
"rounded wooden frame","619","27","632","15","2.37","12","44.44","1","8.33","18.99","17.99","2","4","6","3","11.11","0","0.0","18.99",,"0","2","1","1","3.7","0","0.0","18.99",,"0","1","0","2026-04-18"
"small book shelf for wall","478","59","1526","33","2.16","21","35.59","1","4.76","25.99","25.99","4","7","4","3","5.08","0","0.0","18.99",,"2","1","0","1","1.69","0","0.0","18.99",,"1","0","0","2026-04-18"
"small shelf","392","13220","346116","92","0.03","4172","31.56","0","0.0","24.99",,"400","1863","828","752","5.69","0","0.0","21.99",,"87","332","141","173","1.31","0","0.0","21.99",,"26","96","21","2026-04-18"
"wooden frame for 81/2 by 11 photo with mat with glass","68","2","42","2","4.76","5","250.0","1","20.0","25.64","25.99","0","4","1","2","100.0","1","50.0","22.99","25.99","0","2","0","2","100.0","1","50.0","18.62","25.99","0","2","0","2026-04-18"
"picture frames set of 2","995","55","1486","5","0.34","13","23.64","1","7.69","18.99","20.99","0","6","4","1","1.82","0","0.0","41.99",,"0","0","0","0","0.0","0",,,,"0","0","0","2026-04-18"
"picture frame11x14","336","39","776","12","1.55","26","66.67","3","11.54","19.99","27.99","0","14","5","0","0.0","0",,,,"0","0","0","0","0.0","0",,,,"0","0","0","2026-04-18"
"wall shelf for books","120","480","13227","42","0.32","176","36.67","1","0.57","27.99","27.99","14","70","32","36","7.5","1","2.78","26.98","27.99","4","17","1","7","1.46","0","0.0","19.99",,"1","4","1","2026-04-18"
"8""x10.5"" picture 11x14 mat board","201","4","240","4","1.67","4","100.0","1","25.0","15.95","27.99","0","1","0","2","50.0","1","50.0","15.95","27.99","0","1","0","0","0.0","0",,,,"0","0","0","2026-04-18"
"picture frames 8.5 x 11","3","4458","140277","573","0.41","1616","36.25","8","0.5","11.99","21.99","281","796","252","735","16.49","3","0.41","9.99","21.99","155","367","111","420","9.42","2","0.48","9.99","21.99","99","209","60","2026-04-18"
"photo frames","97","4631","142852","99","0.07","1273","27.49","3","0.24","19.99","17.99","190","554","227","382","8.25","1","0.26","18.89","17.99","74","186","49","82","1.77","0","0.0","15.99",,"23","39","12","2026-04-18"
"book shelf for wall","367","5577","141987","100","0.07","1482","26.57","0","0.0","29.97",,"153","550","316","350","6.28","0","0.0","27.09",,"46","146","79","43","0.77","0","0.0","23.99",,"5","29","6","2026-04-18"
"marcos para fotos de pared","502","1922","44208","27","0.06","563","29.29","1","0.18","21.99","38.99","51","167","59","98","5.1","0","0.0","19.99",,"12","33","9","20","1.04","0","0.0","16.99",,"6","6","2","2026-04-18"
"floating wall shelves","996","3870","109901","42","0.04","1453","37.55","0","0.0","26.99",,"257","575","288","220","5.68","0","0.0","24.98",,"49","87","37","40","1.03","0","0.0","21.99",,"12","20","3","2026-04-18"
"wood photo frame 4x6 pictures","371","15","900","25","2.78","11","73.33","2","18.18","12.99","13.99","0","9","2","0","0.0","0",,,,"0","0","0","0","0.0","0",,,,"0","0","0","2026-04-18"
"rustic wood frames 8x10","81","55","1404","1","0.07","35","63.64","1","2.86","17.99","17.99","4","24","7","5","9.09","1","20.0","19.95","17.99","0","3","2","1","1.82","1","100.0","17.99","17.99","0","0","1","2026-04-18"
"2 ft wide by 1 ft deep closet shelves","840","6","120","7","5.83","1","16.67","1","100.0","24.99","24.99","0","1","0","0","0.0","0",,,,"0","0","0","0","0.0","0",,,,"0","0","0","2026-04-18"
"8x10 frame with mat 5x7 wood","628","7","154","14","9.09","7","100.0","1","14.29","19.19","17.99","4","3","0","1","14.29","0","0.0","14.24",,"1","0","0","0","0.0","0",,,,"0","0","0","2026-04-18"
"ralph lauren home decor","144","1061","27347","14","0.05","302","28.46","1","0.33","29.0","24.99","20","135","74","105","9.9","1","0.95","26.99","24.99","6","51","20","5","0.47","0","0.0","25.99",,"0","3","1","2026-04-18"
"6 x 8 picture frame","328","716","23346","90","0.39","339","47.35","1","0.29","8.99","20.99","15","211","67","132","18.44","0","0.0","8.49",,"7","89","20","70","9.78","0","0.0","6.99",,"4","53","9","2026-04-18"
"16 x 20 picture frame with mat","578","711","22464","55","0.24","287","40.37","0","0.0","28.99",,"12","115","96","85","11.95","0","0.0","28.99",,"1","40","30","28","3.94","0","0.0","28.99",,"0","14","11","2026-04-18"
"mixed picture frames","195","61","1692","4","0.24","31","50.82","1","3.23","34.99","20.99","3","20","6","16","26.23","1","6.25","34.99","20.99","2","9","3","3","4.92","0","0.0","38.99",,"2","1","0","2026-04-18"
"real wood shelves for wall","786","52","1075","9","0.84","27","51.92","1","3.7","49.99","24.99","1","13","11","2","3.85","0","0.0","35.9",,"0","1","1","0","0.0","0",,,,"0","0","0","2026-04-18"
"floating shelves 8 inches deep","345","122","3022","80","2.65","54","44.26","1","1.85","29.99","24.99","4","16","14","12","9.84","0","0.0","37.99",,"0","3","5","2","1.64","0","0.0","37.97",,"0","1","1","2026-04-18"
"11x14 matted frame","479","611","18079","70","0.39","261","42.72","0","0.0","21.84",,"23","113","87","66","10.8","0","0.0","22.99",,"10","24","19","25","4.09","0","0.0","21.84",,"4","12","6","2026-04-18"
"rustic wall shelf","128","377","10306","31","0.3","103","27.32","1","0.97","29.99","24.99","7","26","30","13","3.45","1","7.69","26.99","24.99","0","4","3","1","0.27","0","0.0","86.31",,"0","0","1","2026-04-18"
"8 x 10 walnut frame","148","19","487","13","2.67","13","68.42","1","7.69","22.99","22.99","0","8","2","10","52.63","1","10.0","24.29","22.99","0","5","2","3","15.79","0","0.0","12.99",,"0","1","0","2026-04-18"
"frame 3ft x 2ft","446","5","298","5","1.68","3","60.0","2","66.67","81.99","81.99","0","1","0","1","20.0","0","0.0","36.99",,"0","1","0","1","20.0","0","0.0","36.99",,"0","1","0","2026-04-18"
"shelf wall mount","127","1385","34835","36","0.1","437","31.55","1","0.23","20.99","24.99","78","195","97","87","6.28","1","1.15","19.99","24.99","18","37","21","29","2.09","0","0.0","19.99",,"9","14","4","2026-04-18"
"porta retrato de 24×36","878","13","289","6","2.08","8","61.54","1","12.5","69.59","83.99","0","0","5","1","7.69","0","0.0","62.99",,"0","0","1","0","0.0","0",,,,"0","0","0","2026-04-18"
"shelve for wall that hold cookbook","766","3","66","9","13.64","2","66.67","1","50.0","28.99","28.99","0","0","2","0","0.0","0",,,,"0","0","0","0","0.0","0",,,,"0","0","0","2026-04-18"
"30"" live edge wood shelf","724","5","290","10","3.45","6","120.0","1","16.67","114.99","114.99","0","1","2","1","20.0","0","0.0","89.99",,"0","0","1","0","0.0","0",,,,"0","0","0","2026-04-18"
"11 x 16 frame with glass","743","24","565","10","1.77","13","54.17","1","7.69","24.29","20.99","0","2","4","3","12.5","0","0.0","27.59",,"0","1","1","2","8.33","0","0.0","22.07",,"0","0","1","2026-04-18"
"16x24 tempered glass frame","513","7","141","24","17.02","4","57.14","1","25.0","49.99","45.99","0","2","0","1","14.29","0","0.0","49.99",,"0","1","0","1","14.29","0","0.0","49.99",,"0","1","0","2026-04-18"
"4x6 mat for 6x8 frame natural wood","832","11","229","8","3.49","18","163.64","1","5.56","10.99","16.99","0","11","4","1","9.09","0","0.0","6.99",,"0","0","0","0","0.0","0",,,,"0","0","0","2026-04-18"
"8x10 picture frame wood","529","839","22523","23","0.1","372","44.34","1","0.27","12.99","17.99","32","221","68","144","17.16","0","0.0","9.99",,"14","88","26","62","7.39","0","0.0","9.99",,"7","40","9","2026-04-18"
"11.5 inch wall shelf","113","10","220","18","8.18","8","80.0","2","25.0","29.99","24.99","0","3","3","1","10.0","1","100.0","24.99","24.99","0","1","0","0","0.0","0",,,,"0","0","0","2026-04-18"
"8.5 x 11 frame","82","4638","142618","541","0.38","2138","46.1","4","0.19","7.99","21.99","407","1143","317","1039","22.4","1","0.1","6.09","21.99","247","539","146","621","13.39","0","0.0","6.09",,"163","333","79","2026-04-18"
"no screw shelves for wall","472","300","8585","35","0.41","137","45.67","1","0.73","15.99","24.99","13","82","30","25","8.33","0","0.0","14.35",,"1","16","5","2","0.67","0","0.0","9.99",,"0","2","0","2026-04-18"
"24x36 picture frame","620","913","26255","15","0.06","390","42.72","1","0.26","44.99","26.99","0","82","86","113","12.38","0","0.0","44.99",,"0","28","31","34","3.72","0","0.0","44.99",,"0","14","12","2026-04-18"
"real wood floating shelf kits","712","8","480","11","2.29","7","87.5","1","14.29","84.95","131.99","0","0","3","0","0.0","0",,,,"0","0","0","0","0.0","0",,,,"0","0","0","2026-04-18"
"large wooden shelf","641","88","2035","14","0.69","32","36.36","1","3.13","79.99","48.99","0","12","2","5","5.68","0","0.0","109.99",,"0","2","1","0","0.0","0",,,,"0","0","0","2026-04-18"
"deep wall shelves","470","498","12789","72","0.56","210","42.17","0","0.0","29.99",,"18","92","61","32","6.43","0","0.0","29.99",,"5","16","7","11","2.21","0","0.0","29.99",,"1","8","1","2026-04-18"
"small wall shelf 8 inch deep","659","6","293","13","4.44","5","83.33","1","20.0","19.99","24.99","0","4","0","2","33.33","0","0.0","19.99",,"0","2","0","2","33.33","0","0.0","19.99",,"0","2","0","2026-04-18"
"10 inch deep wall shelf","877","78","2022","43","2.13","58","74.36","0","0.0","29.82",,"0","13","12","6","7.69","0","0.0","28.37",,"0","3","1","1","1.28","0","0.0","43.99",,"0","0","0","2026-04-18"
"16 x 13 picture frame glass","245","7","154","1","0.65","6","85.71","1","16.67","17.99","28.99","0","2","2","3","42.86","1","33.33","23.97","28.99","0","1","1","0","0.0","0",,,,"0","0","0","2026-04-18"
"light oak 6 x 8 picture frames","934","6","127","6","4.72","7","116.67","1","14.29","15.29","18.99","0","6","1","0","0.0","0",,,,"0","0","0","0","0.0","0",,,,"0","0","0","2026-04-18"
"8x6 picture frames","596","913","24528","17","0.07","446","48.85","1","0.22","8.99","16.99","36","254","90","197","21.58","0","0.0","7.99",,"18","107","42","103","11.28","0","0.0","7.98",,"9","62","20","2026-04-18"
"wall shelves no screws needed","720","51","1139","11","0.97","23","45.1","1","4.35","15.99","26.99","11","8","0","3","5.88","0","0.0","14.35",,"2","1","0","0","0.0","0",,,,"0","0","0","2026-04-18"
"48"" shelf with live edge","117","4","132","12","9.09","6","150.0","2","33.33","93.99","102.99","0","0","0","1","25.0","1","100.0","102.99","102.99","0","0","0","0","0.0","0",,,,"0","0","0","2026-04-18"
"floating shelf wood","912","369","10508","43","0.41","121","32.79","0","0.0","29.99",,"21","43","28","15","4.07","0","0.0","26.99",,"2","6","5","1","0.27","0","0.0","16.99",,"0","0","1","2026-04-18"
"floating shelves walnut live edge","765","3","84","9","10.71","2","66.67","1","50.0","99.99","114.99","0","0","0","0","0.0","0",,,,"0","0","0","0","0.0","0",,,,"0","0","0","2026-04-18"
"heavy duty wall shelf","286","887","24015","112","0.47","320","36.08","2","0.63","39.99","51.99","25","111","64","37","4.17","0","0.0","39.9",,"4","11","8","7","0.79","0","0.0","32.99",,"2","1","2","2026-04-18"
"up up wall shelf colors of 100 lb","974","8","157","5","3.18","5","62.5","1","20.0","44.99","44.99","0","2","0","0","0.0","0",,,,"0","0","0","0","0.0","0",,,,"0","0","0","2026-04-18"
"white wire shelving wall mounted","57","12","345","3","0.87","6","50.0","1","16.67","49.99","70.8","0","3","2","2","16.67","1","50.0","42.9","70.8","0","0","1","1","8.33","1","100.0","70.8","70.8","0","0","1","2026-04-18"
"12x14 wall shelf","52","12","269","3","1.12","6","50.0","1","16.67","26.18","26.18","0","3","2","2","16.67","1","50.0","16.99","26.18","0","1","0","1","8.33","1","100.0","26.18","26.18","0","0","0","2026-04-18"
"wood frame","353","2315","65743","110","0.17","623","26.91","0","0.0","18.99",,"54","349","100","151","6.52","0","0.0","14.95",,"11","83","26","30","1.3","0","0.0","13.29",,"3","20","5","2026-04-18"
"6x8 frame","378","1167","35894","97","0.27","537","46.02","0","0.0","9.88",,"34","326","99","204","17.48","0","0.0","8.99",,"16","125","39","84","7.2","0","0.0","7.98",,"7","58","17","2026-04-18"
"5 inch x 7 inch picture frames","257","2","110","1","0.91","2","100.0","1","50.0","8.99","16.99","0","0","2","2","100.0","1","50.0","8.99","16.99","0","0","2","0","0.0","0",,,,"0","0","0","2026-04-18"
"heavy duty wood shelf","334","34","747","12","1.61","11","32.35","3","27.27","63.99","63.99","0","4","3","1","2.94","0","0.0","72.99",,"0","0","1","0","0.0","0",,,,"0","0","0","2026-04-18"
"tan picture frames","833","70","1970","7","0.36","18","25.71","1","5.56","23.74","20.99","1","10","6","4","5.71","0","0.0","26.99",,"0","1","2","0","0.0","0",,,,"0","0","0","2026-04-18"
"black wall shelf long","715","27","956","11","1.15","11","40.74","1","9.09","35.99","44.99","1","3","6","0","0.0","0",,,,"0","0","0","0","0.0","0",,,,"0","0","0","2026-04-18"
"picture frames 5x7 with mat","711","111","3929","11","0.28","42","37.84","1","2.38","11.89","16.99","9","27","5","16","14.41","0","0.0","9.99",,"3","12","1","7","6.31","0","0.0","9.99",,"2","4","1","2026-04-18"
"white and silver floating shelf","987","20","474","5","1.05","6","30.0","1","16.67","26.99","41.99","0","2","3","1","5.0","0","0.0","21.97",,"0","1","0","0","0.0","0",,,,"0","0","0","2026-04-18"
"wood framed art with mat","79","10","189","1","0.53","6","60.0","1","16.67","20.99","20.99","0","4","1","3","30.0","1","33.33","20.99","20.99","0","2","0","2","20.0","1","50.0","18.99","20.99","0","2","0","2026-04-18"
"8 deep wall shelves","660","9","167","13","7.78","7","77.78","1","14.29","33.95","24.99","0","6","0","0","0.0","0",,,,"0","0","0","0","0.0","0",,,,"0","0","0","2026-04-18"
"11x14 picture frame","7","31200","768973","1088","0.14","14403","46.16","11","0.08","9.01","25.99","2950","7317","2222","6622","21.22","3","0.05","7.98","27.99","1630","3442","866","3121","10.0","0","0.0","6.99",,"921","1664","340","2026-04-18"
"8.5x11 frame","356","1203","38984","69","0.18","567","47.13","1","0.18","9.89","21.99","82","304","111","289","24.02","0","0.0","6.79",,"59","150","52","167","13.88","0","0.0","6.99",,"41","95","17","2026-04-18"
"wall shelves","376","67190","1726038","61","0.0","20502","30.51","1","0.0","23.99","51.99","3124","8390","3791","4369","6.5","0","0.0","21.99",,"694","1864","736","726","1.08","0","0.0","20.8",,"203","343","94","2026-04-18"
"box shelf for wall","147","155","4053","13","0.32","45","29.03","1","2.22","25.99","24.99","1","22","6","11","7.1","1","9.09","24.99","24.99","0","6","1","2","1.29","0","0.0","13.0",,"0","2","0","2026-04-18"
"frame matted to 11x15","892","29","857","6","0.7","14","48.28","1","7.14","34.98","45.99","0","8","3","5","17.24","0","0.0","28.99",,"0","4","0","2","6.9","0","0.0","28.99",,"0","2","0","2026-04-18"
"live edge floating shelving with brackets","434","8","182","7","3.85","21","262.5","2","9.52","131.99","131.99","0","2","6","0","0.0","0",,,,"0","0","0","0","0.0","0",,,,"0","0","0","2026-04-18"
"20 by 30 inch natural frame that is 1/4 inch wide 3 pack","914","16","300","6","2.0","13","81.25","1","7.69","79.99","63.99","0","2","6","1","6.25","0","0.0","78.29",,"0","0","0","1","6.25","0","0.0","78.29",,"0","0","0","2026-04-18"
"wall shelf adhesive","655","138","3609","13","0.36","72","52.17","1","1.39","15.99","24.99","16","34","16","8","5.8","0","0.0","12.99",,"3","2","3","4","2.9","0","0.0","12.99",,"1","1","2","2026-04-18"
"wooden picture frame","399","626","18821","14","0.07","201","32.11","2","1.0","14.38","81.99","15","112","42","52","8.31","0","0.0","9.89",,"5","25","8","13","2.08","0","0.0","18.95",,"2","7","2","2026-04-18"
"5x7 boho frame","577","25","546","18","3.3","17","68.0","1","5.88","18.99","16.99","2","10","4","7","28.0","0","0.0","19.99",,"0","3","4","2","8.0","0","0.0","18.39",,"0","0","2","2026-04-18"
"archival frames uv acid free","950","173","4279","6","0.14","54","31.21","1","1.85","24.99","52.99","1","20","15","0","0.0","0",,,,"0","0","0","0","0.0","0",,,,"0","0","0","2026-04-18"
"wooden picture frames 4x6","129","378","12324","26","0.21","141","37.3","1","0.71","16.99","13.99","9","68","24","66","17.46","1","1.52","16.99","13.99","2","38","8","25","6.61","0","0.0","16.99",,"0","19","2","2026-04-18"
"8 inch wide floating shelves","701","19","437","11","2.52","9","47.37","1","11.11","28.99","24.99","0","3","2","1","5.26","0","0.0","29.99",,"0","0","1","0","0.0","0",,,,"0","0","0","2026-04-18"
"live edge floating shelves for wall","313","84","1984","71","3.58","50","59.52","2","4.0","94.99","114.99","0","11","5","3","3.57","0","0.0","44.99",,"0","2","0","0","0.0","0",,,,"0","0","0","2026-04-18"
"6x8 picture frame retro","212","17","375","3","0.8","12","70.59","1","8.33","17.99","16.99","1","2","4","2","11.76","1","50.0","16.99","16.99","0","1","1","0","0.0","0",,,,"0","0","0","2026-04-18"
"narrow wood floating shelves","420","13","281","9","3.2","9","69.23","2","22.22","33.14","131.99","2","5","1","0","0.0","0",,,,"0","0","0","0","0.0","0",,,,"0","0","0","2026-04-18"
"light colored wood floating shelf 36in","963","5","110","5","4.55","3","60.0","1","33.33","112.99","112.99","0","0","2","0","0.0","0",,,,"0","0","0","0","0.0","0",,,,"0","0","0","2026-04-18"
"22x28 wood frame 18x24 pack","419","8","177","9","5.08","18","225.0","2","11.11","58.39","64.99","0","0","7","2","25.0","0","0.0","31.35",,"0","0","0","0","0.0","0",,,,"0","0","0","2026-04-18"
"4x6"" oak wood picture frame","744","2","120","10","8.33","2","100.0","1","50.0","13.99","13.99","0","2","0","0","0.0","0",,,,"0","0","0","0","0.0","0",,,,"0","0","0","2026-04-18"
"bookshelf wall","787","719","20153","46","0.23","208","28.93","0","0.0","27.99",,"15","103","35","40","5.56","0","0.0","24.95",,"5","20","5","10","1.39","0","0.0","19.99",,"2","6","0","2026-04-18"
"picture frames 8x10","284","6654","201245","118","0.06","2440","36.67","2","0.08","15.99","17.99","389","1263","398","924","13.89","0","0.0","15.15",,"193","497","145","403","6.06","0","0.0","14.68",,"99","224","46","2026-04-18"
"floating shelves 12w","793","5","110","9","8.18","3","60.0","1","33.33","25.99","24.99","0","0","0","1","20.0","0","0.0","25.99",,"0","0","0","0","0.0","0",,,,"0","0","0","2026-04-18"
"rustic black wall shelf","638","9","191","14","7.33","6","66.67","1","16.67","34.84","51.99","0","2","3","0","0.0","0",,,,"0","0","0","0","0.0","0",,,,"0","0","0","2026-04-18"
"long floating shelves","497","1227","30910","64","0.21","582","47.43","0","0.0","59.99",,"16","158","178","83","6.76","0","0.0","54.99",,"2","23","23","7","0.57","0","0.0","69.99",,"0","3","3","2026-04-18"
"8x10 picture frame with mat wood","683","35","1009","12","1.19","22","62.86","1","4.55","16.99","17.99","1","17","4","2","5.71","0","0.0","23.99",,"0","1","1","2","5.71","0","0.0","23.99",,"0","1","1","2026-04-18"
"upside down wall shelf","252","3","60","1","1.67","1","33.33","1","100.0","28.99","28.99","0","0","0","1","33.33","1","100.0","28.99","28.99","0","0","0","0","0.0","0",,,,"0","0","0","2026-04-18"
"wood 5x7 frame","157","34","1098","9","0.82","17","50.0","1","5.88","13.29","17.99","1","10","3","10","29.41","1","10.0","16.19","17.99","0","6","3","1","2.94","0","0.0","8.99",,"0","1","0","2026-04-18"
"wall storage","665","6210","161535","50","0.03","1571","25.3","0","0.0","25.49",,"196","682","247","454","7.31","0","0.0","20.99",,"64","208","69","38","0.61","0","0.0","19.99",,"11","19","6","2026-04-18"
"frames 11x14","22","2828","79139","101","0.13","1066","37.69","3","0.28","14.99","20.99","213","535","145","408","14.43","1","0.25","9.99","20.99","102","205","47","194","6.86","1","0.52","6.99","20.99","55","104","21","2026-04-18"
"floating shelf 12 inch deep","488","170","5808","67","1.15","79","46.47","0","0.0","35.99",,"2","47","22","7","4.12","0","0.0","32.99",,"0","5","2","4","2.35","0","0.0","32.99",,"0","3","1","2026-04-18"
"22x28 canvas frame","726","31","738","10","1.36","22","70.97","1","4.55","44.0","64.99","0","4","6","2","6.45","0","0.0","95.99",,"0","0","0","1","3.23","0","0.0","95.99",,"0","0","0","2026-04-18"
"grey bracket shelves farmhouse","880","2","44","6","13.64","1","50.0","1","100.0","27.99","27.99","0","0","0","0","0.0","0",,,,"0","0","0","0","0.0","0",,,,"0","0","0","2026-04-18"
"metal kitchen shelves wall mounted","700","39","777","11","1.42","13","33.33","1","7.69","44.97","41.99","0","4","7","1","2.56","0","0.0","54.99",,"0","0","1","0","0.0","0",,,,"0","0","0","2026-04-18"
"walnut frame matted to 8x10","175","9","229","6","2.62","6","66.67","1","16.67","13.99","27.99","1","3","0","1","11.11","1","100.0","27.99","27.99","0","0","0","0","0.0","0",,,,"0","0","0","2026-04-18"
"oak shelving with j brackets","797","10","211","8","3.79","4","40.0","1","25.0","78.99","78.99","1","2","0","0","0.0","0",,,,"0","0","0","0","0.0","0",,,,"0","0","0","2026-04-18"
"11x14 frame with mat","24","678","21513","58","0.27","279","41.15","1","0.36","17.99","20.99","45","141","54","90","13.27","1","1.11","17.09","20.99","18","50","14","37","5.46","1","2.7","18.99","20.99","4","26","5","2026-04-18"
"18 x 22 picture frame shatter","812","9","180","8","4.44","5","55.56","1","20.0","39.79","26.99","0","1","1","2","22.22","0","0.0","61.39",,"0","0","1","1","11.11","0","0.0","42.29",,"0","0","0","2026-04-18"
"36 inch floating shelves for wall, 8 inch deep","873","3","180","6","3.33","3","100.0","1","33.33","69.99","112.99","0","0","1","1","33.33","0","0.0","69.99",,"0","0","0","1","33.33","0","0.0","69.99",,"0","0","0","2026-04-18"
"mat opening 16x24","897","9","268","6","2.24","5","55.56","1","20.0","34.99","45.99","0","0","3","3","33.33","0","0.0","34.99",,"0","0","2","1","11.11","0","0.0","38.99",,"0","0","1","2026-04-18"
"wooden picture frames rounded edges 8x10","714","9","198","11","5.56","3","33.33","1","33.33","18.99","17.99","0","2","1","0","0.0","0",,,,"0","0","0","0","0.0","0",,,,"0","0","0","2026-04-18"
"wall shelf for bedroom","407","4025","96656","49","0.05","1293","32.12","1","0.08","24.98","24.99","218","549","247","273","6.78","0","0.0","24.95",,"40","116","58","54","1.34","0","0.0","20.99",,"12","27","10","2026-04-18"
"8.5x11 picture frame with mat","374","128","4465","98","2.19","69","53.91","0","0.0","12.59",,"8","26","7","18","14.06","0","0.0","9.59",,"3","8","3","11","8.59","0","0.0","9.59",,"3","4","2","2026-04-18"
"matted to 5x7 wood frame","243","1","60","1","1.67","1","100.0","1","100.0","16.99","16.99","0","0","0","1","100.0","1","100.0","16.99","16.99","0","0","0","0","0.0","0",,,,"0","0","0","2026-04-18"
"nail less shelves for wall","124","37","791","3","0.38","16","43.24","2","12.5","20.8","26.99","2","3","2","2","5.41","1","50.0","11.29","26.99","1","0","0","0","0.0","0",,,,"0","0","0","2026-04-18"
"solid wood floating shelf","380","121","3091","23","0.74","66","54.55","2","3.03","81.99","112.99","1","11","41","3","2.48","0","0.0","85.99",,"0","0","1","0","0.0","0",,,,"0","0","0","2026-04-18"
"18x24 frame rounded corners","462","43","1019","38","3.73","12","27.91","1","8.33","42.99","49.99","0","2","3","4","9.3","0","0.0","25.64",,"0","0","2","0","0.0","0",,,,"0","0","0","2026-04-18"
"dark wood floating shelves","303","529","13949","155","1.11","255","48.2","0","0.0","30.59",,"28","118","40","41","7.75","0","0.0","27.97",,"3","26","5","3","0.57","0","0.0","27.54",,"1","2","0","2026-04-18"
"12x16 wood frame","135","277","7859","20","0.25","124","44.77","1","0.81","16.14","25.99","11","73","29","59","21.3","1","1.69","16.66","25.99","4","34","17","21","7.58","0","0.0","15.19",,"0","13","5","2026-04-18"
"36 inch floating shelf","283","466","13179","160","1.21","231","49.57","1","0.43","47.97","112.99","4","68","78","37","7.94","0","0.0","46.47",,"1","8","15","13","2.79","0","0.0","38.69",,"0","5","6","2026-04-18"
"red wood book case 1 shelf","169","3","67","7","10.45","1","33.33","1","100.0","44.99","44.99","0","1","0","1","33.33","1","100.0","44.99","44.99","0","1","0","0","0.0","0",,,,"0","0","0","2026-04-18"
"wood wall shelves 12 inches wide","817","4","88","8","9.09","3","75.0","1","33.33","24.99","24.99","0","1","2","0","0.0","0",,,,"0","0","0","0","0.0","0",,,,"0","0","0","2026-04-18"
"16 by 24 matted frame tan","170","8","175","7","4.0","3","37.5","1","33.33","38.69","45.99","0","0","0","2","25.0","1","50.0","38.69","45.99","0","0","0","0","0.0","0",,,,"0","0","0","2026-04-18"
"12x16 natural wood shelf","668","5","111","13","11.71","3","60.0","1","33.33","34.82","28.99","0","3","0","1","20.0","0","0.0","34.82",,"0","1","0","0","0.0","0",,,,"0","0","0","2026-04-18"
"wooden japanese picture frame","240","3","67","1","1.49","2","66.67","1","50.0","17.75","17.99","0","2","0","1","33.33","1","100.0","17.99","17.99","0","1","0","0","0.0","0",,,,"0","0","0","2026-04-18"
"4 ft live edge shelf","536","11","214","22","10.28","16","145.45","1","6.25","99.99","102.99","0","0","3","0","0.0","0",,,,"0","0","0","0","0.0","0",,,,"0","0","0","2026-04-18"
"black shelf with brackets 24 by 8","43","5","109","5","4.59","3","60.0","1","33.33","24.99","44.99","0","2","0","1","20.0","1","100.0","44.99","44.99","0","0","0","1","20.0","1","100.0","44.99","44.99","0","0","0","2026-04-18"
"black metal wall shelf 8 inches deep","951","4","100","6","6.0","7","175.0","1","14.29","23.78","24.99","0","4","3","1","25.0","0","0.0","23.78",,"0","1","0","1","25.0","0","0.0","23.78",,"0","1","0","2026-04-18"
"rustic wood and metal wall shelving","67","2","66","2","3.03","1","50.0","1","100.0","63.99","63.99","0","0","0","1","50.0","1","100.0","63.99","63.99","0","0","0","1","50.0","1","100.0","63.99","63.99","0","0","0","2026-04-18"
"walnut frame thick","207","7","153","4","2.61","3","42.86","1","33.33","27.99","27.99","0","0","1","2","28.57","1","50.0","26.59","27.99","0","0","1","0","0.0","0",,,,"0","0","0","2026-04-18"
"6” x 8” picture frame","47","4","78","4","5.13","4","100.0","1","25.0","7.99","18.99","0","1","0","3","75.0","1","33.33","8.23","18.99","0","1","0","1","25.0","1","100.0","18.99","18.99","0","1","0","2026-04-18"
"wall shelves for kitchen storage","838","61","1293","7","0.54","23","37.7","1","4.35","26.96","24.99","8","7","5","9","14.75","0","0.0","28.49",,"4","2","3","0","0.0","0",,,,"0","0","0","2026-04-18"
"wooden frames 5x7 with mat","900","4","88","6","6.82","2","50.0","1","50.0","6.38","17.99","0","2","0","0","0.0","0",,,,"0","0","0","0","0.0","0",,,,"0","0","0","2026-04-18"
"espresso wood frames narrow","841","28","614","44","7.17","18","64.29","0","0.0","19.99",,"0","8","10","0","0.0","0",,,,"0","0","0","0","0.0","0",,,,"0","0","0","2026-04-18"
"24x16 frame glass mat","820","2","44","8","18.18","2","100.0","1","50.0","52.99","52.99","0","0","0","1","50.0","0","0.0","53.99",,"0","0","0","0","0.0","0",,,,"0","0","0","2026-04-18"
"hanging shelf 11 inches deep","158","5","93","9","9.68","2","40.0","1","50.0","26.59","26.99","0","2","0","1","20.0","1","100.0","26.99","26.99","0","1","0","0","0.0","0",,,,"0","0","0","2026-04-18"
"kovascape floating shelves, 8 inch deep rustic wood wall storage, 24w x 8d wall shelves set of 2, heavy duty metal brackets, industrial book shelf for living room, kitchen, bathroom, bedroom, grey","405","5","104","12","11.54","5","100.0","2","40.0","40.84",,"0","3","0","0","0.0","0",,,,"0","0","0","0","0.0","0",,,,"0","0","0","2026-04-18"
"wall shelf 12 inch deep x 24 inch wide","137","41","1017","17","1.67","20","48.78","1","5.0","32.99","24.99","2","9","7","8","19.51","1","12.5","39.99","24.99","0","4","2","4","9.76","0","0.0","39.99",,"0","1","1","2026-04-18"
"picture frame rounded corner","960","10","272","5","1.84","6","60.0","1","16.67","20.99","20.99","0","2","0","3","30.0","0","0.0","19.79",,"0","0","0","1","10.0","0","0.0","19.79",,"0","0","0","2026-04-18"
"11x14 picture frame with mat oak","80","1","21","1","4.76","1","100.0","1","100.0","20.99","20.99","0","1","0","1","100.0","1","100.0","20.99","20.99","0","1","0","1","100.0","1","100.0","20.99","20.99","0","1","0","2026-04-18"
"5 x 7 picture frame","96","4713","150937","93","0.06","1829","38.81","4","0.22","9.99","16.99","243","1020","335","824","17.48","1","0.12","9.99","16.99","119","492","134","422","8.95","0","0.0","8.99",,"64","265","67","2026-04-18"
"live edge shelf 48” 10” wide","496","10","221","28","12.67","9","90.0","1","11.11","104.49","114.99","0","6","2","2","20.0","0","0.0","114.99",,"0","1","0","0","0.0","0",,,,"0","0","0","2026-04-18"
"24x30 frame","85","1996","54463","324","0.59","787","39.43","4","0.51","36.99","73.99","3","196","279","264","13.23","1","0.38","35.99","73.99","1","80","91","106","5.31","0","0.0","34.99",,"1","37","36","2026-04-18"
"white shelves for wall","640","2979","71265","51","0.07","1273","42.73","0","0.0","25.99",,"172","547","262","331","11.11","0","0.0","23.99",,"52","122","75","72","2.42","0","0.0","23.97",,"23","33","9","2026-04-18"
"6 inch wood shelf grey","829","6","100","8","8.0","2","33.33","1","50.0","22.97","27.99","0","1","0","0","0.0","0",,,,"0","0","0","0","0.0","0",,,,"0","0","0","2026-04-18"
"12x16 natural wooden picture frame with acrylic","702","18","377","11","2.92","16","88.89","1","6.25","25.99","25.99","0","2","11","1","5.56","0","0.0","23.74",,"0","0","1","0","0.0","0",,,,"0","0","0","2026-04-18"
"frame 24 x 36","925","178","5121","6","0.12","83","46.63","1","1.2","42.99","19.99","0","25","19","32","17.98","0","0.0","38.99",,"0","8","6","14","7.87","0","0.0","36.99",,"0","6","2","2026-04-18"
"white wall bookshelf","551","140","3229","20","0.62","48","34.29","1","2.08","34.95","48.99","3","14","17","10","7.14","0","0.0","24.95",,"3","5","2","2","1.43","0","0.0","24.95",,"0","0","2","2026-04-18"
"16 deep wall shelf","50","4","164","4","2.44","2","50.0","1","50.0","24.99","24.99","0","2","0","1","25.0","1","100.0","24.99","24.99","0","1","0","1","25.0","1","100.0","24.99","24.99","0","1","0","2026-04-18"
"16x20 frame matted to 11x14","390","824","23229","55","0.24","353","42.84","1","0.28","34.59","38.99","14","106","113","112","13.59","0","0.0","35.99",,"4","39","43","36","4.37","0","0.0","28.99",,"1","18","11","2026-04-18"
"wall shelf medium 8inches","768","3","66","9","13.64","3","100.0","1","33.33","19.99","24.99","0","3","0","0","0.0","0",,,,"0","0","0","0","0.0","0",,,,"0","0","0","2026-04-18"
"16x24 picture frame","377","3435","85875","97","0.11","1480","43.09","0","0.0","24.35",,"55","519","511","663","19.3","0","0.0","24.29",,"29","252","223","221","6.43","0","0.0","22.99",,"10","82","82","2026-04-18"
"10 inches x 12 inches shelves with wall attachments","855","5","86","7","8.14","3","60.0","1","33.33","27.99","24.99","0","2","1","1","20.0","0","0.0","27.99",,"0","0","1","0","0.0","0",,,,"0","0","0","2026-04-18"
"heavy duty 12 in walnut shelving","794","3","67","9","13.43","1","33.33","1","100.0","24.99","24.99","0","1","0","0","0.0","0",,,,"0","0","0","0","0.0","0",,,,"0","0","0","2026-04-18"
"画框挂墙","343","23","403","7","1.74","16","69.57","3","18.75","36.99","26.99","0","8","3","1","4.35","0","0.0","75.99",,"0","0","0","1","4.35","0","0.0","75.99",,"0","0","0","2026-04-18"
"12x16 picture frame stand glass","164","15","306","8","2.61","11","73.33","1","9.09","16.66","25.99","0","10","0","2","13.33","1","50.0","22.99","25.99","0","1","0","0","0.0","0",,,,"0","0","0","2026-04-18"
"live wood floating shelves for wall","500","10","512","27","5.27","5","50.0","1","20.0","94.99","94.99","0","0","1","0","0.0","0",,,,"0","0","0","0","0.0","0",,,,"0","0","0","2026-04-18"
"frame 22x28","477","150","4460","34","0.76","63","42.0","1","1.59","30.99","64.99","0","16","26","24","16.0","0","0.0","30.39",,"0","4","11","12","8.0","0","0.0","30.39",,"0","1","5","2026-04-18"
"frame picture whit mat for photo 8.5 x 12.5","690","16","357","12","3.36","20","125.0","1","5.0","17.95","26.99","0","12","6","0","0.0","0",,,,"0","0","0","0","0.0","0",,,,"0","0","0","2026-04-18"
"floating shelves 36 inch with lip","849","7","155","7","4.52","5","71.43","1","20.0","56.99","114.99","0","0","2","0","0.0","0",,,,"0","0","0","0","0.0","0",,,,"0","0","0","2026-04-18"
"16x20 frame with mat","364","2345","63445","103","0.16","910","38.81","0","0.0","29.35",,"39","297","314","288","12.28","0","0.0","27.99",,"19","114","89","103","4.39","0","0.0","25.49",,"10","47","33","2026-04-18"
"decorative shelving","972","937","24601","5","0.02","232","24.76","1","0.43","39.99","28.99","15","70","23","47","5.02","0","0.0","39.99",,"0","15","5","3","0.32","0","0.0","27.99",,"0","2","0","2026-04-18"
"live edge shelf","274","461","12770","232","1.82","152","32.97","0","0.0","79.99",,"4","28","43","15","3.25","0","0.0","85.99",,"0","5","5","3","0.65","0","0.0","69.99",,"0","1","2","2026-04-18"
"23in by 35in glass frames","722","13","279","11","3.94","6","46.15","1","16.67","58.99","81.99","0","0","0","1","7.69","0","0.0","48.55",,"0","0","0","1","7.69","0","0.0","48.55",,"0","0","0","2026-04-18"
"wood frame with matting","241","7","140","1","0.71","2","28.57","1","50.0","20.99","20.99","0","0","0","2","28.57","1","50.0","20.99","20.99","0","0","0","0","0.0","0",,,,"0","0","0","2026-04-18"
"16 x 22 frame with mat","969","13","317","5","1.58","10","76.92","1","10.0","41.39","48.99","0","4","5","1","7.69","0","0.0","37.99",,"0","1","0","1","7.69","0","0.0","37.99",,"0","1","0","2026-04-18"
"18x24 frame with mat","10","1459","40757","116","0.28","579","39.68","5","0.86","34.99","64.99","14","164","251","160","10.97","3","1.88","34.99","64.99","6","51","66","65","4.46","1","1.54","33.99","64.99","4","24","24","2026-04-18"
"8x10 wood frame","100","660","18653","138","0.74","332","50.3","1","0.3","13.99","17.99","36","203","63","145","21.97","1","0.69","11.96","17.99","11","83","32","60","9.09","0","0.0","9.99",,"2","40","14","2026-04-18"
"walnut frame","306","403","11560","115","0.99","158","39.21","1","0.63","27.99","28.99","4","85","41","41","10.17","0","0.0","24.72",,"1","26","11","2","0.5","0","0.0","27.99",,"0","2","0","2026-04-18"
"photo frames 4x6","186","679","20081","6","0.03","232","34.17","1","0.43","15.29","13.99","28","127","32","76","11.19","1","1.32","14.99","13.99","14","40","9","26","3.83","0","0.0","14.39",,"3","16","5","2026-04-18"
"small live edge floating shelves","704","29","628","11","1.75","18","62.07","1","5.56","53.99","94.99","0","14","0","1","3.45","0","0.0","27.99",,"0","1","0","0","0.0","0",,,,"0","0","0","2026-04-18"
"wooden floating shelf live edge","492","20","442","28","6.33","14","70.0","1","7.14","99.99","114.99","0","0","12","0","0.0","0",,,,"0","0","0","0","0.0","0",,,,"0","0","0","2026-04-18"
"floating shelf 36 inch long x 3 inches deep wood","203","2","120","4","3.33","2","100.0","1","50.0","47.97","112.99","0","0","1","1","50.0","1","100.0","112.99","112.99","0","0","0","0","0.0","0",,,,"0","0","0","2026-04-18"
"rustic white shelf","606","25","489","16","3.27","11","44.0","1","9.09","37.99","24.99","3","5","3","1","4.0","0","0.0","23.99",,"1","0","0","0","0.0","0",,,,"0","0","0","2026-04-18"
"5x7 picture frame with mat","515","1111","33249","61","0.18","465","41.85","0","0.0","11.69",,"55","250","82","146","13.14","0","0.0","9.99",,"20","87","20","70","6.3","0","0.0","8.99",,"13","44","7","2026-04-18"
"dark wood frame 8x10","958","9","287","5","1.74","6","66.67","1","16.67","19.44","17.99","0","2","2","4","44.44","0","0.0","22.99",,"0","2","1","3","33.33","0","0.0","22.99",,"0","2","1","2026-04-18"
"home decor","413","320789","7598853","85","0.0","81557","25.42","0","0.0","19.99",,"9116","22625","10480","27413","8.55","0","0.0","17.99",,"3868","9016","4043","1248","0.39","0","0.0","12.99",,"401","498","139","2026-04-18"
"brown frames","798","241","6061","8","0.13","89","36.93","1","1.12","24.99","17.99","11","50","15","27","11.2","0","0.0","24.99",,"6","15","4","5","2.07","0","0.0","14.99",,"1","4","0","2026-04-18"
"dark wood floating shelf","661","84","2127","13","0.61","36","42.86","1","2.78","34.98","131.99","3","16","10","7","8.33","0","0.0","49.99",,"0","3","2","2","2.38","0","0.0","27.54",,"0","1","1","2026-04-18"
"bookcase 12 in depth wall mount","966","3","176","5","2.84","4","133.33","1","25.0","29.97","26.99","0","0","4","0","0.0","0",,,,"0","0","0","0","0.0","0",,,,"0","0","0","2026-04-18"
"brown 26x30 frame","839","7","155","7","4.52","6","85.71","1","16.67","40.79","28.99","0","5","0","0","0.0","0",,,,"0","0","0","0","0.0","0",,,,"0","0","0","2026-04-18"
"frame with mat light wood oak 8.5x11","63","5","110","2","1.82","4","80.0","1","25.0","25.99","25.99","0","0","0","3","60.0","1","33.33","25.99","25.99","0","0","0","1","20.0","1","100.0","25.99","25.99","0","0","0","2026-04-18"
"16 x 24 glass frame","755","24","823","9","1.09","16","66.67","1","6.25","38.94","45.99","0","4","9","4","16.67","0","0.0","37.99",,"0","2","2","3","12.5","0","0.0","37.99",,"0","1","2","2026-04-18"
"30 inch live edge floating shelf black","903","29","643","43","6.69","25","86.21","0","0.0","95.0",,"0","0","5","0","0.0","0",,,,"0","0","0","0","0.0","0",,,,"0","0","0","2026-04-18"
"8 inch black wall shelves with brackets","617","6","133","15","11.28","5","83.33","1","20.0","44.97","44.99","2","0","0","1","16.67","0","0.0","44.97",,"0","0","0","1","16.67","0","0.0","44.97",,"0","0","0","2026-04-18"
"rounded corner picture frame 18x24","347","28","689","43","6.24","16","57.14","2","12.5","53.99","49.99","0","10","1","3","10.71","0","0.0","31.35",,"0","1","1","2","7.14","0","0.0","29.99",,"0","1","0","2026-04-18"
"industrial wall shelf 22 inches","920","5","123","6","4.88","3","60.0","1","33.33","51.99","51.99","0","0","2","0","0.0","0",,,,"0","0","0","0","0.0","0",,,,"0","0","0","2026-04-18"
"8.5x11 picture frame","4","2975","84935","573","0.67","1349","45.34","7","0.52","8.99","21.99","242","729","200","686","23.06","3","0.44","7.99","21.99","150","362","91","379","12.74","2","0.53","6.64","21.99","108","198","39","2026-04-18"
"live edge shelves","296","453","12833","127","0.99","156","34.44","1","0.64","85.99","114.99","3","33","33","19","4.19","0","0.0","89.99",,"0","7","6","4","0.88","0","0.0","79.99",,"0","2","2","2026-04-18"
"boutique frame","976","238","12876","42","0.33","16","6.72","0","0.0","22.95",,"0","7","3","3","1.26","0","0.0","11.19",,"0","1","1","0","0.0","0",,,,"0","0","0","2026-04-18"
"11x14 frame","291","5858","178282","173","0.1","2699","46.07","0","0.0","8.99",,"502","1474","416","1157","19.75","0","0.0","7.99",,"265","629","155","539","9.2","0","0.0","6.99",,"147","283","63","2026-04-18"
"36 inch floating shelves live edge","857","4","72","7","9.72","2","50.0","1","50.0","114.99","114.99","0","0","0","0","0.0","0",,,,"0","0","0","0","0.0","0",,,,"0","0","0","2026-04-18"
"wall mounted shelf with lip","304","63","1243","7","0.56","23","36.51","4","17.39","25.89","51.99","2","13","4","3","4.76","0","0.0","25.89",,"0","3","0","0","0.0","0",,,,"0","0","0","2026-04-18"
"solid acacia wood shelves floating","997","5","110","5","4.55","6","120.0","1","16.67","45.98","114.99","0","0","0","0","0.0","0",,,,"0","0","0","0","0.0","0",,,,"0","0","0","2026-04-18"
"wood picture frames with glass","932","35","1088","6","0.55","16","45.71","1","6.25","17.99","20.99","3","4","8","3","8.57","0","0.0","32.98",,"1","1","1","1","2.86","0","0.0","16.49",,"1","0","0","2026-04-18"
"11x14 pucture frame with mat and glass","77","1","22","1","4.55","2","200.0","1","50.0","20.99","20.99","0","2","0","1","100.0","1","100.0","20.99","20.99","0","1","0","1","100.0","1","100.0","20.99","20.99","0","1","0","2026-04-18"
"wall shelf with bottom support 12 incg","53","1","22","3","13.64","1","100.0","1","100.0","28.99","28.99","0","1","0","1","100.0","1","100.0","28.99","28.99","0","1","0","1","100.0","1","100.0","28.99","28.99","0","1","0","2026-04-18"
"8x10 textured wood picture frame","233","2","44","2","4.55","1","50.0","1","100.0","17.99","17.99","0","0","1","1","50.0","1","100.0","17.99","17.99","0","0","1","0","0.0","0",,,,"0","0","0","2026-04-18"
"matte black bathroom shelves","213","33","906","3","0.33","12","36.36","1","8.33","34.99","44.99","0","3","4","5","15.15","1","20.0","34.99","44.99","0","1","1","0","0.0","0",,,,"0","0","0","2026-04-18"
"lily and faye frames","65","49","916","2","0.22","15","30.61","1","6.67","30.25","20.99","2","8","3","4","8.16","1","25.0","20.99","20.99","1","2","1","1","2.04","1","100.0","20.99","20.99","0","0","1","2026-04-18"
"garage wall shelf","962","992","27095","5","0.02","317","31.96","1","0.32","65.99","24.99","8","91","86","81","8.17","0","0.0","69.99",,"2","22","25","25","2.52","0","0.0","39.9",,"2","12","4","2026-04-18"
"walnut industrial shelves","559","14","376","19","5.05","9","64.29","1","11.11","26.99","24.99","0","8","1","2","14.29","0","0.0","69.99",,"0","1","1","0","0.0","0",,,,"0","0","0","2026-04-18"
"picture frames simple","792","18","452","9","1.99","9","50.0","1","11.11","8.99","20.99","3","3","0","1","5.56","0","0.0","11.89",,"1","0","0","1","5.56","0","0.0","11.89",,"1","0","0","2026-04-18"
"16in w 8in d","384","9","170","21","12.35","6","66.67","2","33.33","19.99","24.99","0","2","1","0","0.0","0",,,,"0","0","0","0","0.0","0",,,,"0","0","0","2026-04-18"
"vintage frames","114","3815","97398","18","0.02","1221","32.01","2","0.16","21.99","18.99","102","606","244","349","9.15","1","0.29","19.99","18.99","39","174","78","32","0.84","0","0.0","17.99",,"4","16","11","2026-04-18"
"white 12 inch deep open kitchen shelves","122","3","65","4","6.15","2","66.67","2","100.0","24.99","24.99","0","2","0","1","33.33","1","100.0","24.99","24.99","0","1","0","0","0.0","0",,,,"0","0","0","2026-04-18"
"8 inch wide floating wall shelves","921","3","66","6","9.09","2","66.67","1","50.0","41.99","41.99","0","0","0","0","0.0","0",,,,"0","0","0","0","0.0","0",,,,"0","0","0","2026-04-18"
"wall shelf no screws","396","75","1779","15","0.84","44","58.67","2","4.55","14.49","24.99","13","16","7","9","12.0","0","0.0","12.99",,"2","3","2","3","4.0","0","0.0","12.99",,"2","0","0","2026-04-18"
"picture frames with matte","917","35","1199","6","0.5","10","28.57","1","10.0","21.84","27.99","2","4","1","0","0.0","0",,,,"0","0","0","0","0.0","0",,,,"0","0","0","2026-04-18"
"floating shelves for wall rounded edges","767","19","389","9","2.31","8","42.11","1","12.5","89.99","89.99","0","7","1","3","15.79","0","0.0","119.99",,"0","3","0","1","5.26","0","0.0","119.99",,"0","1","0","2026-04-18"
"poster frame 24 x 36","896","92","2798","6","0.21","30","32.61","1","3.33","36.99","26.99","0","9","9","11","11.96","0","0.0","36.99",,"0","4","3","4","4.35","0","0.0","36.99",,"0","3","1","2026-04-18"
"rustic brown shelves 9.5"" deep","824","12","265","8","3.02","8","66.67","1","12.5","47.97","24.99","0","0","3","0","0.0","0",,,,"0","0","0","0","0.0","0",,,,"0","0","0","2026-04-18"
"16x24 natural oak frame with real glass","404","4","88","12","13.64","3","75.0","2","66.67","45.99","45.99","0","3","0","1","25.0","0","0.0","39.19",,"0","1","0","0","0.0","0",,,,"0","0","0","2026-04-18"
"wall shelves 34 inches long 12 deep","545","9","510","20","3.92","10","111.11","1","10.0","47.49","51.99","0","0","0","0","0.0","0",,,,"0","0","0","0","0.0","0",,,,"0","0","0","2026-04-18"
"white shelves 11 inches deep with legs","785","5","99","9","9.09","3","60.0","1","33.33","63.99","63.99","0","0","1","0","0.0","0",,,,"0","0","0","0","0.0","0",,,,"0","0","0","2026-04-18"
"11x14 with mat picture frame","150","90","2348","13","0.55","47","52.22","1","2.13","18.99","20.99","6","30","9","13","14.44","1","7.69","19.69","20.99","1","8","3","4","4.44","0","0.0","19.69",,"0","3","1","2026-04-18"
"22x28 puzzle frame with mat","226","10","216","2","0.93","5","50.0","1","20.0","34.99","64.99","0","0","1","1","10.0","1","100.0","64.99","64.99","0","0","0","0","0.0","0",,,,"0","0","0","2026-04-18"
"black shelves","358","4927","123608","68","0.06","1554","31.54","1","0.06","26.99","24.99","225","488","277","487","9.88","0","0.0","24.99",,"79","160","83","74","1.5","0","0.0","21.99",,"25","29","11","2026-04-18"
"sturdy wood shelf","72","33","672","2","0.3","11","33.33","1","9.09","44.99","24.99","0","1","1","2","6.06","1","50.0","24.99","24.99","0","0","1","1","3.03","1","100.0","24.99","24.99","0","0","1","2026-04-18"
"18 x 24 frame with mat","537","302","9050","22","0.24","115","38.08","1","0.87","34.99","64.99","1","28","46","23","7.62","0","0.0","33.99",,"0","5","11","5","1.66","0","0.0","34.99",,"0","1","2","2026-04-18"
"5.5 foot wood floating shelf","180","2","44","6","13.64","1","50.0","1","100.0","131.99","131.99","0","0","1","1","50.0","1","100.0","131.99","131.99","0","0","1","0","0.0","0",,,,"0","0","0","2026-04-18"
"print frames latge","924","6","132","6","4.55","4","66.67","1","25.0","26.99","26.99","0","1","1","0","0.0","0",,,,"0","0","0","0","0.0","0",,,,"0","0","0","2026-04-18"
"wood framed wall art","437","496","12841","7","0.05","152","30.65","2","1.32","25.99","27.99","6","69","42","15","3.02","0","0.0","23.99",,"1","7","5","1","0.2","0","0.0","35.99",,"0","1","0","2026-04-18"
"floating wall shelves wood metal","412","56","1208","48","3.97","28","50.0","1","3.57","21.99","51.99","4","14","9","6","10.71","0","0.0","20.99",,"2","3","1","2","3.57","0","0.0","21.99",,"1","0","1","2026-04-18"
"kitchen shelves wall mounted","461","1482","39106","75","0.19","561","37.85","0","0.0","34.95",,"51","205","161","74","4.99","0","0.0","29.9",,"6","29","19","3","0.2","0","0.0","23.99",,"0","1","2","2026-04-18"
"wood picture frames 8x10 with mat","693","19","629","12","1.91","7","36.84","1","14.29","20.69","17.99","2","3","1","1","5.26","0","0.0","9.99",,"0","1","0","1","5.26","0","0.0","9.99",,"0","1","0","2026-04-18"
"western wall shelf","654","39","848","13","1.53","15","38.46","1","6.67","24.99","24.99","1","10","3","1","2.56","0","0.0","18.99",,"0","1","0","0","0.0","0",,,,"0","0","0","2026-04-18"
"12 inch deep flowting book shelf","928","2","44","6","13.64","2","100.0","1","50.0","24.99","24.99","0","2","0","0","0.0","0",,,,"0","0","0","0","0.0","0",,,,"0","0","0","2026-04-18"
"12 inch deep wall shelf","276","86","1819","118","6.49","39","45.35","3","7.69","29.99","24.99","1","17","12","5","5.81","0","0.0","58.49",,"0","1","3","1","1.16","0","0.0","65.99",,"0","0","1","2026-04-18"
"white shelf 8inch deepth","732","6","134","10","7.46","1","16.67","1","100.0","41.99","41.99","0","1","0","0","0.0","0",,,,"0","0","0","0","0.0","0",,,,"0","0","0","2026-04-18"
"30 inch live edge floating shelf","978","13","266","5","1.88","10","76.92","1","10.0","91.99","94.99","0","0","0","0","0.0","0",,,,"0","0","0","0","0.0","0",,,,"0","0","0","2026-04-18"
"floating book shelves for wall","713","7593","177265","48","0.03","3094","40.75","0","0.0","26.98",,"353","1423","678","695","9.15","0","0.0","25.87",,"75","317","177","98","1.29","0","0.0","24.95",,"19","51","14","2026-04-18"
"matting for picture frames","528","514","14457","23","0.16","126","24.51","1","0.79","12.59","38.99","3","66","24","28","5.45","0","0.0","11.99",,"1","19","5","11","2.14","0","0.0","11.99",,"0","8","3","2026-04-18"
"80x 60cm frame","953","2","120","6","5.0","1","50.0","1","100.0","81.99","81.99","0","0","1","0","0.0","0",,,,"0","0","0","0","0.0","0",,,,"0","0","0","2026-04-18"
"live edge floating shelves 48 inch","410","23","553","48","8.68","14","60.87","1","7.14","94.99","102.99","0","4","4","2","8.7","0","0.0","134.41",,"0","1","0","1","4.35","0","0.0","134.41",,"0","0","0","2026-04-18"
"22x28 puzzle frame","867","106","2598","7","0.27","53","50.0","1","1.89","33.97","64.99","0","9","18","19","17.92","0","0.0","33.97",,"0","4","6","9","8.49","0","0.0","30.43",,"0","2","4","2026-04-18"
"wooden wide shelf","231","8","166","2","1.2","3","37.5","1","33.33","24.99","24.99","0","0","2","1","12.5","1","100.0","24.99","24.99","0","0","0","0","0.0","0",,,,"0","0","0","2026-04-18"
"8x10 matted picture frame 11x14","585","586","15616","55","0.35","267","45.56","0","0.0","17.09",,"43","141","61","102","17.41","0","0.0","16.99",,"19","53","20","49","8.36","0","0.0","11.99",,"14","24","9","2026-04-18"
"wooden picture frames natural finish","323","838","18748","58","0.31","253","30.19","2","0.79","20.99","45.99","20","118","49","58","6.92","0","0.0","22.99",,"3","28","9","19","2.27","0","0.0","22.61",,"1","9","4","2026-04-18"
"wooden rustic picture frames 18 x 24 matted","854","20","443","7","1.58","7","35.0","1","14.29","62.99","64.99","0","1","5","1","5.0","0","0.0","68.99",,"0","0","1","0","0.0","0",,,,"0","0","0","2026-04-18"
"30 wood floating shelves","210","27","554","3","0.54","11","40.74","1","9.09","47.99","114.99","0","1","9","2","7.41","1","50.0","114.99","114.99","0","0","2","1","3.7","0","0.0","89.99",,"0","0","1","2026-04-18"
"floating shelf","464","28070","754095","75","0.01","10076","35.9","0","0.0","24.98",,"1622","4229","1852","1500","5.34","0","0.0","20.99",,"287","643","241","373","1.33","0","0.0","19.99",,"98","178","47","2026-04-18"
"laminated wall shelf","735","19","395","10","2.53","4","21.05","1","25.0","29.99","24.99","0","2","1","0","0.0","0",,,,"0","0","0","0","0.0","0",,,,"0","0","0","2026-04-18"
"12 inch di. shef","781","3","93","9","9.68","2","66.67","1","50.0","24.99","24.99","0","2","0","0","0.0","0",,,,"0","0","0","0","0.0","0",,,,"0","0","0","2026-04-18"
"84 inch wood floating shelf","498","40","1624","27","1.66","21","52.5","1","4.76","170.99","174.99","0","5","3","1","2.5","0","0.0","154.99",,"0","0","1","0","0.0","0",,,,"0","0","0","2026-04-18"
"wall shelf without drilling","825","28","571","8","1.4","14","50.0","1","7.14","14.35","24.99","1","7","3","4","14.29","0","0.0","17.99",,"0","3","1","0","0.0","0",,,,"0","0","0","2026-04-18"
"gaming shelf","136","1215","31676","19","0.06","405","33.33","1","0.25","49.99","26.99","19","147","78","106","8.72","1","0.94","49.98","26.99","3","40","18","11","0.91","0","0.0","42.99",,"2","5","1","2026-04-18"
"30x42 brass frame with mat","862","8","192","7","3.65","7","87.5","1","14.29","87.99","75.65","0","0","3","0","0.0","0",,,,"0","0","0","0","0.0","0",,,,"0","0","0","2026-04-18"
"50 x 70cm frame","844","40","1132","7","0.62","13","32.5","1","7.69","30.99","26.99","0","1","4","4","10.0","0","0.0","30.99",,"0","1","0","1","2.5","0","0.0","27.92",,"0","0","0","2026-04-18"
"silver metal floating wall shelves","918","12","246","6","2.44","6","50.0","1","16.67","24.99","24.99","0","1","1","0","0.0","0",,,,"0","0","0","0","0.0","0",,,,"0","0","0","2026-04-18"
"picture frame odd size","39","14","830","8","0.96","6","42.86","1","16.67","41.99","67.99","0","0","0","1","7.14","1","100.0","67.99","67.99","0","0","0","1","7.14","1","100.0","67.99","67.99","0","0","0","2026-04-18"
"easy to install bedroom shelves for wall","422","4","88","8","9.09","4","100.0","2","50.0","20.8","24.99","0","2","0","0","0.0","0",,,,"0","0","0","0","0.0","0",,,,"0","0","0","2026-04-18"
"heavy duty bookshelf black wall","71","2","43","2","4.65","1","50.0","1","100.0","26.99","26.99","0","0","0","1","50.0","1","100.0","26.99","26.99","0","0","0","1","50.0","1","100.0","26.99","26.99","0","0","0","2026-04-18"
"16x24 poster frame maple","957","13","750","5","0.67","3","23.08","1","33.33","45.99","45.99","0","0","2","0","0.0","0",,,,"0","0","0","0","0.0","0",,,,"0","0","0","2026-04-18"
"46 x 36 frame","990","21","412","5","1.21","10","47.62","1","10.0","83.99","83.99","0","0","4","4","19.05","0","0.0","71.99",,"0","0","2","1","4.76","0","0.0","209.99",,"0","0","0","2026-04-18"
"floating shelves matte natural live edge","504","26","1168","26","2.23","9","34.62","1","11.11","94.99","102.99","0","0","6","0","0.0","0",,,,"0","0","0","0","0.0","0",,,,"0","0","0","2026-04-18"
"modern picture frames 8x10","236","42","863","2","0.23","20","47.62","1","5.0","21.99","17.99","5","9","3","6","14.29","1","16.67","21.99","17.99","4","1","0","2","4.76","0","0.0","7.98",,"1","1","0","2026-04-18"
"8.5 x 11 frame wood","141","55","1548","16","1.03","27","49.09","1","3.7","9.99","24.99","0","20","5","13","23.64","1","7.69","9.99","24.99","0","9","2","8","14.55","0","0.0","9.99",,"0","6","1","2026-04-18"
"kitchen shelf 12 by 8","774","6","133","9","6.77","3","50.0","1","33.33","24.99","24.99","0","0","1","0","0.0","0",,,,"0","0","0","0","0.0","0",,,,"0","0","0","2026-04-18"
"8x10 wood frame mat 5x7","177","5","109","6","5.5","3","60.0","1","33.33","17.99","17.99","0","0","1","1","20.0","1","100.0","17.99","17.99","0","0","1","0","0.0","0",,,,"0","0","0","2026-04-18"
"oak 8x10 wood picture frame","590","32","658","17","2.58","14","43.75","1","7.14","18.99","17.99","1","9","0","4","12.5","0","0.0","19.99",,"1","3","0","0","0.0","0",,,,"0","0","0","2026-04-18"
"small floating shelf","424","3030","77815","82","0.11","1312","43.3","0","0.0","14.82",,"139","742","238","261","8.61","0","0.0","13.99",,"23","150","41","75","2.48","0","0.0","11.99",,"11","42","13","2026-04-18"
"8.5 by 11 picture frame with kickstand","66","1","18","2","11.11","2","200.0","1","50.0","15.97","21.99","0","0","1","2","200.0","1","50.0","15.97","21.99","0","0","1","1","100.0","1","100.0","21.99","21.99","0","0","1","2026-04-18"
"hanging bookshelf","671","2649","63078","49","0.08","866","32.69","0","0.0","27.99",,"48","320","229","181","6.83","0","0.0","27.97",,"13","64","52","17","0.64","0","0.0","28.99",,"0","7","7","2026-04-18"
"shelves","102","134454","3401653","426","0.01","38662","28.75","0","0.0","35.99",,"4878","11400","6315","7695","5.72","0","0.0","29.99",,"1126","2395","1222","1357","1.01","0","0.0","29.99",,"319","504","186","2026-04-18"
"5x7 frame","281","5636","169931","168","0.1","2277","40.4","1","0.04","9.99","16.99","290","1342","394","1043","18.51","0","0.0","8.99",,"151","617","175","475","8.43","0","0.0","7.99",,"91","288","64","2026-04-18"
"farmhouse picture frame wood","263","2","45","1","2.22","7","350.0","1","14.29","18.04","17.99","1","2","2","7","350.0","1","14.29","18.04","17.99","1","2","2","0","0.0","0",,,,"0","0","0","2026-04-18"
"8x10 frame oak","523","25","767","23","3.0","17","68.0","1","5.88","19.79","17.99","1","8","6","3","12.0","0","0.0","22.99",,"0","1","1","1","4.0","0","0.0","19.79",,"0","1","0","2026-04-18"
"wood frame 16x24","549","39","905","20","2.21","21","53.85","1","4.76","39.99","45.99","0","3","11","4","10.26","0","0.0","27.99",,"0","2","1","1","2.56","0","0.0","27.99",,"0","1","0","2026-04-18"
"estantes flotantes de pared","919","5347","118744","43","0.04","1868","34.94","0","0.0","24.98",,"266","558","210","260","4.86","0","0.0","23.99",,"51","77","34","46","0.86","0","0.0","20.8",,"13","16","9","2026-04-18"
"white shelves would golden brackets","758","6","127","9","7.09","2","33.33","1","50.0","43.19","48.99","0","0","1","0","0.0","0",,,,"0","0","0","0","0.0","0",,,,"0","0","0","2026-04-18"
"24 inch wall shelves","533","105","3568","22","0.62","61","58.1","1","1.64","35.99","51.99","1","30","19","6","5.71","0","0.0","29.99",,"0","2","3","2","1.9","0","0.0","37.99",,"0","0","1","2026-04-18"
"8x10 wall picture frame","220","414","12123","3","0.02","162","39.13","1","0.62","15.99","17.99","40","81","15","72","17.39","1","1.39","15.99","17.99","21","36","5","18","4.35","0","0.0","9.99",,"5","9","1","2026-04-18"
"wall frames","741","2532","71300","47","0.07","660","26.07","0","0.0","24.99",,"75","308","156","162","6.4","0","0.0","21.84",,"20","81","26","17","0.67","0","0.0","19.99",,"2","11","2","2026-04-18"
"white shelf for wall silver brackets","946","4","90","6","6.67","1","25.0","1","100.0","41.99","41.99","0","0","1","0","0.0","0",,,,"0","0","0","0","0.0","0",,,,"0","0","0","2026-04-18"
"floating shelves wood","469","1176","30736","36","0.12","552","46.94","1","0.18","34.99","114.99","76","219","107","72","6.12","0","0.0","29.99",,"11","28","13","18","1.53","0","0.0","28.99",,"4","8","3","2026-04-18"
"rounded edge frame 8x10","747","4","88","10","11.36","2","50.0","1","50.0","18.99","18.99","0","2","0","0","0.0","0",,,,"0","0","0","0","0.0","0",,,,"0","0","0","2026-04-18"
"matted frame 20x24","828","23","504","8","1.59","12","52.17","1","8.33","39.99","45.99","0","5","5","1","4.35","0","0.0","29.58",,"0","1","0","0","0.0","0",,,,"0","0","0","2026-04-18"
"white floating shelves for wall","355","2757","66676","69","0.1","1292","46.86","1","0.08","25.99","24.99","184","643","252","315","11.43","0","0.0","23.99",,"52","158","53","73","2.65","0","0.0","23.97",,"19","31","12","2026-04-18"
"elm floating shelves","645","44","1187","51","4.3","29","65.91","0","0.0","99.99",,"1","3","16","1","2.27","0","0.0","99.99",,"0","0","1","0","0.0","0",,,,"0","0","0","2026-04-18"
"tablas esquineras para sala","258","10","214","1","0.47","6","60.0","1","16.67","119.98","48.99","0","0","1","3","30.0","1","33.33","48.99","48.99","0","0","0","0","0.0","0",,,,"0","0","0","2026-04-18"
"16 x 20 art frame","631","83","2010","14","0.7","39","46.99","1","2.56","29.99","27.99","4","4","12","8","9.64","0","0.0","23.99",,"1","0","3","6","7.23","0","0.0","22.99",,"1","0","1","2026-04-18"
"8x10 arch picture frame","260","4","82","1","1.22","2","50.0","1","50.0","17.99","17.99","0","2","0","2","50.0","1","50.0","17.99","17.99","0","2","0","0","0.0","0",,,,"0","0","0","2026-04-18"
"17 x 24 frame","908","202","5782","6","0.1","75","37.13","1","1.33","25.99","45.99","0","16","18","31","15.35","0","0.0","25.99",,"0","8","6","13","6.44","0","0.0","25.99",,"0","5","4","2026-04-18"
"16x20 frames","278","18491","451321","69","0.02","7146","38.65","4","0.06","25.49","38.99","489","2343","2373","2891","15.63","0","0.0","23.49",,"228","1010","964","1117","6.04","0","0.0","23.49",,"119","446","373","2026-04-18"
"white floating shelf","350","1955","54215","77","0.14","829","42.4","1","0.12","26.82","24.99","110","360","207","181","9.26","0","0.0","24.99",,"20","85","42","41","2.1","0","0.0","24.98",,"7","23","9","2026-04-18"
"large weight bearing shelves for wall","881","6","126","6","4.76","3","50.0","1","33.33","24.99","24.99","0","3","0","0","0.0","0",,,,"0","0","0","0","0.0","0",,,,"0","0","0","2026-04-18"
"wood frames 8 x 10 with mat","40","4","240","7","2.92","1","25.0","1","100.0","22.99","22.99","0","1","0","1","25.0","1","100.0","22.99","22.99","0","1","0","1","25.0","1","100.0","22.99","22.99","0","1","0","2026-04-18"
"6”x 8” picture frame","208","4","72","4","5.56","2","50.0","1","50.0","9.25","18.99","0","2","0","1","25.0","1","100.0","18.99","18.99","0","1","0","0","0.0","0",,,,"0","0","0","2026-04-18"
"double matted picture frames","694","214","4566","12","0.26","81","37.85","1","1.23","19.99","27.99","0","50","25","4","1.87","0","0.0","39.99",,"0","2","0","1","0.47","0","0.0","22.99",,"0","1","0","2026-04-18"
"wall shelves 8 inches deep","289","44","977","28","2.87","20","45.45","4","20.0","38.97","44.99","2","3","5","3","6.82","0","0.0","38.97",,"0","1","1","3","6.82","0","0.0","38.97",,"0","1","1","2026-04-18"
"white shelf for wall","471","1932","48894","72","0.15","769","39.8","0","0.0","23.99",,"111","324","159","200","10.35","0","0.0","23.97",,"28","91","40","35","1.81","0","0.0","19.99",,"6","17","7","2026-04-18"
"book shelves for wall","463","2094","52309","75","0.14","744","35.53","0","0.0","29.97",,"68","334","144","144","6.88","0","0.0","29.97",,"19","69","28","15","0.72","0","0.0","29.97",,"2","7","5","2026-04-18"
"kitchen furniture","269","2781","71382","1","0.0","949","34.12","1","0.11","135.89","26.99","41","106","88","215","7.73","1","0.47","108.42","26.99","16","39","27","7","0.25","0","0.0","99.98",,"1","3","0","2026-04-18"
"natural wood floating shelves","391","987","25760","92","0.36","418","42.35","0","0.0","41.29",,"23","177","104","78","7.9","0","0.0","34.99",,"4","34","19","8","0.81","0","0.0","29.39",,"1","3","2","2026-04-18"
"20x28 picture frame","809","2768","63893","8","0.01","1170","42.27","1","0.09","29.99","64.99","8","346","416","471","17.02","0","0.0","29.99",,"4","137","178","186","6.72","0","0.0","29.99",,"1","67","72","2026-04-18"
"22x28 wood frame 18x24","686","6","132","12","9.09","5","83.33","1","20.0","57.99","64.99","0","0","2","1","16.67","0","0.0","57.99",,"0","0","1","0","0.0","0",,,,"0","0","0","2026-04-18"
"8 inch wall shelf","452","80","1974","40","2.03","36","45.0","1","2.78","15.99","24.99","2","18","13","3","3.75","0","0.0","19.99",,"0","0","2","1","1.25","0","0.0","13.99",,"0","0","1","2026-04-18"
"light weight frames","235","7","223","2","0.9","5","71.43","1","20.0","12.99","26.99","1","4","0","4","57.14","1","25.0","12.99","26.99","1","3","0","0","0.0","0",,,,"0","0","0","2026-04-18"
"solid wood floating shelves","20","796","22026","147","0.67","381","47.86","3","0.79","69.99","114.99","8","117","163","33","4.15","1","3.03","69.99","114.99","0","15","9","8","1.01","1","12.5","65.99","114.99","0","4","2","2026-04-18"
"wall plant holder wood shelf gray","206","4","88","4","4.55","3","75.0","1","33.33","19.99","27.99","0","2","1","1","25.0","1","100.0","27.99","27.99","0","0","1","0","0.0","0",,,,"0","0","0","2026-04-18"
"20 x 30 picture frame tampered glass solid wood","123","3","60","3","5.0","3","100.0","2","66.67","57.99","57.99","0","1","0","1","33.33","1","100.0","57.99","57.99","0","0","0","0","0.0","0",,,,"0","0","0","2026-04-18"
"frame with mat 24x30","888","3","63","6","9.52","2","66.67","1","50.0","73.99","73.99","0","0","1","0","0.0","0",,,,"0","0","0","0","0.0","0",,,,"0","0","0","2026-04-18"
"selfs","674","615","14526","49","0.34","164","26.67","0","0.0","25.99",,"17","45","28","39","6.34","0","0.0","25.99",,"4","12","9","2","0.33","0","0.0","29.99",,"0","0","1","2026-04-18"
"white shelves","326","8343","203593","94","0.05","3261","39.09","1","0.03","29.99","48.99","334","1176","670","940","11.27","0","0.0","27.99",,"108","364","175","114","1.37","0","0.0","22.99",,"24","57","16","2026-04-18"
"24x18 matted frame","194","45","1365","4","0.29","24","53.33","1","4.17","34.99","64.99","2","7","6","5","11.11","1","20.0","34.99","64.99","0","1","2","1","2.22","0","0.0","30.99",,"0","0","0","2026-04-18"
"heavy duty live edge shelf","898","2","82","6","7.32","3","150.0","1","33.33","114.99","114.99","0","1","1","0","0.0","0",,,,"0","0","0","0","0.0","0",,,,"0","0","0","2026-04-18"
"24x14 shelf","637","26","575","14","2.43","11","42.31","1","9.09","29.99","51.99","0","1","6","0","0.0","0",,,,"0","0","0","0","0.0","0",,,,"0","0","0","2026-04-18"
"15” rustic wood shelf","980","4","88","5","5.68","2","50.0","1","50.0","19.99","63.99","0","1","0","0","0.0","0",,,,"0","0","0","0","0.0","0",,,,"0","0","0","2026-04-18"
"30x40 picture frame","426","1738","44666","82","0.18","737","42.41","0","0.0","55.99",,"18","117","237","197","11.33","0","0.0","49.99",,"9","38","64","56","3.22","0","0.0","49.87",,"6","11","20","2026-04-18"
"heavy duty shelf","298","2151","61958","50","0.08","829","38.54","3","0.36","54.99","51.99","20","97","104","125","5.81","0","0.0","55.99",,"6","23","9","29","1.35","0","0.0","66.49",,"4","8","2","2026-04-18"
"floating white shelf","691","222","6724","12","0.18","83","37.39","1","1.2","24.99","48.99","13","32","16","21","9.46","0","0.0","24.98",,"2","9","3","5","2.25","0","0.0","24.99",,"0","3","2","2026-04-18"
"wall shelves for bedroom","565","9864","237802","56","0.02","3512","35.6","0","0.0","25.19",,"555","1442","678","782","7.93","0","0.0","23.99",,"143","300","145","120","1.22","0","0.0","20.99",,"37","58","10","2026-04-18"
"8x10 thin wood frame","570","10","330","18","5.45","12","120.0","1","8.33","18.99","19.99","0","9","3","0","0.0","0",,,,"0","0","0","0","0.0","0",,,,"0","0","0","2026-04-18"
"grey bracket shelves farmhouse 48’","395","11","241","15","6.22","4","36.36","2","50.0","51.99","27.99","0","0","0","1","9.09","0","0.0","69.99",,"0","0","0","0","0.0","0",,,,"0","0","0","2026-04-18"
"picture frame","273","22448","693212","142","0.02","4850","21.61","3","0.06","13.49","49.99","770","2146","820","1603","7.14","0","0.0","9.99",,"328","763","253","541","2.41","0","0.0","7.99",,"169","273","65","2026-04-18"
"wall mounted shelves 10 inch deep","666","17","435","13","2.99","13","76.47","1","7.69","56.99","63.99","0","4","5","1","5.88","0","0.0","29.82",,"0","1","0","1","5.88","0","0.0","29.82",,"0","1","0","2026-04-18"
"24 x 36 rounded corner poster frame with plexiglass","232","10","222","2","0.9","7","70.0","1","14.29","75.99","76.99","0","0","0","2","20.0","1","50.0","69.99","76.99","0","0","0","0","0.0","0",,,,"0","0","0","2026-04-18"
"36inch inch wood shelf grey","406","6","126","12","9.52","6","100.0","2","33.33","49.49","24.99","0","2","0","0","0.0","0",,,,"0","0","0","0","0.0","0",,,,"0","0","0","2026-04-18"
"10 inch deep floating wall shelf white","944","3","64","6","9.38","1","33.33","1","100.0","24.99","24.99","0","0","1","0","0.0","0",,,,"0","0","0","0","0.0","0",,,,"0","0","0","2026-04-18"
"18x24 frame with mat for 16x20 print","149","27","741","13","1.75","23","85.19","1","4.35","37.43","49.99","0","7","11","10","37.04","1","10.0","30.99","49.99","0","4","5","7","25.93","0","0.0","30.99",,"0","2","4","2026-04-18"
"24x36 wood frame with glass matted to 20x30","991","5","103","5","4.85","9","180.0","1","11.11","83.99","78.99","0","0","4","0","0.0","0",,,,"0","0","0","0","0.0","0",,,,"0","0","0","2026-04-18"
"oak picture frame","352","68","2277","36","1.58","27","39.71","2","7.41","17.99","16.99","4","12","0","3","4.41","0","0.0","14.99",,"0","1","0","1","1.47","0","0.0","47.69",,"0","1","0","2026-04-18"
"lawrence 5x7 frame","26","21","872","10","1.15","22","104.76","2","9.09","18.56","16.99","0","19","1","2","9.52","1","50.0","16.99","16.99","0","1","0","2","9.52","1","50.0","16.99","16.99","0","1","0","2026-04-18"
"wall shelves 8in depth","467","19","377","37","9.81","5","26.32","1","20.0","32.29","27.99","0","0","5","2","10.53","0","0.0","39.99",,"0","0","2","0","0.0","0",,,,"0","0","0","2026-04-18"
"deep wall shelf","337","327","9848","84","0.85","154","47.09","1","0.65","29.99","24.99","15","60","38","22","6.73","0","0.0","29.99",,"3","5","7","7","2.14","0","0.0","28.37",,"2","2","2","2026-04-18"
"minimalist picture frame","915","66","1458","6","0.41","34","51.52","1","2.94","14.99","17.45","2","17","9","5","7.58","0","0.0","16.99",,"0","2","3","0","0.0","0",,,,"0","0","0","2026-04-18"
"floating shelves live edge","314","187","5015","144","2.87","66","35.29","0","0.0","89.99",,"1","15","19","6","3.21","0","0.0","45.98",,"0","2","2","1","0.53","0","0.0","29.99",,"0","0","0","2026-04-18"
"repisas grandes para pared","717","24","487","11","2.26","8","33.33","1","12.5","28.49","24.99","0","2","1","1","4.17","0","0.0","45.99",,"0","0","0","0","0.0","0",,,,"0","0","0","2026-04-18"
"wood shelf for wall 8 inch deep","204","2","44","4","9.09","1","50.0","1","100.0","24.99","24.99","0","0","0","1","50.0","1","100.0","24.99","24.99","0","0","0","0","0.0","0",,,,"0","0","0","2026-04-18"
"8.5 x 11 frame brown","708","31","849","11","1.3","20","64.52","1","5.0","21.95","24.99","0","15","3","12","38.71","0","0.0","12.59",,"0","9","2","2","6.45","0","0.0","7.99",,"0","1","1","2026-04-18"
"live edge wood shelf","616","128","3497","52","1.49","50","39.06","0","0.0","88.2",,"0","17","10","8","6.25","0","0.0","85.0",,"0","4","1","1","0.78","0","0.0","26.99",,"0","0","1","2026-04-18"
"wood picture frames 8x10","126","566","16949","39","0.23","196","34.63","1","0.51","19.95","17.99","23","109","35","43","7.6","1","2.33","18.99","17.99","6","24","8","14","2.47","0","0.0","13.99",,"3","7","2","2026-04-18"
"12 in wall shelf","945","20","448","6","1.34","9","45.0","1","11.11","14.5","26.99","1","6","1","2","10.0","0","0.0","10.99",,"0","2","0","0","0.0","0",,,,"0","0","0","2026-04-18"
"black wall mounted shelves 12 deep 55 wide","633","7","420","14","3.33","9","128.57","1","11.11","51.99","51.99","0","3","2","0","0.0","0",,,,"0","0","0","0","0.0","0",,,,"0","0","0","2026-04-18"
"8x10 frame with mat","734","1197","36519","47","0.13","520","43.44","0","0.0","14.99",,"81","304","93","183","15.29","0","0.0","7.99",,"42","113","17","92","7.69","0","0.0","7.98",,"22","59","6","2026-04-18"
"shelves for room wall gray with/rectangle shelf","859","22","577","7","1.21","16","72.73","1","6.25","59.99","27.99","0","3","3","0","0.0","0",,,,"0","0","0","0","0.0","0",,,,"0","0","0","2026-04-18"
"floating wall shelves 12 width","688","3","66","12","18.18","2","66.67","1","50.0","24.99","24.99","0","0","2","0","0.0","0",,,,"0","0","0","0","0.0","0",,,,"0","0","0","2026-04-18"
"11x14 picture frame matted","782","47","1064","9","0.85","19","40.43","1","5.26","19.99","25.99","5","10","2","7","14.89","0","0.0","22.99",,"1","5","1","5","10.64","0","0.0","22.99",,"1","3","1","2026-04-18"
"picture frame for a 4 x 6 picture￼","70","2","44","2","4.55","4","200.0","1","25.0","7.15","14.99","0","3","1","1","50.0","1","100.0","14.99","14.99","0","0","1","1","50.0","1","100.0","14.99","14.99","0","0","1","2026-04-18"
"walnut floating shelves","642","2025","50895","51","0.1","974","48.1","0","0.0","39.99",,"71","380","282","159","7.85","0","0.0","39.99",,"10","57","46","22","1.09","0","0.0","34.98",,"1","9","8","2026-04-18"
"wooden frame tempered glass pack","937","3","180","6","3.33","2","66.67","1","50.0","27.99","27.99","0","0","2","0","0.0","0",,,,"0","0","0","0","0.0","0",,,,"0","0","0","2026-04-18"
"18x24 wood frame","716","823","23225","48","0.21","408","49.57","0","0.0","28.99",,"2","121","172","153","18.59","0","0.0","29.99",,"1","42","70","51","6.2","0","0.0","28.49",,"0","12","27","2026-04-18"
"vintage picture frames 8x10","172","510","13948","7","0.05","193","37.84","1","0.52","23.99","17.99","8","85","48","68","13.33","1","1.47","23.99","17.99","3","26","23","9","1.76","0","0.0","19.43",,"1","3","3","2026-04-18"
"8x10 wood picture frame","335","403","12879","49","0.38","176","43.67","2","1.14","13.49","17.99","14","103","33","48","11.91","0","0.0","11.98",,"5","27","12","20","4.96","0","0.0","11.98",,"4","12","4","2026-04-18"
"live edge wood floating shelves","302","94","2475","82","3.31","50","53.19","2","4.0","109.99","114.99","0","9","16","5","5.32","0","0.0","91.33",,"0","0","4","1","1.06","0","0.0","122.35",,"0","0","1","2026-04-18"
"white wall shelves 8 inches deep","644","8","185","14","7.57","3","37.5","1","33.33","22.99","24.99","0","3","0","1","12.5","0","0.0","19.99",,"0","1","0","1","12.5","0","0.0","19.99",,"0","1","0","2026-04-18"
"grey shelves","737","332","9549","47","0.49","102","30.72","0","0.0","34.07",,"3","41","22","26","7.83","0","0.0","33.97",,"1","11","4","7","2.11","0","0.0","33.97",,"0","3","0","2026-04-18"
"24 x 16 frame dark wood","222","3","64","3","4.69","3","100.0","1","33.33","34.99","45.99","0","1","2","3","100.0","1","33.33","34.99","45.99","0","1","2","0","0.0","0",,,,"0","0","0","2026-04-18"
"18+x+24+frame+glass+natural+narrow","176","3","180","6","3.33","3","100.0","1","33.33","49.99","49.99","0","0","1","2","66.67","1","50.0","49.99","49.99","0","0","1","0","0.0","0",,,,"0","0","0","2026-04-18"
"wooden floating shelf live exge","548","10","220","20","9.09","6","60.0","1","16.67","99.99","114.99","0","0","3","0","0.0","0",,,,"0","0","0","0","0.0","0",,,,"0","0","0","2026-04-18"
"floating shelves rounded corners","789","24","571","9","1.58","6","25.0","1","16.67","34.99","89.99","0","4","1","1","4.17","0","0.0","34.99",,"0","0","0","0","0.0","0",,,,"0","0","0","2026-04-18"
"repisa de 30 pulgadas x 28 de profundidad una sola","174","6","132","6","4.55","2","33.33","1","50.0","24.99","24.99","0","0","0","1","16.67","1","100.0","24.99","24.99","0","0","0","0","0.0","0",,,,"0","0","0","2026-04-18"
"wood picture frame","460","624","18857","75","0.4","239","38.3","0","0.0","17.09",,"14","95","47","64","10.26","0","0.0","16.19",,"6","27","14","17","2.72","0","0.0","14.95",,"0","11","4","2026-04-18"
"8 inch shelf","361","215","6213","30","0.48","82","38.14","2","2.44","21.84","24.99","10","41","24","9","4.19","0","0.0","16.99",,"2","4","3","2","0.93","0","0.0","17.99",,"1","1","0","2026-04-18"
"8x10 smooth brown frame","731","12","267","10","3.75","11","91.67","1","9.09","22.99","22.99","0","0","0","5","41.67","0","0.0","24.99",,"0","0","0","0","0.0","0",,,,"0","0","0","2026-04-18"
"rustic","943","1101","28903","6","0.02","253","22.98","1","0.4","23.99","27.99","11","67","54","103","9.36","0","0.0","19.44",,"5","24","25","3","0.27","0","0.0","7.99",,"1","1","0","2026-04-18"
"solid wood shelf board","848","52","1796","44","2.45","18","34.62","0","0.0","42.97",,"0","4","2","0","0.0","0",,,,"0","0","0","0","0.0","0",,,,"0","0","0","2026-04-18"
"manly 5x7 frame","55","3","66","3","4.55","3","100.0","1","33.33","16.99","16.99","0","2","1","2","66.67","1","50.0","15.99","16.99","0","1","1","1","33.33","1","100.0","16.99","16.99","0","0","1","2026-04-18"
"wall shelving","103","3467","99834","81","0.08","1158","33.4","2","0.17","29.99","24.99","167","422","236","191","5.51","1","0.52","25.99","24.99","33","63","41","44","1.27","0","0.0","21.99",,"9","18","12","2026-04-18"
"walnut mid century 48 inch 7 inch deep slim floating shelf","425","4","88","8","9.09","4","100.0","2","50.0","57.99","97.99","0","0","4","1","25.0","0","0.0","57.99",,"0","0","1","1","25.0","0","0.0","57.99",,"0","0","1","2026-04-18"
"12x18 picture frame matted to","438","6","156","6","3.85","12","200.0","2","16.67","35.49","45.99","0","0","10","2","33.33","0","0.0","34.99",,"0","0","2","0","0.0","0",,,,"0","0","0","2026-04-18"
"live edge 3 foot long shelf 10 inches wide","379","12","265","23","8.68","6","50.0","2","33.33","114.99","114.99","0","4","0","0","0.0","0",,,,"0","0","0","0","0.0","0",,,,"0","0","0","2026-04-18"
"legal picture frames","672","16","763","12","1.57","4","25.0","1","25.0","18.99","24.99","0","0","0","1","6.25","0","0.0","19.99",,"0","0","0","0","0.0","0",,,,"0","0","0","2026-04-18"
"floating shelves for wall 8 inch deep","285","105","2350","118","5.02","55","52.38","2","3.64","26.99","24.99","6","22","16","6","5.71","0","0.0","19.99",,"0","3","3","2","1.9","0","0.0","25.99",,"0","2","0","2026-04-18"
"picture frame glass real wood rounded corners","588","21","452","18","3.98","13","61.9","1","7.69","24.99","22.99","0","4","7","2","9.52","0","0.0","24.69",,"0","1","1","1","4.76","0","0.0","24.69",,"0","0","1","2026-04-18"
"8 1/2 x 11 picture frame","44","1606","49338","5","0.01","800","49.81","1","0.13","9.99","24.99","136","394","129","346","21.54","1","0.29","6.98","24.99","72","184","58","203","12.64","1","0.49","6.64","24.99","46","114","31","2026-04-18"
"fram ph3614","299","2404","37038","159","0.43","565","23.5","0","0.0","8.38",,"6","59","51","55","2.29","0","0.0","8.99",,"0","15","9","20","0.83","0","0.0","8.99",,"0","8","5","2026-04-18"
"marco para fotos 20x30","891","43","815","6","0.74","8","18.6","1","12.5","49.94","97701.1","0","1","0","2","4.65","0","0.0","42.99",,"0","0","0","0","0.0","0",,,,"0","0","0","2026-04-18"
"7x9 picture frame","38","680","18723","8","0.04","306","45.0","1","0.33","9.79","16.99","4","145","73","134","19.71","1","0.75","7.99","16.99","1","64","37","58","8.53","1","1.72","7.49","16.99","0","27","17","2026-04-18"
"rustic grey floating shelf 10 inches wide","860","7","129","7","5.43","5","71.43","1","20.0","49.99","27.99","0","2","1","0","0.0","0",,,,"0","0","0","0","0.0","0",,,,"0","0","0","2026-04-18"
"22x28 frame with mat classic wood","48","2","44","4","9.09","1","50.0","1","100.0","64.99","64.99","0","0","0","1","50.0","1","100.0","64.99","64.99","0","0","0","1","50.0","1","100.0","64.99","64.99","0","0","0","2026-04-18"
"live-edge bookshelf","253","1","33","1","3.03","7","700.0","1","14.29","99.74","114.99","0","2","3","3","300.0","1","33.33","99.99","114.99","0","1","1","0","0.0","0",,,,"0","0","0","2026-04-18"
"shelves wooden wall","993","77","1657","5","0.3","31","40.26","1","3.23","26.99","28.99","4","11","7","5","6.49","0","0.0","25.99",,"1","2","2","2","2.6","0","0.0","24.99",,"1","0","1","2026-04-18"
"light wood 5x7 picture frame","54","12","281","3","1.07","7","58.33","1","14.29","17.99","17.99","0","4","2","2","16.67","1","50.0","17.99","17.99","0","2","0","1","8.33","1","100.0","17.99","17.99","0","1","0","2026-04-18"
"floating wood shelf for wall","381","35","1462","22","1.5","8","22.86","2","25.0","48.32","131.99","0","3","1","1","2.86","0","0.0","64.99",,"0","0","1","1","2.86","0","0.0","64.99",,"0","0","1","2026-04-18"
"live edge floating shelf","109","290","7713","260","3.37","123","42.41","3","2.44","89.99","131.99","0","32","29","11","3.79","0","0.0","79.99",,"0","5","2","2","0.69","0","0.0","79.99",,"0","1","1","2026-04-18"
"white shelf","106","8402","213290","352","0.17","2487","29.6","1","0.04","44.58","48.99","140","685","525","703","8.37","0","0.0","44.58",,"40","195","159","60","0.71","0","0.0","32.99",,"5","30","10","2026-04-18"
"floating shelves easy install deep","885","3","60","6","10.0","3","100.0","1","33.33","29.99","24.99","0","1","2","1","33.33","0","0.0","59.99",,"0","0","1","0","0.0","0",,,,"0","0","0","2026-04-18"
"wall shelf rustic grey","318","14","311","26","8.36","12","85.71","3","25.0","28.99","27.99","0","1","3","0","0.0","0",,,,"0","0","0","0","0.0","0",,,,"0","0","0","2026-04-18"
"solid wood live edge shelf 55 inches","874","2","44","6","13.64","1","50.0","1","100.0","131.99","131.99","0","0","1","0","0.0","0",,,,"0","0","0","0","0.0","0",,,,"0","0","0","2026-04-18"
"12x16 rounded frame","155","11","301","9","2.99","9","81.82","1","11.11","25.99","25.99","0","6","1","4","36.36","1","25.0","25.99","25.99","0","2","0","0","0.0","0",,,,"0","0","0","2026-04-18"
"4x6 frame","16","3679","110564","77","0.07","1449","39.39","2","0.14","9.99","13.99","185","852","267","647","17.59","2","0.31","8.99","13.99","94","380","122","303","8.24","1","0.33","8.38","16.99","41","200","48","2026-04-18"
"laundry room shelves wall mounted","153","569","15183","10","0.07","207","36.38","1","0.48","35.99","63.99","6","91","52","36","6.33","1","2.78","35.99","63.99","1","13","9","3","0.53","0","0.0","48.99",,"0","2","1","2026-04-18"
"poster frame 24x36 matted bronze","449","4","88","4","4.55","6","150.0","2","33.33","82.99","83.99","0","0","1","0","0.0","0",,,,"0","0","0","0","0.0","0",,,,"0","0","0","2026-04-18"
"wall mounted bookshelves","511","686","20588","62","0.3","237","34.55","0","0.0","31.99",,"16","96","72","34","4.96","0","0.0","38.97",,"1","12","13","2","0.29","0","0.0","42.07",,"0","0","1","2026-04-18"
"wood shelf","18","5739","154940","745","0.48","1605","27.97","8","0.5","32.99","89.99","147","533","291","229","3.99","1","0.44","29.99","94.99","22","82","41","28","0.49","0","0.0","22.97",,"3","16","3","2026-04-18"
"black floating shelves 66.5 long","968","10","200","5","2.5","9","90.0","1","11.11","73.15","72.99","0","0","5","0","0.0","0",,,,"0","0","0","0","0.0","0",,,,"0","0","0","2026-04-18"
"6ft wall mounted shelf live edge","910","2","44","6","13.64","2","100.0","1","50.0","131.99","131.99","0","0","1","0","0.0","0",,,,"0","0","0","0","0.0","0",,,,"0","0","0","2026-04-18"
"black floating shelves","421","6604","157611","83","0.05","2951","44.69","0","0.0","24.99",,"433","1247","694","741","11.22","0","0.0","23.99",,"114","320","166","149","2.26","0","0.0","23.99",,"34","71","27","2026-04-18"
"diploma wood beaded frames","239","2","40","1","2.5","1","50.0","1","100.0","20.99","20.99","0","0","0","1","50.0","1","100.0","20.99","20.99","0","0","0","0","0.0","0",,,,"0","0","0","2026-04-18"
"36x12 black shelf with brackets","927","3","66","6","9.09","2","66.67","1","50.0","27.49","63.99","0","1","1","0","0.0","0",,,,"0","0","0","0","0.0","0",,,,"0","0","0","2026-04-18"
"solid wood frame","480","109","2593","33","1.27","72","66.06","1","1.39","19.99","17.99","8","49","7","6","5.5","0","0.0","9.99",,"0","3","2","1","0.92","0","0.0","19.99",,"0","1","0","2026-04-18"
"18x24 frame with glass","687","110","3663","12","0.33","59","53.64","1","1.69","36.99","49.99","2","13","26","14","12.73","0","0.0","36.99",,"0","7","4","7","6.36","0","0.0","36.99",,"0","4","2","2026-04-18"
"16 x 24 metal frame","947","6","202","6","2.97","3","50.0","1","33.33","44.99","45.99","0","2","0","2","33.33","0","0.0","38.99",,"0","2","0","0","0.0","0",,,,"0","0","0","2026-04-18"
"bookshelf for wall","433","490","13700","44","0.32","156","31.84","1","0.64","27.99","26.99","7","68","31","30","6.12","0","0.0","28.49",,"1","16","6","5","1.02","0","0.0","27.1",,"0","4","0","2026-04-18"
"wall shelves 12 inches deep","592","133","3596","54","1.5","70","52.63","0","0.0","35.99",,"8","31","18","10","7.52","0","0.0","34.82",,"2","3","3","2","1.5","0","0.0","33.99",,"0","0","2","2026-04-18"
"live edge floating shelf 48 inch","586","35","894","55","6.15","21","60.0","0","0.0","109.99",,"0","3","6","4","11.43","0","0.0","111.99",,"0","0","3","2","5.71","0","0.0","59.99",,"0","0","2","2026-04-18"
"24x36 poster frame","11","18658","450106","257","0.06","6897","36.97","6","0.09","42.64","81.99","51","1900","2228","2885","15.46","2","0.07","39.99","75.65","9","829","940","1008","5.4","1","0.1","39.97","75.65","4","339","347","2026-04-18"
"shelf grey","769","43","892","9","1.01","14","32.56","1","7.14","39.99","28.99","1","6","0","4","9.3","0","0.0","39.99",,"0","1","0","0","0.0","0",,,,"0","0","0","2026-04-18"
"24x30 frame with mat for 10x13 picture","875","14","800","6","0.75","7","50.0","1","14.29","47.99","73.99","0","0","3","1","7.14","0","0.0","49.99",,"0","0","0","0","0.0","0",,,,"0","0","0","2026-04-18"
"24x36 blonde frame with mat","916","6","132","6","4.55","5","83.33","1","20.0","43.99","26.99","0","0","1","2","33.33","0","0.0","42.99",,"0","0","0","1","16.67","0","0.0","82.99",,"0","0","0","2026-04-18"
"wooden frame","282","1381","38085","124","0.33","346","25.05","2","0.58","17.99","13.99","40","177","60","99","7.17","0","0.0","17.99",,"14","47","22","25","1.81","0","0.0","11.39",,"4","15","3","2026-04-18"
"live edge wood shelves","466","196","5667","74","1.31","68","34.69","0","0.0","65.99",,"6","17","12","8","4.08","0","0.0","45.98",,"2","0","1","2","1.02","0","0.0","44.99",,"0","0","0","2026-04-18"
"floating shelves 48 long","729","5","110","10","9.09","3","60.0","1","33.33","78.99","78.99","0","1","1","0","0.0","0",,,,"0","0","0","0","0.0","0",,,,"0","0","0","2026-04-18"
"wall mounted solid wood shelves with brackets","692","11","280","12","4.29","4","36.36","1","25.0","89.99","114.99","0","1","2","0","0.0","0",,,,"0","0","0","0","0.0","0",,,,"0","0","0","2026-04-18"
"decorative shelves","430","2246","58825","45","0.08","615","27.38","1","0.16","29.99","24.99","52","225","130","120","5.34","0","0.0","29.99",,"10","49","29","13","0.58","0","0.0","27.99",,"1","5","2","2026-04-18"
"72 inch floating shelf wood","802","68","1779","8","0.45","33","48.53","1","3.03","170.99","174.99","0","11","3","2","2.94","0","0.0","107.99",,"0","1","1","1","1.47","0","0.0","209.99",,"0","0","1","2026-04-18"
"12in deep wall shelf live edge","748","5","110","10","9.09","3","60.0","1","33.33","114.99","114.99","0","0","3","1","20.0","0","0.0","79.99",,"0","0","1","0","0.0","0",,,,"0","0","0","2026-04-18"
"6x8 picture frame","558","4308","109716","56","0.05","1969","45.71","0","0.0","9.25",,"123","1065","466","871","20.22","0","0.0","8.23",,"71","514","184","407","9.45","0","0.0","7.98",,"42","267","65","2026-04-18"
"white shelf with metal pipes","432","8","168","8","4.76","2","25.0","2","100.0","51.99","51.99","0","0","2","0","0.0","0",,,,"0","0","0","0","0.0","0",,,,"0","0","0","2026-04-18"
"small shelves for wall","884","1292","33946","43","0.13","505","39.09","0","0.0","15.99",,"81","250","83","150","11.61","0","0.0","15.99",,"26","66","26","30","2.32","0","0.0","13.99",,"6","18","3","2026-04-18"
"wall shelf 8 inch deep","530","30","758","23","3.03","19","63.33","1","5.26","24.99","24.99","7","8","3","6","20.0","0","0.0","20.79",,"2","1","2","1","3.33","0","0.0","20.79",,"0","0","1","2026-04-18"
"26x32 picture frames","772","9","199","9","4.52","6","66.67","1","16.67","39.55","27.99","0","0","4","0","0.0","0",,,,"0","0","0","0","0.0","0",,,,"0","0","0","2026-04-18"
"big frame","778","344","9815","46","0.47","55","15.99","0","0.0","28.49",,"11","22","9","13","3.78","0","0.0","24.99",,"4","5","1","2","0.58","0","0.0","7.09",,"1","1","0","2026-04-18"
"wooden picture frames wall","42","22","436","5","1.15","6","27.27","1","16.67","17.99","16.99","0","0","5","1","4.55","1","100.0","16.99","16.99","0","0","1","1","4.55","1","100.0","16.99","16.99","0","0","1","2026-04-18"
"11x14 picture frame no mat","32","69","2052","16","0.78","30","43.48","1","3.33","13.49","20.99","2","19","8","10","14.49","1","10.0","8.54","20.99","0","7","3","2","2.9","1","50.0","20.99","20.99","0","0","2","2026-04-18"
"12 inch wide shelf","615","277","7695","52","0.68","105","37.91","0","0.0","35.99",,"5","39","22","15","5.42","0","0.0","29.99",,"1","10","2","3","1.08","0","0.0","22.99",,"0","3","0","2026-04-18"
"deep shelf","468","490","14299","36","0.25","168","34.29","1","0.6","44.98","24.99","5","51","36","17","3.47","0","0.0","39.99",,"0","8","1","3","0.61","0","0.0","27.99",,"0","2","1","2026-04-18"
"4 x 6 thin wood frame","899","5","290","6","2.07","4","80.0","1","25.0","13.99","13.99","0","0","1","0","0.0","0",,,,"0","0","0","0","0.0","0",,,,"0","0","0","2026-04-18"
"repisa para pared de baño","246","22","454","1","0.22","23","104.55","1","4.35","20.99","44.99","0","12","3","5","22.73","1","20.0","16.99","44.99","0","2","1","0","0.0","0",,,,"0","0","0","2026-04-18"
"picture frames 16x20 oak","190","4","81","5","6.17","3","75.0","1","33.33","38.99","38.99","0","1","1","3","75.0","1","33.33","38.99","38.99","0","1","1","0","0.0","0",,,,"0","0","0","2026-04-18"
"picture frames wooden rounded","262","1","28","1","3.57","1","100.0","1","100.0","20.99","20.99","0","0","1","1","100.0","1","100.0","20.99","20.99","0","0","1","0","0.0","0",,,,"0","0","0","2026-04-18"
"p8cture frame","247","24","488","1","0.2","12","50.0","1","8.33","11.99","26.99","0","7","4","9","37.5","1","11.11","9.99","26.99","0","6","2","0","0.0","0",,,,"0","0","0","2026-04-18"
"22x28 frames","936","53","1724","6","0.35","21","39.62","1","4.76","45.98","64.99","1","3","6","9","16.98","0","0.0","34.19",,"0","2","4","1","1.89","0","0.0","30.95",,"0","1","0","2026-04-18"
"11x14 picture frame with glass","547","102","2520","20","0.79","78","76.47","1","1.28","16.32","27.99","17","38","11","19","18.63","0","0.0","15.49",,"8","7","3","11","10.78","0","0.0","15.49",,"5","6","0","2026-04-18"
"picture frame for 5x7 photo with mat","550","26","1145","20","1.75","18","69.23","1","5.56","9.99","17.99","1","6","11","3","11.54","0","0.0","9.99",,"0","3","0","1","3.85","0","0.0","5.69",,"0","1","0","2026-04-18"
"small floating shelves","339","1852","47024","46","0.1","866","46.76","2","0.23","18.68","24.99","98","449","159","132","7.13","0","0.0","15.99",,"18","65","27","28","1.51","0","0.0","12.82",,"5","17","3","2026-04-18"
"farmhouse shelf 16×12 grey","45","2","32","4","12.5","1","50.0","1","100.0","28.99","28.99","0","0","1","1","50.0","1","100.0","28.99","28.99","0","0","1","1","50.0","1","100.0","28.99","28.99","0","0","1","2026-04-18"
"wall decor","118","189227","4576450","44","0.0","48991","25.89","1","0.0","20.99","59.99","4261","18524","10369","14104","7.45","1","0.01","17.99","59.99","1516","5654","2821","795","0.42","0","0.0","12.99",,"140","392","141","2026-04-18"
"wall shelf wood","709","338","9933","11","0.11","123","36.39","1","0.81","28.49","27.99","12","56","26","20","5.92","0","0.0","26.99",,"4","10","1","4","1.18","0","0.0","23.99",,"1","1","0","2026-04-18"
"8x10 wooden picture frames dark brown","75","6","131","1","0.76","5","83.33","1","20.0","13.49","22.99","0","1","4","1","16.67","1","100.0","22.99","22.99","0","0","1","1","16.67","1","100.0","22.99","22.99","0","0","1","2026-04-18"
"peel and stick picture framing","622","39","841","15","1.78","8","20.51","1","12.5","32.0","83.99","0","1","1","0","0.0","0",,,,"0","0","0","0","0.0","0",,,,"0","0","0","2026-04-18"
"basic white wood wall shelf","822","8","178","8","4.49","4","50.0","1","25.0","22.29","41.99","0","3","1","0","0.0","0",,,,"0","0","0","0","0.0","0",,,,"0","0","0","2026-04-18"
"4x6 rustic picture frame","64","51","1729","2","0.12","21","41.18","1","4.76","12.57","16.99","0","19","2","11","21.57","1","9.09","16.89","16.99","0","10","1","3","5.88","1","33.33","7.99","16.99","0","3","0","2026-04-18"
"floating metal shelves for tv wall","455","3","180","3","1.67","2","66.67","2","100.0","24.99","24.99","0","2","0","0","0.0","0",,,,"0","0","0","0","0.0","0",,,,"0","0","0","2026-04-18"
"wooden picture frames","458","3299","93374","39","0.04","1040","31.52","1","0.1","20.74","20.99","72","500","224","363","11.0","0","0.0","18.99",,"27","179","76","59","1.79","0","0.0","18.95",,"4","39","10","2026-04-18"
"large picture frames","555","1127","33209","56","0.17","275","24.4","0","0.0","35.49",,"18","88","77","59","5.24","0","0.0","37.25",,"5","18","17","6","0.53","0","0.0","32.99",,"1","4","1","2026-04-18"
"cuadros para fotos","393","2198","49550","17","0.03","675","30.71","2","0.3","18.99","48.99","89","246","75","98","4.46","0","0.0","18.99",,"18","30","13","13","0.59","0","0.0","16.99",,"5","6","1","2026-04-18"
"4x6 wood frame","554","235","7876","56","0.71","98","41.7","0","0.0","12.99",,"8","55","12","40","17.02","0","0.0","7.99",,"7","24","4","12","5.11","0","0.0","8.99",,"1","10","1","2026-04-18"
"floating shelves bathroom live edge 24”","761","9","216","9","4.17","6","66.67","1","16.67","79.99","87.29","0","0","0","2","22.22","0","0.0","75.99",,"0","0","0","1","11.11","0","0.0","79.99",,"0","0","0","2026-04-18"
"light wood frames 5x7","803","20","457","8","1.75","11","55.0","1","9.09","19.99","16.99","0","6","1","3","15.0","0","0.0","20.99",,"0","3","0","1","5.0","0","0.0","32.99",,"0","1","0","2026-04-18"
